PARAMETER,V7_REFERENCE,CURRENT_VALUE,UNIT,SOURCE,SOURCE_REVISION,STATUS,EVIDENCE_CLASS,CONFIDENCE,ENGINEERING_PURPOSE,MISSING_INFORMATION,DEPENDENCY,RISK,NEXT_REQUIRED_EVIDENCE
Overall width,SYSTEM,500,mm,V7 R0 / R1,V7-R0/V7-R1,DESIGN_ASSUMPTION,V7 nominal concept envelope,High,Overall package definition,Not a vehicle-specific released dimension; conflicts with reconstructed envelope.,Source reconciliation + vehicle package,High,Controlled CAD/drawing + vehicle package
Overall depth,SYSTEM,520,mm,V7 R0 / R1,V7-R0/V7-R1,DESIGN_ASSUMPTION,V7 nominal concept envelope,High,Overall package definition,Coordinate convention conflicts with current model frame; not a released longitudinal package value.,Datum reconciliation + vehicle package,High,Controlled coordinate/datum definition
Overall height,SYSTEM,860,mm,V7 R0 / R1,V7-R0/V7-R1,DESIGN_ASSUMPTION,V7 nominal concept envelope,High,Overall package definition,Current reconstruction bbox differs from this concept envelope.,Authoritative geometry + package,High,Controlled envelope drawing + metrology
Nominal rearward recline,160/J,25,deg,V7 R0 / R1,V7-R0/V7-R1,DESIGN_ASSUMPTION,Concept-board parameter,Medium,Nominal occupant posture / packaging,Not equivalent to physical end-stop capability or vehicle-specific seating requirement.,H/R point + packaging + released hinge limits,High,Vehicle-specific seating definition
Rail nominal length,110L/110R,480,mm,V7 R0 / R1,V7-R0/V7-R1,DESIGN_ASSUMPTION,Concept-board dimension,High,Rail travel packaging,"Current reconstruction primitive is 420 mm. This is a material conflict, not a resolved dimension.",Source-to-CAD reconciliation,Critical,Authoritative rail drawing
Rail spacing,110L/110R,420,mm,V7 R0 / R1,V7-R0/V7-R1,DESIGN_ASSUMPTION,R1 CAD assumption,High,Bilateral load path / package,"Current reconstruction uses ±210 in its own frame, but frame semantics conflict with V5/R0.",Coordinate reconciliation + vehicle hardpoints,Critical,Vehicle hardpoint mapping + rail datum
Carriage width,120,450,mm,V7 R0 / R1,V7-R0/V7-R1,DESIGN_ASSUMPTION,Concept CAD assumption,High,Carriage package,Current reconstruction primitive is 470 mm in one axis.,Source-to-CAD reconciliation,High,Released carriage definition
Carriage length/depth,120,360,mm,V7 R0 / R1,V7-R0/V7-R1,DESIGN_ASSUMPTION,Concept CAD assumption,High,Carriage package,Current reconstruction primitive is 460 mm in one axis; axis meaning itself is frame-dependent.,Source-to-CAD reconciliation,High,Released carriage definition
Seat pan width,140,450,mm,V7 R0 / R1,V7-R0/V7-R1,DESIGN_ASSUMPTION,Concept CAD assumption,High,Pelvic control / packaging,Current reconstructed pan primitive 420 mm; embedded param register uses different depth.,Source-to-CAD reconciliation,High,Released pan definition
Seat pan depth,140,470,mm,V7 R0 / R1,V7-R0/V7-R1,DESIGN_ASSUMPTION,Concept CAD assumption,High,Pelvic control / packaging,Current reconstructed pan primitive 430 mm; embedded parameter register gives 500 mm.,Source-to-CAD reconciliation,Critical,Controlled seat-pan definition
Seatback width,160,450,mm,V7 R0 / R1,V7-R0/V7-R1,DESIGN_ASSUMPTION,Concept CAD assumption,High,Torso support / packaging,Current reconstruction does not expose an authoritative overall released width.,Source-to-CAD reconciliation,High,Released seatback drawing
Seatback height,160,620,mm,V7 R0 / R1,V7-R0/V7-R1,DESIGN_ASSUMPTION,Concept CAD assumption,High,Torso/head package,Embedded reconstruction parameter uses 650 mm; current model has 620 mm uprights.,Source-to-CAD reconciliation,High,Released seatback drawing
Ride-down stroke target,120/130L/130R,180,mm,V7 R0 / R1 + P0 firewall,V7-R0/V7-R1/P0,DESIGN_ASSUMPTION,"Design target, not measured",High,Energy-management travel,Not measured; separate embedded 350 mm ride-down budget exists.,Vehicle pulse + energy balance + absorber characterization,Critical,Controlled stroke + physical characterization
Lateral adjustment concept,SYSTEM,±25,mm,V7 R0,V7-R0,DESIGN_ASSUMPTION,Concept-board value,Medium,Adjustment/package,Mechanism and hardpoint definition absent.,Vehicle package + mechanism definition,High,Controlled adjustment definition
H-point placeholder X,SYSTEM,0,mm,V7 R0,V7-R0,DESIGN_ASSUMPTION,Explicit placeholder only,High,Legacy package reference,Not a regulatory H-point; must not be reused as vehicle truth.,OEM H/R point input,Critical,OEM/vehicle package
H-point placeholder Y,SYSTEM,185,mm,V7 R0,V7-R0,DESIGN_ASSUMPTION,Explicit placeholder only,High,Legacy package reference,Not a regulatory H-point; vehicle datum is absent.,OEM H/R point input,Critical,OEM/vehicle package
H-point placeholder Z,SYSTEM,330,mm,V7 R0,V7-R0,DESIGN_ASSUMPTION,Explicit placeholder only,High,Legacy package reference,Not a regulatory H-point; vehicle datum is absent.,OEM H/R point input,Critical,OEM/vehicle package
V5/R0 coordinate convention,SYSTEM,X=lateral; Y=longitudinal (front = negative Y); Z=vertical,text,V5_PARAMS / V7_R0_PACKAGE,V5 / V7-R0,SOURCE_SUPPORTED,Legacy/source definition,High,Coordinate/datum basis,Conflicts with current reconstruction and V7 R4 model frame.,Controlled frame reconciliation,Critical,Publish one controlled coordinate scheme
Current reconstruction coordinate convention,SYSTEM,X=longitudinal; Y=lateral; Z=up,text,V7_RECON_SCRIPT,V7-RC-001,MODEL_DERIVED,CAD script definition,High,Coordinate mapping,Conflicts with legacy V5/R0 convention; source-to-model transforms are not authoritative.,Frame reconciliation,Critical,Controlled model-to-vehicle transform
R4 model coordinate convention,SYSTEM,X=longitudinal carriage travel; Y=lateral vehicle-right; Z=up,text,V7_R4_MODEL,V7-RC-004,MODEL_DERIVED,Kinematic model definition,High,Kinematic frame,Not established as physical vehicle datum; inherits unresolved source mapping.,Controlled frame + hardpoints,Critical,Datum release + independent verification
Current reconstruction assembly X extent,SYSTEM,635,mm,V7_CURRENT_HIER_STEP,V7-RC-001/RC-004,MODEL_DERIVED,STEP-derived bbox,Medium,Current model envelope,Not a released requirement; differs from 500 mm nominal concept envelope.,Authoritative geometry reconciliation,Critical,Released envelope and metrology
Current reconstruction assembly Y extent,SYSTEM,900,mm,V7_CURRENT_HIER_STEP,V7-RC-001/RC-004,MODEL_DERIVED,STEP-derived bbox,Medium,Current model envelope,Not a released requirement; differs from 520 mm nominal concept envelope and is frame-dependent.,Coordinate reconciliation,Critical,Released envelope
Current reconstruction assembly Z extent,SYSTEM,870,mm,V7_CURRENT_HIER_STEP,V7-RC-001/RC-004,MODEL_DERIVED,STEP-derived bbox,Medium,Current model envelope,Not a released requirement; differs from 860 mm nominal concept envelope.,Geometry reconciliation,High,Released envelope
R0 STEP solid count,SYSTEM,40,solids,V7_R0_STEP,V7-R0,MODEL_DERIVED,STEP readback,High,Original model inventory,Not equivalent to current BOM or reconstructed solid count.,Source lineage,High,Authoritative assembly mapping
R1 STEP solid count,SYSTEM,35,solids,V7_R1_STEP,V7-R1,MODEL_DERIVED,STEP readback,High,R1 model inventory,Differs from R0 and current reconstruction.,Source lineage,High,Body mapping/traceability
Current hierarchical STEP solid count,SYSTEM,21,solids,V7_CURRENT_HIER_STEP,V7-RC-001/RC-004,MODEL_DERIVED,OpenCascade readback,High,Current reconstruction inventory,"Reconstruction count, not historical V7 binary master.",Independent body mapping,High,Controlled body identity mapping
Current BOM reference-item count,SYSTEM,16,items,V7_BOM,V7-RC-001,SOURCE_SUPPORTED,Current BOM,High,Functional reference inventory,Stable numerals are fewer than R0 named components and STEP solids.,Lineage reconciliation,High,Authoritative assembly BOM mapping
P0 true engineering value count claimed,SYSTEM,836,records,P0_COUNT_RECON,P0,SOURCE_SUPPORTED,Prior count claim,Medium,Completeness audit control,Prior artifact cannot identify all 836 records from accessible classified table.,Recover exact prior 836-row ledger,High,Authoritative value ledger
P0 category subtotal,SYSTEM,818,records,P0_COUNT_RECON,P0,SOURCE_SUPPORTED,Arithmetic subtotal,High,Completeness audit control,Leaves 18-record delta unresolved.,Recover exact 836-row ledger,High,Authoritative value ledger
Unaccounted engineering-value delta,SYSTEM,18,records,P0_COUNT_RECON,P0,CONFLICTING,Arithmetic discrepancy documented,High,Audit integrity,Individual 18 records are not identifiable from accessible artifact set.,Prior classified ledger + provenance,Critical,Recover parameter ledger
Current reconstructed base block,100,520×520×30,mm,V7_RECON_SCRIPT,V7-RC-001,MODEL_DERIVED,CAD_SCRIPT_GEOMETRY,High,Vehicle interface/base frame,"Manufacturing feature semantics, released datums and tolerance control are absent.",Released CAD + PMI/GD&T + metrology,High,Controlled drawing/PMI + independent inspection
Current reconstructed vertical boxes,100,"40×520×120 at X=±240, Z=15",mm,V7_RECON_SCRIPT,V7-RC-001,MODEL_DERIVED,CAD_SCRIPT_GEOMETRY,High,Vehicle interface/base frame,"Manufacturing feature semantics, released datums and tolerance control are absent.",Released CAD + PMI/GD&T + metrology,High,Controlled drawing/PMI + independent inspection
Current reconstructed cross-members,100,"40×480×30 at Y=±210, Z=30",mm,V7_RECON_SCRIPT,V7-RC-001,MODEL_DERIVED,CAD_SCRIPT_GEOMETRY,High,Vehicle interface/base frame,"Manufacturing feature semantics, released datums and tolerance control are absent.",Released CAD + PMI/GD&T + metrology,High,Controlled drawing/PMI + independent inspection
Current reconstructed rail primitive,110L,420×38×42,mm,V7_RECON_SCRIPT,V7-RC-001,MODEL_DERIVED,CAD_SCRIPT_GEOMETRY,High,Left longitudinal load path,"Manufacturing feature semantics, released datums and tolerance control are absent.",Released CAD + PMI/GD&T + metrology,High,Controlled drawing/PMI + independent inspection
Current reconstructed secondary rail/guide,110L,420×24×28,mm,V7_RECON_SCRIPT,V7-RC-001,MODEL_DERIVED,CAD_SCRIPT_GEOMETRY,High,Left longitudinal load path,"Manufacturing feature semantics, released datums and tolerance control are absent.",Released CAD + PMI/GD&T + metrology,High,Controlled drawing/PMI + independent inspection
Current reconstructed placement,110L,Y=-210; Z=105 and 145,mm,V7_RECON_SCRIPT,V7-RC-001,MODEL_DERIVED,CAD_SCRIPT_GEOMETRY,Medium,Left longitudinal load path,"Manufacturing feature semantics, released datums and tolerance control are absent.",Released CAD + PMI/GD&T + metrology,High,Controlled drawing/PMI + independent inspection
Current reconstructed rail primitive,110R,420×38×42,mm,V7_RECON_SCRIPT,V7-RC-001,MODEL_DERIVED,CAD_SCRIPT_GEOMETRY,High,Right longitudinal load path,"Manufacturing feature semantics, released datums and tolerance control are absent.",Released CAD + PMI/GD&T + metrology,High,Controlled drawing/PMI + independent inspection
Current reconstructed secondary rail/guide,110R,420×24×28,mm,V7_RECON_SCRIPT,V7-RC-001,MODEL_DERIVED,CAD_SCRIPT_GEOMETRY,High,Right longitudinal load path,"Manufacturing feature semantics, released datums and tolerance control are absent.",Released CAD + PMI/GD&T + metrology,High,Controlled drawing/PMI + independent inspection
Current reconstructed placement,110R,Y=+210; Z=105 and 145,mm,V7_RECON_SCRIPT,V7-RC-001,MODEL_DERIVED,CAD_SCRIPT_GEOMETRY,Medium,Right longitudinal load path,"Manufacturing feature semantics, released datums and tolerance control are absent.",Released CAD + PMI/GD&T + metrology,High,Controlled drawing/PMI + independent inspection
Current reconstructed carriage primitive,120,470×460×28,mm,V7_RECON_SCRIPT,V7-RC-001,MODEL_DERIVED,CAD_SCRIPT_GEOMETRY,High,Seat carriage,"Manufacturing feature semantics, released datums and tolerance control are absent.",Released CAD + PMI/GD&T + metrology,High,Controlled drawing/PMI + independent inspection
Current reconstructed guide blocks,120,"55×60×40 at Y=±210, Z=205",mm,V7_RECON_SCRIPT,V7-RC-001,MODEL_DERIVED,CAD_SCRIPT_GEOMETRY,High,Seat carriage,"Manufacturing feature semantics, released datums and tolerance control are absent.",Released CAD + PMI/GD&T + metrology,High,Controlled drawing/PMI + independent inspection
Current reconstructed body primitive,130L,260×44×44,mm,V7_RECON_SCRIPT,V7-RC-001,MODEL_DERIVED,CAD_SCRIPT_GEOMETRY,High,Left ride-down energy-management module,"Manufacturing feature semantics, released datums and tolerance control are absent.",Released CAD + PMI/GD&T + metrology,High,Controlled drawing/PMI + independent inspection
Current reconstructed cylindrical element,130L,R22×60 along X,mm,V7_RECON_SCRIPT,V7-RC-001,MODEL_DERIVED,CAD_SCRIPT_GEOMETRY,High,Left ride-down energy-management module,"Manufacturing feature semantics, released datums and tolerance control are absent.",Released CAD + PMI/GD&T + metrology,High,Controlled drawing/PMI + independent inspection
Current reconstructed placement,130L,Y=-180; Z≈220/242,mm,V7_RECON_SCRIPT,V7-RC-001,MODEL_DERIVED,CAD_SCRIPT_GEOMETRY,Medium,Left ride-down energy-management module,"Manufacturing feature semantics, released datums and tolerance control are absent.",Released CAD + PMI/GD&T + metrology,High,Controlled drawing/PMI + independent inspection
Current reconstructed body primitive,130R,260×44×44,mm,V7_RECON_SCRIPT,V7-RC-001,MODEL_DERIVED,CAD_SCRIPT_GEOMETRY,High,Right ride-down energy-management module,"Manufacturing feature semantics, released datums and tolerance control are absent.",Released CAD + PMI/GD&T + metrology,High,Controlled drawing/PMI + independent inspection
Current reconstructed cylindrical element,130R,R22×60 along X,mm,V7_RECON_SCRIPT,V7-RC-001,MODEL_DERIVED,CAD_SCRIPT_GEOMETRY,High,Right ride-down energy-management module,"Manufacturing feature semantics, released datums and tolerance control are absent.",Released CAD + PMI/GD&T + metrology,High,Controlled drawing/PMI + independent inspection
Current reconstructed placement,130R,Y=+180; Z≈220/242,mm,V7_RECON_SCRIPT,V7-RC-001,MODEL_DERIVED,CAD_SCRIPT_GEOMETRY,Medium,Right ride-down energy-management module,"Manufacturing feature semantics, released datums and tolerance control are absent.",Released CAD + PMI/GD&T + metrology,High,Controlled drawing/PMI + independent inspection
Current reconstructed pan primitive,140,420×430×22,mm,V7_RECON_SCRIPT,V7-RC-001,MODEL_DERIVED,CAD_SCRIPT_GEOMETRY,High,Pelvic-control / anti-submarining pan,"Manufacturing feature semantics, released datums and tolerance control are absent.",Released CAD + PMI/GD&T + metrology,High,Controlled drawing/PMI + independent inspection
Current reconstructed side members,140,420×35×45,mm,V7_RECON_SCRIPT,V7-RC-001,MODEL_DERIVED,CAD_SCRIPT_GEOMETRY,High,Pelvic-control / anti-submarining pan,"Manufacturing feature semantics, released datums and tolerance control are absent.",Released CAD + PMI/GD&T + metrology,High,Controlled drawing/PMI + independent inspection
Current reconstructed placement,140,X=165; Y=±180; Z=215,mm,V7_RECON_SCRIPT,V7-RC-001,MODEL_DERIVED,CAD_SCRIPT_GEOMETRY,Medium,Pelvic-control / anti-submarining pan,"Manufacturing feature semantics, released datums and tolerance control are absent.",Released CAD + PMI/GD&T + metrology,High,Controlled drawing/PMI + independent inspection
Current reconstructed link primitive,150L,30×24×300,mm,V7_RECON_SCRIPT,V7-RC-001,MODEL_DERIVED,CAD_SCRIPT_GEOMETRY,High,Left seatback rotation-control link,"Manufacturing feature semantics, released datums and tolerance control are absent.",Released CAD + PMI/GD&T + metrology,High,Controlled drawing/PMI + independent inspection
Current reconstructed cylinder,150L,R14×24 along Y,mm,V7_RECON_SCRIPT,V7-RC-001,MODEL_DERIVED,CAD_SCRIPT_GEOMETRY,High,Left seatback rotation-control link,"Manufacturing feature semantics, released datums and tolerance control are absent.",Released CAD + PMI/GD&T + metrology,High,Controlled drawing/PMI + independent inspection
Current reconstructed anchor origin,150L,"(-145,-205,370)",mm,V7_RECON_SCRIPT,V7-RC-001,MODEL_DERIVED,CAD_SCRIPT_GEOMETRY,Medium,Left seatback rotation-control link,"Manufacturing feature semantics, released datums and tolerance control are absent.",Released CAD + PMI/GD&T + metrology,High,Controlled drawing/PMI + independent inspection
Current reconstructed link primitive,150R,30×24×300,mm,V7_RECON_SCRIPT,V7-RC-001,MODEL_DERIVED,CAD_SCRIPT_GEOMETRY,High,Right seatback rotation-control link,"Manufacturing feature semantics, released datums and tolerance control are absent.",Released CAD + PMI/GD&T + metrology,High,Controlled drawing/PMI + independent inspection
Current reconstructed cylinder,150R,R14×24 along Y,mm,V7_RECON_SCRIPT,V7-RC-001,MODEL_DERIVED,CAD_SCRIPT_GEOMETRY,High,Right seatback rotation-control link,"Manufacturing feature semantics, released datums and tolerance control are absent.",Released CAD + PMI/GD&T + metrology,High,Controlled drawing/PMI + independent inspection
Current reconstructed anchor origin,150R,"(-145,+205,370)",mm,V7_RECON_SCRIPT,V7-RC-001,MODEL_DERIVED,CAD_SCRIPT_GEOMETRY,Medium,Right seatback rotation-control link,"Manufacturing feature semantics, released datums and tolerance control are absent.",Released CAD + PMI/GD&T + metrology,High,Controlled drawing/PMI + independent inspection
Current reconstructed uprights,160,32×50×620 (2),mm,V7_RECON_SCRIPT,V7-RC-001,MODEL_DERIVED,CAD_SCRIPT_GEOMETRY,High,Seatback frame,"Manufacturing feature semantics, released datums and tolerance control are absent.",Released CAD + PMI/GD&T + metrology,High,Controlled drawing/PMI + independent inspection
Current reconstructed cross-members,160,32×410×50 (2),mm,V7_RECON_SCRIPT,V7-RC-001,MODEL_DERIVED,CAD_SCRIPT_GEOMETRY,High,Seatback frame,"Manufacturing feature semantics, released datums and tolerance control are absent.",Released CAD + PMI/GD&T + metrology,High,Controlled drawing/PMI + independent inspection
Current reconstructed placement,160,X=-185; Y=±205; Z=225; cross Z=235/820,mm,V7_RECON_SCRIPT,V7-RC-001,MODEL_DERIVED,CAD_SCRIPT_GEOMETRY,Medium,Seatback frame,"Manufacturing feature semantics, released datums and tolerance control are absent.",Released CAD + PMI/GD&T + metrology,High,Controlled drawing/PMI + independent inspection
Current reconstructed housing,170,90×60×45,mm,V7_RECON_SCRIPT,V7-RC-001,MODEL_DERIVED,CAD_SCRIPT_GEOMETRY,High,Multi-state lock,"Manufacturing feature semantics, released datums and tolerance control are absent.",Released CAD + PMI/GD&T + metrology,High,Controlled drawing/PMI + independent inspection
Current reconstructed pin,170,R12×60 along Y,mm,V7_RECON_SCRIPT,V7-RC-001,MODEL_DERIVED,CAD_SCRIPT_GEOMETRY,High,Multi-state lock,"Manufacturing feature semantics, released datums and tolerance control are absent.",Released CAD + PMI/GD&T + metrology,High,Controlled drawing/PMI + independent inspection
Current reconstructed lock block,170,18×54×18,mm,V7_RECON_SCRIPT,V7-RC-001,MODEL_DERIVED,CAD_SCRIPT_GEOMETRY,High,Multi-state lock,"Manufacturing feature semantics, released datums and tolerance control are absent.",Released CAD + PMI/GD&T + metrology,High,Controlled drawing/PMI + independent inspection
Current reconstructed locations,170,"housing (-80,0,320); pin (-55,-30,342)",mm,V7_RECON_SCRIPT,V7-RC-001,MODEL_DERIVED,CAD_SCRIPT_GEOMETRY,Medium,Multi-state lock,"Manufacturing feature semantics, released datums and tolerance control are absent.",Released CAD + PMI/GD&T + metrology,High,Controlled drawing/PMI + independent inspection
Current reconstructed housing,180,180×50×50,mm,V7_RECON_SCRIPT,V7-RC-001,MODEL_DERIVED,CAD_SCRIPT_GEOMETRY,High,Rebound-control module,"Manufacturing feature semantics, released datums and tolerance control are absent.",Released CAD + PMI/GD&T + metrology,High,Controlled drawing/PMI + independent inspection
Current reconstructed cylinder,180,R18×70 along X,mm,V7_RECON_SCRIPT,V7-RC-001,MODEL_DERIVED,CAD_SCRIPT_GEOMETRY,High,Rebound-control module,"Manufacturing feature semantics, released datums and tolerance control are absent.",Released CAD + PMI/GD&T + metrology,High,Controlled drawing/PMI + independent inspection
Current reconstructed locations,180,"body (115,0,250); cyl (25,0,275)",mm,V7_RECON_SCRIPT,V7-RC-001,MODEL_DERIVED,CAD_SCRIPT_GEOMETRY,Medium,Rebound-control module,"Manufacturing feature semantics, released datums and tolerance control are absent.",Released CAD + PMI/GD&T + metrology,High,Controlled drawing/PMI + independent inspection
Current reconstructed anchor blocks,190,45×40×60 (2),mm,V7_RECON_SCRIPT,V7-RC-001,MODEL_DERIVED,CAD_SCRIPT_GEOMETRY,High,Occupant restraint interface,"Manufacturing feature semantics, released datums and tolerance control are absent.",Released CAD + PMI/GD&T + metrology,High,Controlled drawing/PMI + independent inspection
Current reconstructed placement,190,X=120; Y=±235; Z=560,mm,V7_RECON_SCRIPT,V7-RC-001,MODEL_DERIVED,CAD_SCRIPT_GEOMETRY,Medium,Occupant restraint interface,"Manufacturing feature semantics, released datums and tolerance control are absent.",Released CAD + PMI/GD&T + metrology,High,Controlled drawing/PMI + independent inspection
Current reconstructed loft profiles,200,24×260 and 24×320,mm,V7_RECON_SCRIPT,V7-RC-001,MODEL_DERIVED,CAD_SCRIPT_GEOMETRY,High,Torso/head guidance,"Manufacturing feature semantics, released datums and tolerance control are absent.",Released CAD + PMI/GD&T + metrology,High,Controlled drawing/PMI + independent inspection
Current reconstructed longitudinal offset,200,120,mm,V7_RECON_SCRIPT,V7-RC-001,MODEL_DERIVED,CAD_SCRIPT_GEOMETRY,High,Torso/head guidance,"Manufacturing feature semantics, released datums and tolerance control are absent.",Released CAD + PMI/GD&T + metrology,High,Controlled drawing/PMI + independent inspection
Current reconstructed lateral placement,200,Y=±200,mm,V7_RECON_SCRIPT,V7-RC-001,MODEL_DERIVED,CAD_SCRIPT_GEOMETRY,High,Torso/head guidance,"Manufacturing feature semantics, released datums and tolerance control are absent.",Released CAD + PMI/GD&T + metrology,High,Controlled drawing/PMI + independent inspection
Current reconstructed instrument plate,210,100×80×8,mm,V7_RECON_SCRIPT,V7-RC-001,MODEL_DERIVED,CAD_SCRIPT_GEOMETRY,High,Sensor/trigger interface,"Manufacturing feature semantics, released datums and tolerance control are absent.",Released CAD + PMI/GD&T + metrology,High,Controlled drawing/PMI + independent inspection
Current reconstructed bosses,210,R6×20 (2),mm,V7_RECON_SCRIPT,V7-RC-001,MODEL_DERIVED,CAD_SCRIPT_GEOMETRY,High,Sensor/trigger interface,"Manufacturing feature semantics, released datums and tolerance control are absent.",Released CAD + PMI/GD&T + metrology,High,Controlled drawing/PMI + independent inspection
Current reconstructed placement,210,"plate (80,0,335); bosses X=110, Y=±28, Z=343",mm,V7_RECON_SCRIPT,V7-RC-001,MODEL_DERIVED,CAD_SCRIPT_GEOMETRY,Medium,Sensor/trigger interface,"Manufacturing feature semantics, released datums and tolerance control are absent.",Released CAD + PMI/GD&T + metrology,High,Controlled drawing/PMI + independent inspection
Current reconstructed hinge cylinders,J,R18×50 along Y (2),mm,V7_RECON_SCRIPT,V7-RC-001,MODEL_DERIVED,CAD_SCRIPT_GEOMETRY,High,Hinge/pivot/joint hardware,"Manufacturing feature semantics, released datums and tolerance control are absent.",Released CAD + PMI/GD&T + metrology,High,Controlled drawing/PMI + independent inspection
Current reconstructed locations,J,"X=-185; Y=-235,+185; Z=270",mm,V7_RECON_SCRIPT,V7-RC-001,MODEL_DERIVED,CAD_SCRIPT_GEOMETRY,Medium,Hinge/pivot/joint hardware,"Manufacturing feature semantics, released datums and tolerance control are absent.",Released CAD + PMI/GD&T + metrology,High,Controlled drawing/PMI + independent inspection
Embedded reconstruction parameter seat_width_mm,SYSTEM,520,mm,V7_RECON_SCRIPT,V7-RC-001,DESIGN_ASSUMPTION,CAD_SCRIPT_PARAMETER,Medium,Current reconstruction control input,Not authoritative; several values conflict with source R0/R1 and remain design assumptions.,Source-to-model reconciliation,Critical,Controlled parameter register
Embedded reconstruction parameter seat_pan_depth_mm,SYSTEM,500,mm,V7_RECON_SCRIPT,V7-RC-001,DESIGN_ASSUMPTION,CAD_SCRIPT_PARAMETER,Medium,Current reconstruction control input,Not authoritative; several values conflict with source R0/R1 and remain design assumptions.,Source-to-model reconciliation,Critical,Controlled parameter register
Embedded reconstruction parameter seatback_height_mm,SYSTEM,650,mm,V7_RECON_SCRIPT,V7-RC-001,DESIGN_ASSUMPTION,CAD_SCRIPT_PARAMETER,Medium,Current reconstruction control input,Not authoritative; several values conflict with source R0/R1 and remain design assumptions.,Source-to-model reconciliation,Critical,Controlled parameter register
Embedded reconstruction parameter rail_spacing_mm,SYSTEM,420,mm,V7_RECON_SCRIPT,V7-RC-001,DESIGN_ASSUMPTION,CAD_SCRIPT_PARAMETER,Medium,Current reconstruction control input,Not authoritative; several values conflict with source R0/R1 and remain design assumptions.,Source-to-model reconciliation,Critical,Controlled parameter register
Embedded reconstruction parameter ride_down_budget_mm,SYSTEM,350,mm,V7_RECON_SCRIPT,V7-RC-001,DESIGN_ASSUMPTION,CAD_SCRIPT_PARAMETER,Medium,Current reconstruction control input,Not authoritative; several values conflict with source R0/R1 and remain design assumptions.,Source-to-model reconciliation,Critical,Controlled parameter register
Embedded reconstruction parameter capture_frame_width_mm,SYSTEM,470,mm,V7_RECON_SCRIPT,V7-RC-001,DESIGN_ASSUMPTION,CAD_SCRIPT_PARAMETER,Medium,Current reconstruction control input,Not authoritative; several values conflict with source R0/R1 and remain design assumptions.,Source-to-model reconciliation,Critical,Controlled parameter register
Embedded reconstruction parameter rail_travel_current_baseline_mm,SYSTEM,180,mm,V7_RECON_SCRIPT,V7-RC-001,DESIGN_ASSUMPTION,CAD_SCRIPT_PARAMETER,Medium,Current reconstruction control input,Not authoritative; several values conflict with source R0/R1 and remain design assumptions.,Source-to-model reconciliation,Critical,Controlled parameter register
Embedded reconstruction parameter absorber_force_target_kN,SYSTEM,18–22,kN,V7_RECON_SCRIPT,V7-RC-001,DESIGN_ASSUMPTION,CAD_SCRIPT_PARAMETER,Medium,Current reconstruction control input,Not authoritative; several values conflict with source R0/R1 and remain design assumptions.,Source-to-model reconciliation,Critical,Controlled parameter register
Embedded H-point vehicle authority,SYSTEM,,,V7_RECON_SCRIPT,V7-RC-001,OEM_INPUT_REQUIRED,Explicit None/TO_BE_DEFINED,High,Vehicle interface,No vehicle-specific H-point.,OEM datum/H-point package,Critical,OEM vehicle data
B-Rep volume,100,13560000.0,mm3,V7_R5_MASS,V7-RC-005,MODEL_DERIVED,GEOMETRY_VOLUME,High,Mass-properties precursor,Density/material identity is not authoritative; volume is not mass.,Material identity + density,High,Controlled material and independent mass measurement
component mass,100,,kg,V7_R5_MASS,V7-RC-005,MISSING,ABSENT_VALUE,None,Vehicle interface/base frame mass property,No authoritative controlled value. Mass blocked by material/density; CG/inertia depend on mass distribution and frame.,Material specification + controlled geometry + metrology,Critical,"Material identity, density, weighed mass, CG/inertia measurement or controlled derivation"
component CG X,100,,mm,V7_R5_MASS,V7-RC-005,MISSING,ABSENT_VALUE,None,Vehicle interface/base frame mass property,No authoritative controlled value. Mass blocked by material/density; CG/inertia depend on mass distribution and frame.,Material specification + controlled geometry + metrology,Critical,"Material identity, density, weighed mass, CG/inertia measurement or controlled derivation"
component CG Y,100,,mm,V7_R5_MASS,V7-RC-005,MISSING,ABSENT_VALUE,None,Vehicle interface/base frame mass property,No authoritative controlled value. Mass blocked by material/density; CG/inertia depend on mass distribution and frame.,Material specification + controlled geometry + metrology,Critical,"Material identity, density, weighed mass, CG/inertia measurement or controlled derivation"
component CG Z,100,,mm,V7_R5_MASS,V7-RC-005,MISSING,ABSENT_VALUE,None,Vehicle interface/base frame mass property,No authoritative controlled value. Mass blocked by material/density; CG/inertia depend on mass distribution and frame.,Material specification + controlled geometry + metrology,Critical,"Material identity, density, weighed mass, CG/inertia measurement or controlled derivation"
Ixx,100,,kg·mm²,V7_R5_MASS,V7-RC-005,MISSING,ABSENT_VALUE,None,Vehicle interface/base frame mass property,No authoritative controlled value. Mass blocked by material/density; CG/inertia depend on mass distribution and frame.,Material specification + controlled geometry + metrology,Critical,"Material identity, density, weighed mass, CG/inertia measurement or controlled derivation"
Iyy,100,,kg·mm²,V7_R5_MASS,V7-RC-005,MISSING,ABSENT_VALUE,None,Vehicle interface/base frame mass property,No authoritative controlled value. Mass blocked by material/density; CG/inertia depend on mass distribution and frame.,Material specification + controlled geometry + metrology,Critical,"Material identity, density, weighed mass, CG/inertia measurement or controlled derivation"
Izz,100,,kg·mm²,V7_R5_MASS,V7-RC-005,MISSING,ABSENT_VALUE,None,Vehicle interface/base frame mass property,No authoritative controlled value. Mass blocked by material/density; CG/inertia depend on mass distribution and frame.,Material specification + controlled geometry + metrology,Critical,"Material identity, density, weighed mass, CG/inertia measurement or controlled derivation"
Ixy,100,,kg·mm²,V7_R5_MASS,V7-RC-005,MISSING,ABSENT_VALUE,None,Vehicle interface/base frame mass property,No authoritative controlled value. Mass blocked by material/density; CG/inertia depend on mass distribution and frame.,Material specification + controlled geometry + metrology,Critical,"Material identity, density, weighed mass, CG/inertia measurement or controlled derivation"
Ixz,100,,kg·mm²,V7_R5_MASS,V7-RC-005,MISSING,ABSENT_VALUE,None,Vehicle interface/base frame mass property,No authoritative controlled value. Mass blocked by material/density; CG/inertia depend on mass distribution and frame.,Material specification + controlled geometry + metrology,Critical,"Material identity, density, weighed mass, CG/inertia measurement or controlled derivation"
Iyz,100,,kg·mm²,V7_R5_MASS,V7-RC-005,MISSING,ABSENT_VALUE,None,Vehicle interface/base frame mass property,No authoritative controlled value. Mass blocked by material/density; CG/inertia depend on mass distribution and frame.,Material specification + controlled geometry + metrology,Critical,"Material identity, density, weighed mass, CG/inertia measurement or controlled derivation"
principal moments,100,,kg·mm²,V7_R5_MASS,V7-RC-005,MISSING,ABSENT_VALUE,None,Vehicle interface/base frame mass property,No authoritative controlled value. Mass blocked by material/density; CG/inertia depend on mass distribution and frame.,Material specification + controlled geometry + metrology,Critical,"Material identity, density, weighed mass, CG/inertia measurement or controlled derivation"
principal axes,100,,dimensionless/frame,V7_R5_MASS,V7-RC-005,MISSING,ABSENT_VALUE,None,Vehicle interface/base frame mass property,No authoritative controlled value. Mass blocked by material/density; CG/inertia depend on mass distribution and frame.,Material specification + controlled geometry + metrology,Critical,"Material identity, density, weighed mass, CG/inertia measurement or controlled derivation"
B-Rep volume,110L,932400.0,mm3,V7_R5_MASS,V7-RC-005,MODEL_DERIVED,GEOMETRY_VOLUME,High,Mass-properties precursor,Density/material identity is not authoritative; volume is not mass.,Material identity + density,High,Controlled material and independent mass measurement
component mass,110L,,kg,V7_R5_MASS,V7-RC-005,MISSING,ABSENT_VALUE,None,Left longitudinal load path mass property,No authoritative controlled value. Mass blocked by material/density; CG/inertia depend on mass distribution and frame.,Material specification + controlled geometry + metrology,Critical,"Material identity, density, weighed mass, CG/inertia measurement or controlled derivation"
component CG X,110L,,mm,V7_R5_MASS,V7-RC-005,MISSING,ABSENT_VALUE,None,Left longitudinal load path mass property,No authoritative controlled value. Mass blocked by material/density; CG/inertia depend on mass distribution and frame.,Material specification + controlled geometry + metrology,Critical,"Material identity, density, weighed mass, CG/inertia measurement or controlled derivation"
component CG Y,110L,,mm,V7_R5_MASS,V7-RC-005,MISSING,ABSENT_VALUE,None,Left longitudinal load path mass property,No authoritative controlled value. Mass blocked by material/density; CG/inertia depend on mass distribution and frame.,Material specification + controlled geometry + metrology,Critical,"Material identity, density, weighed mass, CG/inertia measurement or controlled derivation"
component CG Z,110L,,mm,V7_R5_MASS,V7-RC-005,MISSING,ABSENT_VALUE,None,Left longitudinal load path mass property,No authoritative controlled value. Mass blocked by material/density; CG/inertia depend on mass distribution and frame.,Material specification + controlled geometry + metrology,Critical,"Material identity, density, weighed mass, CG/inertia measurement or controlled derivation"
Ixx,110L,,kg·mm²,V7_R5_MASS,V7-RC-005,MISSING,ABSENT_VALUE,None,Left longitudinal load path mass property,No authoritative controlled value. Mass blocked by material/density; CG/inertia depend on mass distribution and frame.,Material specification + controlled geometry + metrology,Critical,"Material identity, density, weighed mass, CG/inertia measurement or controlled derivation"
Iyy,110L,,kg·mm²,V7_R5_MASS,V7-RC-005,MISSING,ABSENT_VALUE,None,Left longitudinal load path mass property,No authoritative controlled value. Mass blocked by material/density; CG/inertia depend on mass distribution and frame.,Material specification + controlled geometry + metrology,Critical,"Material identity, density, weighed mass, CG/inertia measurement or controlled derivation"
Izz,110L,,kg·mm²,V7_R5_MASS,V7-RC-005,MISSING,ABSENT_VALUE,None,Left longitudinal load path mass property,No authoritative controlled value. Mass blocked by material/density; CG/inertia depend on mass distribution and frame.,Material specification + controlled geometry + metrology,Critical,"Material identity, density, weighed mass, CG/inertia measurement or controlled derivation"
Ixy,110L,,kg·mm²,V7_R5_MASS,V7-RC-005,MISSING,ABSENT_VALUE,None,Left longitudinal load path mass property,No authoritative controlled value. Mass blocked by material/density; CG/inertia depend on mass distribution and frame.,Material specification + controlled geometry + metrology,Critical,"Material identity, density, weighed mass, CG/inertia measurement or controlled derivation"
Ixz,110L,,kg·mm²,V7_R5_MASS,V7-RC-005,MISSING,ABSENT_VALUE,None,Left longitudinal load path mass property,No authoritative controlled value. Mass blocked by material/density; CG/inertia depend on mass distribution and frame.,Material specification + controlled geometry + metrology,Critical,"Material identity, density, weighed mass, CG/inertia measurement or controlled derivation"
Iyz,110L,,kg·mm²,V7_R5_MASS,V7-RC-005,MISSING,ABSENT_VALUE,None,Left longitudinal load path mass property,No authoritative controlled value. Mass blocked by material/density; CG/inertia depend on mass distribution and frame.,Material specification + controlled geometry + metrology,Critical,"Material identity, density, weighed mass, CG/inertia measurement or controlled derivation"
principal moments,110L,,kg·mm²,V7_R5_MASS,V7-RC-005,MISSING,ABSENT_VALUE,None,Left longitudinal load path mass property,No authoritative controlled value. Mass blocked by material/density; CG/inertia depend on mass distribution and frame.,Material specification + controlled geometry + metrology,Critical,"Material identity, density, weighed mass, CG/inertia measurement or controlled derivation"
principal axes,110L,,dimensionless/frame,V7_R5_MASS,V7-RC-005,MISSING,ABSENT_VALUE,None,Left longitudinal load path mass property,No authoritative controlled value. Mass blocked by material/density; CG/inertia depend on mass distribution and frame.,Material specification + controlled geometry + metrology,Critical,"Material identity, density, weighed mass, CG/inertia measurement or controlled derivation"
B-Rep volume,110R,932400.0,mm3,V7_R5_MASS,V7-RC-005,MODEL_DERIVED,GEOMETRY_VOLUME,High,Mass-properties precursor,Density/material identity is not authoritative; volume is not mass.,Material identity + density,High,Controlled material and independent mass measurement
component mass,110R,,kg,V7_R5_MASS,V7-RC-005,MISSING,ABSENT_VALUE,None,Right longitudinal load path mass property,No authoritative controlled value. Mass blocked by material/density; CG/inertia depend on mass distribution and frame.,Material specification + controlled geometry + metrology,Critical,"Material identity, density, weighed mass, CG/inertia measurement or controlled derivation"
component CG X,110R,,mm,V7_R5_MASS,V7-RC-005,MISSING,ABSENT_VALUE,None,Right longitudinal load path mass property,No authoritative controlled value. Mass blocked by material/density; CG/inertia depend on mass distribution and frame.,Material specification + controlled geometry + metrology,Critical,"Material identity, density, weighed mass, CG/inertia measurement or controlled derivation"
component CG Y,110R,,mm,V7_R5_MASS,V7-RC-005,MISSING,ABSENT_VALUE,None,Right longitudinal load path mass property,No authoritative controlled value. Mass blocked by material/density; CG/inertia depend on mass distribution and frame.,Material specification + controlled geometry + metrology,Critical,"Material identity, density, weighed mass, CG/inertia measurement or controlled derivation"
component CG Z,110R,,mm,V7_R5_MASS,V7-RC-005,MISSING,ABSENT_VALUE,None,Right longitudinal load path mass property,No authoritative controlled value. Mass blocked by material/density; CG/inertia depend on mass distribution and frame.,Material specification + controlled geometry + metrology,Critical,"Material identity, density, weighed mass, CG/inertia measurement or controlled derivation"
Ixx,110R,,kg·mm²,V7_R5_MASS,V7-RC-005,MISSING,ABSENT_VALUE,None,Right longitudinal load path mass property,No authoritative controlled value. Mass blocked by material/density; CG/inertia depend on mass distribution and frame.,Material specification + controlled geometry + metrology,Critical,"Material identity, density, weighed mass, CG/inertia measurement or controlled derivation"
Iyy,110R,,kg·mm²,V7_R5_MASS,V7-RC-005,MISSING,ABSENT_VALUE,None,Right longitudinal load path mass property,No authoritative controlled value. Mass blocked by material/density; CG/inertia depend on mass distribution and frame.,Material specification + controlled geometry + metrology,Critical,"Material identity, density, weighed mass, CG/inertia measurement or controlled derivation"
Izz,110R,,kg·mm²,V7_R5_MASS,V7-RC-005,MISSING,ABSENT_VALUE,None,Right longitudinal load path mass property,No authoritative controlled value. Mass blocked by material/density; CG/inertia depend on mass distribution and frame.,Material specification + controlled geometry + metrology,Critical,"Material identity, density, weighed mass, CG/inertia measurement or controlled derivation"
Ixy,110R,,kg·mm²,V7_R5_MASS,V7-RC-005,MISSING,ABSENT_VALUE,None,Right longitudinal load path mass property,No authoritative controlled value. Mass blocked by material/density; CG/inertia depend on mass distribution and frame.,Material specification + controlled geometry + metrology,Critical,"Material identity, density, weighed mass, CG/inertia measurement or controlled derivation"
Ixz,110R,,kg·mm²,V7_R5_MASS,V7-RC-005,MISSING,ABSENT_VALUE,None,Right longitudinal load path mass property,No authoritative controlled value. Mass blocked by material/density; CG/inertia depend on mass distribution and frame.,Material specification + controlled geometry + metrology,Critical,"Material identity, density, weighed mass, CG/inertia measurement or controlled derivation"
Iyz,110R,,kg·mm²,V7_R5_MASS,V7-RC-005,MISSING,ABSENT_VALUE,None,Right longitudinal load path mass property,No authoritative controlled value. Mass blocked by material/density; CG/inertia depend on mass distribution and frame.,Material specification + controlled geometry + metrology,Critical,"Material identity, density, weighed mass, CG/inertia measurement or controlled derivation"
principal moments,110R,,kg·mm²,V7_R5_MASS,V7-RC-005,MISSING,ABSENT_VALUE,None,Right longitudinal load path mass property,No authoritative controlled value. Mass blocked by material/density; CG/inertia depend on mass distribution and frame.,Material specification + controlled geometry + metrology,Critical,"Material identity, density, weighed mass, CG/inertia measurement or controlled derivation"
principal axes,110R,,dimensionless/frame,V7_R5_MASS,V7-RC-005,MISSING,ABSENT_VALUE,None,Right longitudinal load path mass property,No authoritative controlled value. Mass blocked by material/density; CG/inertia depend on mass distribution and frame.,Material specification + controlled geometry + metrology,Critical,"Material identity, density, weighed mass, CG/inertia measurement or controlled derivation"
B-Rep volume,120,6317599.999999999,mm3,V7_R5_MASS,V7-RC-005,MODEL_DERIVED,GEOMETRY_VOLUME,High,Mass-properties precursor,Density/material identity is not authoritative; volume is not mass.,Material identity + density,High,Controlled material and independent mass measurement
component mass,120,,kg,V7_R5_MASS,V7-RC-005,MISSING,ABSENT_VALUE,None,Seat carriage mass property,No authoritative controlled value. Mass blocked by material/density; CG/inertia depend on mass distribution and frame.,Material specification + controlled geometry + metrology,Critical,"Material identity, density, weighed mass, CG/inertia measurement or controlled derivation"
component CG X,120,,mm,V7_R5_MASS,V7-RC-005,MISSING,ABSENT_VALUE,None,Seat carriage mass property,No authoritative controlled value. Mass blocked by material/density; CG/inertia depend on mass distribution and frame.,Material specification + controlled geometry + metrology,Critical,"Material identity, density, weighed mass, CG/inertia measurement or controlled derivation"
component CG Y,120,,mm,V7_R5_MASS,V7-RC-005,MISSING,ABSENT_VALUE,None,Seat carriage mass property,No authoritative controlled value. Mass blocked by material/density; CG/inertia depend on mass distribution and frame.,Material specification + controlled geometry + metrology,Critical,"Material identity, density, weighed mass, CG/inertia measurement or controlled derivation"
component CG Z,120,,mm,V7_R5_MASS,V7-RC-005,MISSING,ABSENT_VALUE,None,Seat carriage mass property,No authoritative controlled value. Mass blocked by material/density; CG/inertia depend on mass distribution and frame.,Material specification + controlled geometry + metrology,Critical,"Material identity, density, weighed mass, CG/inertia measurement or controlled derivation"
Ixx,120,,kg·mm²,V7_R5_MASS,V7-RC-005,MISSING,ABSENT_VALUE,None,Seat carriage mass property,No authoritative controlled value. Mass blocked by material/density; CG/inertia depend on mass distribution and frame.,Material specification + controlled geometry + metrology,Critical,"Material identity, density, weighed mass, CG/inertia measurement or controlled derivation"
Iyy,120,,kg·mm²,V7_R5_MASS,V7-RC-005,MISSING,ABSENT_VALUE,None,Seat carriage mass property,No authoritative controlled value. Mass blocked by material/density; CG/inertia depend on mass distribution and frame.,Material specification + controlled geometry + metrology,Critical,"Material identity, density, weighed mass, CG/inertia measurement or controlled derivation"
Izz,120,,kg·mm²,V7_R5_MASS,V7-RC-005,MISSING,ABSENT_VALUE,None,Seat carriage mass property,No authoritative controlled value. Mass blocked by material/density; CG/inertia depend on mass distribution and frame.,Material specification + controlled geometry + metrology,Critical,"Material identity, density, weighed mass, CG/inertia measurement or controlled derivation"
Ixy,120,,kg·mm²,V7_R5_MASS,V7-RC-005,MISSING,ABSENT_VALUE,None,Seat carriage mass property,No authoritative controlled value. Mass blocked by material/density; CG/inertia depend on mass distribution and frame.,Material specification + controlled geometry + metrology,Critical,"Material identity, density, weighed mass, CG/inertia measurement or controlled derivation"
Ixz,120,,kg·mm²,V7_R5_MASS,V7-RC-005,MISSING,ABSENT_VALUE,None,Seat carriage mass property,No authoritative controlled value. Mass blocked by material/density; CG/inertia depend on mass distribution and frame.,Material specification + controlled geometry + metrology,Critical,"Material identity, density, weighed mass, CG/inertia measurement or controlled derivation"
Iyz,120,,kg·mm²,V7_R5_MASS,V7-RC-005,MISSING,ABSENT_VALUE,None,Seat carriage mass property,No authoritative controlled value. Mass blocked by material/density; CG/inertia depend on mass distribution and frame.,Material specification + controlled geometry + metrology,Critical,"Material identity, density, weighed mass, CG/inertia measurement or controlled derivation"
principal moments,120,,kg·mm²,V7_R5_MASS,V7-RC-005,MISSING,ABSENT_VALUE,None,Seat carriage mass property,No authoritative controlled value. Mass blocked by material/density; CG/inertia depend on mass distribution and frame.,Material specification + controlled geometry + metrology,Critical,"Material identity, density, weighed mass, CG/inertia measurement or controlled derivation"
principal axes,120,,dimensionless/frame,V7_R5_MASS,V7-RC-005,MISSING,ABSENT_VALUE,None,Seat carriage mass property,No authoritative controlled value. Mass blocked by material/density; CG/inertia depend on mass distribution and frame.,Material specification + controlled geometry + metrology,Critical,"Material identity, density, weighed mass, CG/inertia measurement or controlled derivation"
B-Rep volume,130L,533770.6168867504,mm3,V7_R5_MASS,V7-RC-005,MODEL_DERIVED,GEOMETRY_VOLUME,High,Mass-properties precursor,Density/material identity is not authoritative; volume is not mass.,Material identity + density,High,Controlled material and independent mass measurement
component mass,130L,,kg,V7_R5_MASS,V7-RC-005,MISSING,ABSENT_VALUE,None,Left ride-down energy-management module mass property,No authoritative controlled value. Mass blocked by material/density; CG/inertia depend on mass distribution and frame.,Material specification + controlled geometry + metrology,Critical,"Material identity, density, weighed mass, CG/inertia measurement or controlled derivation"
component CG X,130L,,mm,V7_R5_MASS,V7-RC-005,MISSING,ABSENT_VALUE,None,Left ride-down energy-management module mass property,No authoritative controlled value. Mass blocked by material/density; CG/inertia depend on mass distribution and frame.,Material specification + controlled geometry + metrology,Critical,"Material identity, density, weighed mass, CG/inertia measurement or controlled derivation"
component CG Y,130L,,mm,V7_R5_MASS,V7-RC-005,MISSING,ABSENT_VALUE,None,Left ride-down energy-management module mass property,No authoritative controlled value. Mass blocked by material/density; CG/inertia depend on mass distribution and frame.,Material specification + controlled geometry + metrology,Critical,"Material identity, density, weighed mass, CG/inertia measurement or controlled derivation"
component CG Z,130L,,mm,V7_R5_MASS,V7-RC-005,MISSING,ABSENT_VALUE,None,Left ride-down energy-management module mass property,No authoritative controlled value. Mass blocked by material/density; CG/inertia depend on mass distribution and frame.,Material specification + controlled geometry + metrology,Critical,"Material identity, density, weighed mass, CG/inertia measurement or controlled derivation"
Ixx,130L,,kg·mm²,V7_R5_MASS,V7-RC-005,MISSING,ABSENT_VALUE,None,Left ride-down energy-management module mass property,No authoritative controlled value. Mass blocked by material/density; CG/inertia depend on mass distribution and frame.,Material specification + controlled geometry + metrology,Critical,"Material identity, density, weighed mass, CG/inertia measurement or controlled derivation"
Iyy,130L,,kg·mm²,V7_R5_MASS,V7-RC-005,MISSING,ABSENT_VALUE,None,Left ride-down energy-management module mass property,No authoritative controlled value. Mass blocked by material/density; CG/inertia depend on mass distribution and frame.,Material specification + controlled geometry + metrology,Critical,"Material identity, density, weighed mass, CG/inertia measurement or controlled derivation"
Izz,130L,,kg·mm²,V7_R5_MASS,V7-RC-005,MISSING,ABSENT_VALUE,None,Left ride-down energy-management module mass property,No authoritative controlled value. Mass blocked by material/density; CG/inertia depend on mass distribution and frame.,Material specification + controlled geometry + metrology,Critical,"Material identity, density, weighed mass, CG/inertia measurement or controlled derivation"
Ixy,130L,,kg·mm²,V7_R5_MASS,V7-RC-005,MISSING,ABSENT_VALUE,None,Left ride-down energy-management module mass property,No authoritative controlled value. Mass blocked by material/density; CG/inertia depend on mass distribution and frame.,Material specification + controlled geometry + metrology,Critical,"Material identity, density, weighed mass, CG/inertia measurement or controlled derivation"
Ixz,130L,,kg·mm²,V7_R5_MASS,V7-RC-005,MISSING,ABSENT_VALUE,None,Left ride-down energy-management module mass property,No authoritative controlled value. Mass blocked by material/density; CG/inertia depend on mass distribution and frame.,Material specification + controlled geometry + metrology,Critical,"Material identity, density, weighed mass, CG/inertia measurement or controlled derivation"
Iyz,130L,,kg·mm²,V7_R5_MASS,V7-RC-005,MISSING,ABSENT_VALUE,None,Left ride-down energy-management module mass property,No authoritative controlled value. Mass blocked by material/density; CG/inertia depend on mass distribution and frame.,Material specification + controlled geometry + metrology,Critical,"Material identity, density, weighed mass, CG/inertia measurement or controlled derivation"
principal moments,130L,,kg·mm²,V7_R5_MASS,V7-RC-005,MISSING,ABSENT_VALUE,None,Left ride-down energy-management module mass property,No authoritative controlled value. Mass blocked by material/density; CG/inertia depend on mass distribution and frame.,Material specification + controlled geometry + metrology,Critical,"Material identity, density, weighed mass, CG/inertia measurement or controlled derivation"
principal axes,130L,,dimensionless/frame,V7_R5_MASS,V7-RC-005,MISSING,ABSENT_VALUE,None,Left ride-down energy-management module mass property,No authoritative controlled value. Mass blocked by material/density; CG/inertia depend on mass distribution and frame.,Material specification + controlled geometry + metrology,Critical,"Material identity, density, weighed mass, CG/inertia measurement or controlled derivation"
B-Rep volume,130R,533770.6168867504,mm3,V7_R5_MASS,V7-RC-005,MODEL_DERIVED,GEOMETRY_VOLUME,High,Mass-properties precursor,Density/material identity is not authoritative; volume is not mass.,Material identity + density,High,Controlled material and independent mass measurement
component mass,130R,,kg,V7_R5_MASS,V7-RC-005,MISSING,ABSENT_VALUE,None,Right ride-down energy-management module mass property,No authoritative controlled value. Mass blocked by material/density; CG/inertia depend on mass distribution and frame.,Material specification + controlled geometry + metrology,Critical,"Material identity, density, weighed mass, CG/inertia measurement or controlled derivation"
component CG X,130R,,mm,V7_R5_MASS,V7-RC-005,MISSING,ABSENT_VALUE,None,Right ride-down energy-management module mass property,No authoritative controlled value. Mass blocked by material/density; CG/inertia depend on mass distribution and frame.,Material specification + controlled geometry + metrology,Critical,"Material identity, density, weighed mass, CG/inertia measurement or controlled derivation"
component CG Y,130R,,mm,V7_R5_MASS,V7-RC-005,MISSING,ABSENT_VALUE,None,Right ride-down energy-management module mass property,No authoritative controlled value. Mass blocked by material/density; CG/inertia depend on mass distribution and frame.,Material specification + controlled geometry + metrology,Critical,"Material identity, density, weighed mass, CG/inertia measurement or controlled derivation"
component CG Z,130R,,mm,V7_R5_MASS,V7-RC-005,MISSING,ABSENT_VALUE,None,Right ride-down energy-management module mass property,No authoritative controlled value. Mass blocked by material/density; CG/inertia depend on mass distribution and frame.,Material specification + controlled geometry + metrology,Critical,"Material identity, density, weighed mass, CG/inertia measurement or controlled derivation"
Ixx,130R,,kg·mm²,V7_R5_MASS,V7-RC-005,MISSING,ABSENT_VALUE,None,Right ride-down energy-management module mass property,No authoritative controlled value. Mass blocked by material/density; CG/inertia depend on mass distribution and frame.,Material specification + controlled geometry + metrology,Critical,"Material identity, density, weighed mass, CG/inertia measurement or controlled derivation"
Iyy,130R,,kg·mm²,V7_R5_MASS,V7-RC-005,MISSING,ABSENT_VALUE,None,Right ride-down energy-management module mass property,No authoritative controlled value. Mass blocked by material/density; CG/inertia depend on mass distribution and frame.,Material specification + controlled geometry + metrology,Critical,"Material identity, density, weighed mass, CG/inertia measurement or controlled derivation"
Izz,130R,,kg·mm²,V7_R5_MASS,V7-RC-005,MISSING,ABSENT_VALUE,None,Right ride-down energy-management module mass property,No authoritative controlled value. Mass blocked by material/density; CG/inertia depend on mass distribution and frame.,Material specification + controlled geometry + metrology,Critical,"Material identity, density, weighed mass, CG/inertia measurement or controlled derivation"
Ixy,130R,,kg·mm²,V7_R5_MASS,V7-RC-005,MISSING,ABSENT_VALUE,None,Right ride-down energy-management module mass property,No authoritative controlled value. Mass blocked by material/density; CG/inertia depend on mass distribution and frame.,Material specification + controlled geometry + metrology,Critical,"Material identity, density, weighed mass, CG/inertia measurement or controlled derivation"
Ixz,130R,,kg·mm²,V7_R5_MASS,V7-RC-005,MISSING,ABSENT_VALUE,None,Right ride-down energy-management module mass property,No authoritative controlled value. Mass blocked by material/density; CG/inertia depend on mass distribution and frame.,Material specification + controlled geometry + metrology,Critical,"Material identity, density, weighed mass, CG/inertia measurement or controlled derivation"
Iyz,130R,,kg·mm²,V7_R5_MASS,V7-RC-005,MISSING,ABSENT_VALUE,None,Right ride-down energy-management module mass property,No authoritative controlled value. Mass blocked by material/density; CG/inertia depend on mass distribution and frame.,Material specification + controlled geometry + metrology,Critical,"Material identity, density, weighed mass, CG/inertia measurement or controlled derivation"
principal moments,130R,,kg·mm²,V7_R5_MASS,V7-RC-005,MISSING,ABSENT_VALUE,None,Right ride-down energy-management module mass property,No authoritative controlled value. Mass blocked by material/density; CG/inertia depend on mass distribution and frame.,Material specification + controlled geometry + metrology,Critical,"Material identity, density, weighed mass, CG/inertia measurement or controlled derivation"
principal axes,130R,,dimensionless/frame,V7_R5_MASS,V7-RC-005,MISSING,ABSENT_VALUE,None,Right ride-down energy-management module mass property,No authoritative controlled value. Mass blocked by material/density; CG/inertia depend on mass distribution and frame.,Material specification + controlled geometry + metrology,Critical,"Material identity, density, weighed mass, CG/inertia measurement or controlled derivation"
B-Rep volume,140,5028450.0,mm3,V7_R5_MASS,V7-RC-005,MODEL_DERIVED,GEOMETRY_VOLUME,High,Mass-properties precursor,Density/material identity is not authoritative; volume is not mass.,Material identity + density,High,Controlled material and independent mass measurement
component mass,140,,kg,V7_R5_MASS,V7-RC-005,MISSING,ABSENT_VALUE,None,Pelvic-control / anti-submarining pan mass property,No authoritative controlled value. Mass blocked by material/density; CG/inertia depend on mass distribution and frame.,Material specification + controlled geometry + metrology,Critical,"Material identity, density, weighed mass, CG/inertia measurement or controlled derivation"
component CG X,140,,mm,V7_R5_MASS,V7-RC-005,MISSING,ABSENT_VALUE,None,Pelvic-control / anti-submarining pan mass property,No authoritative controlled value. Mass blocked by material/density; CG/inertia depend on mass distribution and frame.,Material specification + controlled geometry + metrology,Critical,"Material identity, density, weighed mass, CG/inertia measurement or controlled derivation"
component CG Y,140,,mm,V7_R5_MASS,V7-RC-005,MISSING,ABSENT_VALUE,None,Pelvic-control / anti-submarining pan mass property,No authoritative controlled value. Mass blocked by material/density; CG/inertia depend on mass distribution and frame.,Material specification + controlled geometry + metrology,Critical,"Material identity, density, weighed mass, CG/inertia measurement or controlled derivation"
component CG Z,140,,mm,V7_R5_MASS,V7-RC-005,MISSING,ABSENT_VALUE,None,Pelvic-control / anti-submarining pan mass property,No authoritative controlled value. Mass blocked by material/density; CG/inertia depend on mass distribution and frame.,Material specification + controlled geometry + metrology,Critical,"Material identity, density, weighed mass, CG/inertia measurement or controlled derivation"
Ixx,140,,kg·mm²,V7_R5_MASS,V7-RC-005,MISSING,ABSENT_VALUE,None,Pelvic-control / anti-submarining pan mass property,No authoritative controlled value. Mass blocked by material/density; CG/inertia depend on mass distribution and frame.,Material specification + controlled geometry + metrology,Critical,"Material identity, density, weighed mass, CG/inertia measurement or controlled derivation"
Iyy,140,,kg·mm²,V7_R5_MASS,V7-RC-005,MISSING,ABSENT_VALUE,None,Pelvic-control / anti-submarining pan mass property,No authoritative controlled value. Mass blocked by material/density; CG/inertia depend on mass distribution and frame.,Material specification + controlled geometry + metrology,Critical,"Material identity, density, weighed mass, CG/inertia measurement or controlled derivation"
Izz,140,,kg·mm²,V7_R5_MASS,V7-RC-005,MISSING,ABSENT_VALUE,None,Pelvic-control / anti-submarining pan mass property,No authoritative controlled value. Mass blocked by material/density; CG/inertia depend on mass distribution and frame.,Material specification + controlled geometry + metrology,Critical,"Material identity, density, weighed mass, CG/inertia measurement or controlled derivation"
Ixy,140,,kg·mm²,V7_R5_MASS,V7-RC-005,MISSING,ABSENT_VALUE,None,Pelvic-control / anti-submarining pan mass property,No authoritative controlled value. Mass blocked by material/density; CG/inertia depend on mass distribution and frame.,Material specification + controlled geometry + metrology,Critical,"Material identity, density, weighed mass, CG/inertia measurement or controlled derivation"
Ixz,140,,kg·mm²,V7_R5_MASS,V7-RC-005,MISSING,ABSENT_VALUE,None,Pelvic-control / anti-submarining pan mass property,No authoritative controlled value. Mass blocked by material/density; CG/inertia depend on mass distribution and frame.,Material specification + controlled geometry + metrology,Critical,"Material identity, density, weighed mass, CG/inertia measurement or controlled derivation"
Iyz,140,,kg·mm²,V7_R5_MASS,V7-RC-005,MISSING,ABSENT_VALUE,None,Pelvic-control / anti-submarining pan mass property,No authoritative controlled value. Mass blocked by material/density; CG/inertia depend on mass distribution and frame.,Material specification + controlled geometry + metrology,Critical,"Material identity, density, weighed mass, CG/inertia measurement or controlled derivation"
principal moments,140,,kg·mm²,V7_R5_MASS,V7-RC-005,MISSING,ABSENT_VALUE,None,Pelvic-control / anti-submarining pan mass property,No authoritative controlled value. Mass blocked by material/density; CG/inertia depend on mass distribution and frame.,Material specification + controlled geometry + metrology,Critical,"Material identity, density, weighed mass, CG/inertia measurement or controlled derivation"
principal axes,140,,dimensionless/frame,V7_R5_MASS,V7-RC-005,MISSING,ABSENT_VALUE,None,Pelvic-control / anti-submarining pan mass property,No authoritative controlled value. Mass blocked by material/density; CG/inertia depend on mass distribution and frame.,Material specification + controlled geometry + metrology,Critical,"Material identity, density, weighed mass, CG/inertia measurement or controlled derivation"
B-Rep volume,150L,227083.53888207264,mm3,V7_R5_MASS,V7-RC-005,MODEL_DERIVED,GEOMETRY_VOLUME,High,Mass-properties precursor,Density/material identity is not authoritative; volume is not mass.,Material identity + density,High,Controlled material and independent mass measurement
component mass,150L,,kg,V7_R5_MASS,V7-RC-005,MISSING,ABSENT_VALUE,None,Left seatback rotation-control link mass property,No authoritative controlled value. Mass blocked by material/density; CG/inertia depend on mass distribution and frame.,Material specification + controlled geometry + metrology,Critical,"Material identity, density, weighed mass, CG/inertia measurement or controlled derivation"
component CG X,150L,,mm,V7_R5_MASS,V7-RC-005,MISSING,ABSENT_VALUE,None,Left seatback rotation-control link mass property,No authoritative controlled value. Mass blocked by material/density; CG/inertia depend on mass distribution and frame.,Material specification + controlled geometry + metrology,Critical,"Material identity, density, weighed mass, CG/inertia measurement or controlled derivation"
component CG Y,150L,,mm,V7_R5_MASS,V7-RC-005,MISSING,ABSENT_VALUE,None,Left seatback rotation-control link mass property,No authoritative controlled value. Mass blocked by material/density; CG/inertia depend on mass distribution and frame.,Material specification + controlled geometry + metrology,Critical,"Material identity, density, weighed mass, CG/inertia measurement or controlled derivation"
component CG Z,150L,,mm,V7_R5_MASS,V7-RC-005,MISSING,ABSENT_VALUE,None,Left seatback rotation-control link mass property,No authoritative controlled value. Mass blocked by material/density; CG/inertia depend on mass distribution and frame.,Material specification + controlled geometry + metrology,Critical,"Material identity, density, weighed mass, CG/inertia measurement or controlled derivation"
Ixx,150L,,kg·mm²,V7_R5_MASS,V7-RC-005,MISSING,ABSENT_VALUE,None,Left seatback rotation-control link mass property,No authoritative controlled value. Mass blocked by material/density; CG/inertia depend on mass distribution and frame.,Material specification + controlled geometry + metrology,Critical,"Material identity, density, weighed mass, CG/inertia measurement or controlled derivation"
Iyy,150L,,kg·mm²,V7_R5_MASS,V7-RC-005,MISSING,ABSENT_VALUE,None,Left seatback rotation-control link mass property,No authoritative controlled value. Mass blocked by material/density; CG/inertia depend on mass distribution and frame.,Material specification + controlled geometry + metrology,Critical,"Material identity, density, weighed mass, CG/inertia measurement or controlled derivation"
Izz,150L,,kg·mm²,V7_R5_MASS,V7-RC-005,MISSING,ABSENT_VALUE,None,Left seatback rotation-control link mass property,No authoritative controlled value. Mass blocked by material/density; CG/inertia depend on mass distribution and frame.,Material specification + controlled geometry + metrology,Critical,"Material identity, density, weighed mass, CG/inertia measurement or controlled derivation"
Ixy,150L,,kg·mm²,V7_R5_MASS,V7-RC-005,MISSING,ABSENT_VALUE,None,Left seatback rotation-control link mass property,No authoritative controlled value. Mass blocked by material/density; CG/inertia depend on mass distribution and frame.,Material specification + controlled geometry + metrology,Critical,"Material identity, density, weighed mass, CG/inertia measurement or controlled derivation"
Ixz,150L,,kg·mm²,V7_R5_MASS,V7-RC-005,MISSING,ABSENT_VALUE,None,Left seatback rotation-control link mass property,No authoritative controlled value. Mass blocked by material/density; CG/inertia depend on mass distribution and frame.,Material specification + controlled geometry + metrology,Critical,"Material identity, density, weighed mass, CG/inertia measurement or controlled derivation"
Iyz,150L,,kg·mm²,V7_R5_MASS,V7-RC-005,MISSING,ABSENT_VALUE,None,Left seatback rotation-control link mass property,No authoritative controlled value. Mass blocked by material/density; CG/inertia depend on mass distribution and frame.,Material specification + controlled geometry + metrology,Critical,"Material identity, density, weighed mass, CG/inertia measurement or controlled derivation"
principal moments,150L,,kg·mm²,V7_R5_MASS,V7-RC-005,MISSING,ABSENT_VALUE,None,Left seatback rotation-control link mass property,No authoritative controlled value. Mass blocked by material/density; CG/inertia depend on mass distribution and frame.,Material specification + controlled geometry + metrology,Critical,"Material identity, density, weighed mass, CG/inertia measurement or controlled derivation"
principal axes,150L,,dimensionless/frame,V7_R5_MASS,V7-RC-005,MISSING,ABSENT_VALUE,None,Left seatback rotation-control link mass property,No authoritative controlled value. Mass blocked by material/density; CG/inertia depend on mass distribution and frame.,Material specification + controlled geometry + metrology,Critical,"Material identity, density, weighed mass, CG/inertia measurement or controlled derivation"
B-Rep volume,150R,227083.53888211586,mm3,V7_R5_MASS,V7-RC-005,MODEL_DERIVED,GEOMETRY_VOLUME,High,Mass-properties precursor,Density/material identity is not authoritative; volume is not mass.,Material identity + density,High,Controlled material and independent mass measurement
component mass,150R,,kg,V7_R5_MASS,V7-RC-005,MISSING,ABSENT_VALUE,None,Right seatback rotation-control link mass property,No authoritative controlled value. Mass blocked by material/density; CG/inertia depend on mass distribution and frame.,Material specification + controlled geometry + metrology,Critical,"Material identity, density, weighed mass, CG/inertia measurement or controlled derivation"
component CG X,150R,,mm,V7_R5_MASS,V7-RC-005,MISSING,ABSENT_VALUE,None,Right seatback rotation-control link mass property,No authoritative controlled value. Mass blocked by material/density; CG/inertia depend on mass distribution and frame.,Material specification + controlled geometry + metrology,Critical,"Material identity, density, weighed mass, CG/inertia measurement or controlled derivation"
component CG Y,150R,,mm,V7_R5_MASS,V7-RC-005,MISSING,ABSENT_VALUE,None,Right seatback rotation-control link mass property,No authoritative controlled value. Mass blocked by material/density; CG/inertia depend on mass distribution and frame.,Material specification + controlled geometry + metrology,Critical,"Material identity, density, weighed mass, CG/inertia measurement or controlled derivation"
component CG Z,150R,,mm,V7_R5_MASS,V7-RC-005,MISSING,ABSENT_VALUE,None,Right seatback rotation-control link mass property,No authoritative controlled value. Mass blocked by material/density; CG/inertia depend on mass distribution and frame.,Material specification + controlled geometry + metrology,Critical,"Material identity, density, weighed mass, CG/inertia measurement or controlled derivation"
Ixx,150R,,kg·mm²,V7_R5_MASS,V7-RC-005,MISSING,ABSENT_VALUE,None,Right seatback rotation-control link mass property,No authoritative controlled value. Mass blocked by material/density; CG/inertia depend on mass distribution and frame.,Material specification + controlled geometry + metrology,Critical,"Material identity, density, weighed mass, CG/inertia measurement or controlled derivation"
Iyy,150R,,kg·mm²,V7_R5_MASS,V7-RC-005,MISSING,ABSENT_VALUE,None,Right seatback rotation-control link mass property,No authoritative controlled value. Mass blocked by material/density; CG/inertia depend on mass distribution and frame.,Material specification + controlled geometry + metrology,Critical,"Material identity, density, weighed mass, CG/inertia measurement or controlled derivation"
Izz,150R,,kg·mm²,V7_R5_MASS,V7-RC-005,MISSING,ABSENT_VALUE,None,Right seatback rotation-control link mass property,No authoritative controlled value. Mass blocked by material/density; CG/inertia depend on mass distribution and frame.,Material specification + controlled geometry + metrology,Critical,"Material identity, density, weighed mass, CG/inertia measurement or controlled derivation"
Ixy,150R,,kg·mm²,V7_R5_MASS,V7-RC-005,MISSING,ABSENT_VALUE,None,Right seatback rotation-control link mass property,No authoritative controlled value. Mass blocked by material/density; CG/inertia depend on mass distribution and frame.,Material specification + controlled geometry + metrology,Critical,"Material identity, density, weighed mass, CG/inertia measurement or controlled derivation"
Ixz,150R,,kg·mm²,V7_R5_MASS,V7-RC-005,MISSING,ABSENT_VALUE,None,Right seatback rotation-control link mass property,No authoritative controlled value. Mass blocked by material/density; CG/inertia depend on mass distribution and frame.,Material specification + controlled geometry + metrology,Critical,"Material identity, density, weighed mass, CG/inertia measurement or controlled derivation"
Iyz,150R,,kg·mm²,V7_R5_MASS,V7-RC-005,MISSING,ABSENT_VALUE,None,Right seatback rotation-control link mass property,No authoritative controlled value. Mass blocked by material/density; CG/inertia depend on mass distribution and frame.,Material specification + controlled geometry + metrology,Critical,"Material identity, density, weighed mass, CG/inertia measurement or controlled derivation"
principal moments,150R,,kg·mm²,V7_R5_MASS,V7-RC-005,MISSING,ABSENT_VALUE,None,Right seatback rotation-control link mass property,No authoritative controlled value. Mass blocked by material/density; CG/inertia depend on mass distribution and frame.,Material specification + controlled geometry + metrology,Critical,"Material identity, density, weighed mass, CG/inertia measurement or controlled derivation"
principal axes,150R,,dimensionless/frame,V7_R5_MASS,V7-RC-005,MISSING,ABSENT_VALUE,None,Right seatback rotation-control link mass property,No authoritative controlled value. Mass blocked by material/density; CG/inertia depend on mass distribution and frame.,Material specification + controlled geometry + metrology,Critical,"Material identity, density, weighed mass, CG/inertia measurement or controlled derivation"
B-Rep volume,160,3176000.0,mm3,V7_R5_MASS,V7-RC-005,MODEL_DERIVED,GEOMETRY_VOLUME,High,Mass-properties precursor,Density/material identity is not authoritative; volume is not mass.,Material identity + density,High,Controlled material and independent mass measurement
component mass,160,,kg,V7_R5_MASS,V7-RC-005,MISSING,ABSENT_VALUE,None,Seatback frame mass property,No authoritative controlled value. Mass blocked by material/density; CG/inertia depend on mass distribution and frame.,Material specification + controlled geometry + metrology,Critical,"Material identity, density, weighed mass, CG/inertia measurement or controlled derivation"
component CG X,160,,mm,V7_R5_MASS,V7-RC-005,MISSING,ABSENT_VALUE,None,Seatback frame mass property,No authoritative controlled value. Mass blocked by material/density; CG/inertia depend on mass distribution and frame.,Material specification + controlled geometry + metrology,Critical,"Material identity, density, weighed mass, CG/inertia measurement or controlled derivation"
component CG Y,160,,mm,V7_R5_MASS,V7-RC-005,MISSING,ABSENT_VALUE,None,Seatback frame mass property,No authoritative controlled value. Mass blocked by material/density; CG/inertia depend on mass distribution and frame.,Material specification + controlled geometry + metrology,Critical,"Material identity, density, weighed mass, CG/inertia measurement or controlled derivation"
component CG Z,160,,mm,V7_R5_MASS,V7-RC-005,MISSING,ABSENT_VALUE,None,Seatback frame mass property,No authoritative controlled value. Mass blocked by material/density; CG/inertia depend on mass distribution and frame.,Material specification + controlled geometry + metrology,Critical,"Material identity, density, weighed mass, CG/inertia measurement or controlled derivation"
Ixx,160,,kg·mm²,V7_R5_MASS,V7-RC-005,MISSING,ABSENT_VALUE,None,Seatback frame mass property,No authoritative controlled value. Mass blocked by material/density; CG/inertia depend on mass distribution and frame.,Material specification + controlled geometry + metrology,Critical,"Material identity, density, weighed mass, CG/inertia measurement or controlled derivation"
Iyy,160,,kg·mm²,V7_R5_MASS,V7-RC-005,MISSING,ABSENT_VALUE,None,Seatback frame mass property,No authoritative controlled value. Mass blocked by material/density; CG/inertia depend on mass distribution and frame.,Material specification + controlled geometry + metrology,Critical,"Material identity, density, weighed mass, CG/inertia measurement or controlled derivation"
Izz,160,,kg·mm²,V7_R5_MASS,V7-RC-005,MISSING,ABSENT_VALUE,None,Seatback frame mass property,No authoritative controlled value. Mass blocked by material/density; CG/inertia depend on mass distribution and frame.,Material specification + controlled geometry + metrology,Critical,"Material identity, density, weighed mass, CG/inertia measurement or controlled derivation"
Ixy,160,,kg·mm²,V7_R5_MASS,V7-RC-005,MISSING,ABSENT_VALUE,None,Seatback frame mass property,No authoritative controlled value. Mass blocked by material/density; CG/inertia depend on mass distribution and frame.,Material specification + controlled geometry + metrology,Critical,"Material identity, density, weighed mass, CG/inertia measurement or controlled derivation"
Ixz,160,,kg·mm²,V7_R5_MASS,V7-RC-005,MISSING,ABSENT_VALUE,None,Seatback frame mass property,No authoritative controlled value. Mass blocked by material/density; CG/inertia depend on mass distribution and frame.,Material specification + controlled geometry + metrology,Critical,"Material identity, density, weighed mass, CG/inertia measurement or controlled derivation"
Iyz,160,,kg·mm²,V7_R5_MASS,V7-RC-005,MISSING,ABSENT_VALUE,None,Seatback frame mass property,No authoritative controlled value. Mass blocked by material/density; CG/inertia depend on mass distribution and frame.,Material specification + controlled geometry + metrology,Critical,"Material identity, density, weighed mass, CG/inertia measurement or controlled derivation"
principal moments,160,,kg·mm²,V7_R5_MASS,V7-RC-005,MISSING,ABSENT_VALUE,None,Seatback frame mass property,No authoritative controlled value. Mass blocked by material/density; CG/inertia depend on mass distribution and frame.,Material specification + controlled geometry + metrology,Critical,"Material identity, density, weighed mass, CG/inertia measurement or controlled derivation"
principal axes,160,,dimensionless/frame,V7_R5_MASS,V7-RC-005,MISSING,ABSENT_VALUE,None,Seatback frame mass property,No authoritative controlled value. Mass blocked by material/density; CG/inertia depend on mass distribution and frame.,Material specification + controlled geometry + metrology,Critical,"Material identity, density, weighed mass, CG/inertia measurement or controlled derivation"
B-Rep volume,170,256571.68026350642,mm3,V7_R5_MASS,V7-RC-005,MODEL_DERIVED,GEOMETRY_VOLUME,High,Mass-properties precursor,Density/material identity is not authoritative; volume is not mass.,Material identity + density,High,Controlled material and independent mass measurement
component mass,170,,kg,V7_R5_MASS,V7-RC-005,MISSING,ABSENT_VALUE,None,Multi-state lock mass property,No authoritative controlled value. Mass blocked by material/density; CG/inertia depend on mass distribution and frame.,Material specification + controlled geometry + metrology,Critical,"Material identity, density, weighed mass, CG/inertia measurement or controlled derivation"
component CG X,170,,mm,V7_R5_MASS,V7-RC-005,MISSING,ABSENT_VALUE,None,Multi-state lock mass property,No authoritative controlled value. Mass blocked by material/density; CG/inertia depend on mass distribution and frame.,Material specification + controlled geometry + metrology,Critical,"Material identity, density, weighed mass, CG/inertia measurement or controlled derivation"
component CG Y,170,,mm,V7_R5_MASS,V7-RC-005,MISSING,ABSENT_VALUE,None,Multi-state lock mass property,No authoritative controlled value. Mass blocked by material/density; CG/inertia depend on mass distribution and frame.,Material specification + controlled geometry + metrology,Critical,"Material identity, density, weighed mass, CG/inertia measurement or controlled derivation"
component CG Z,170,,mm,V7_R5_MASS,V7-RC-005,MISSING,ABSENT_VALUE,None,Multi-state lock mass property,No authoritative controlled value. Mass blocked by material/density; CG/inertia depend on mass distribution and frame.,Material specification + controlled geometry + metrology,Critical,"Material identity, density, weighed mass, CG/inertia measurement or controlled derivation"
Ixx,170,,kg·mm²,V7_R5_MASS,V7-RC-005,MISSING,ABSENT_VALUE,None,Multi-state lock mass property,No authoritative controlled value. Mass blocked by material/density; CG/inertia depend on mass distribution and frame.,Material specification + controlled geometry + metrology,Critical,"Material identity, density, weighed mass, CG/inertia measurement or controlled derivation"
Iyy,170,,kg·mm²,V7_R5_MASS,V7-RC-005,MISSING,ABSENT_VALUE,None,Multi-state lock mass property,No authoritative controlled value. Mass blocked by material/density; CG/inertia depend on mass distribution and frame.,Material specification + controlled geometry + metrology,Critical,"Material identity, density, weighed mass, CG/inertia measurement or controlled derivation"
Izz,170,,kg·mm²,V7_R5_MASS,V7-RC-005,MISSING,ABSENT_VALUE,None,Multi-state lock mass property,No authoritative controlled value. Mass blocked by material/density; CG/inertia depend on mass distribution and frame.,Material specification + controlled geometry + metrology,Critical,"Material identity, density, weighed mass, CG/inertia measurement or controlled derivation"
Ixy,170,,kg·mm²,V7_R5_MASS,V7-RC-005,MISSING,ABSENT_VALUE,None,Multi-state lock mass property,No authoritative controlled value. Mass blocked by material/density; CG/inertia depend on mass distribution and frame.,Material specification + controlled geometry + metrology,Critical,"Material identity, density, weighed mass, CG/inertia measurement or controlled derivation"
Ixz,170,,kg·mm²,V7_R5_MASS,V7-RC-005,MISSING,ABSENT_VALUE,None,Multi-state lock mass property,No authoritative controlled value. Mass blocked by material/density; CG/inertia depend on mass distribution and frame.,Material specification + controlled geometry + metrology,Critical,"Material identity, density, weighed mass, CG/inertia measurement or controlled derivation"
Iyz,170,,kg·mm²,V7_R5_MASS,V7-RC-005,MISSING,ABSENT_VALUE,None,Multi-state lock mass property,No authoritative controlled value. Mass blocked by material/density; CG/inertia depend on mass distribution and frame.,Material specification + controlled geometry + metrology,Critical,"Material identity, density, weighed mass, CG/inertia measurement or controlled derivation"
principal moments,170,,kg·mm²,V7_R5_MASS,V7-RC-005,MISSING,ABSENT_VALUE,None,Multi-state lock mass property,No authoritative controlled value. Mass blocked by material/density; CG/inertia depend on mass distribution and frame.,Material specification + controlled geometry + metrology,Critical,"Material identity, density, weighed mass, CG/inertia measurement or controlled derivation"
principal axes,170,,dimensionless/frame,V7_R5_MASS,V7-RC-005,MISSING,ABSENT_VALUE,None,Multi-state lock mass property,No authoritative controlled value. Mass blocked by material/density; CG/inertia depend on mass distribution and frame.,Material specification + controlled geometry + metrology,Critical,"Material identity, density, weighed mass, CG/inertia measurement or controlled derivation"
B-Rep volume,180,485625.6606917095,mm3,V7_R5_MASS,V7-RC-005,MODEL_DERIVED,GEOMETRY_VOLUME,High,Mass-properties precursor,Density/material identity is not authoritative; volume is not mass.,Material identity + density,High,Controlled material and independent mass measurement
component mass,180,,kg,V7_R5_MASS,V7-RC-005,MISSING,ABSENT_VALUE,None,Rebound-control module mass property,No authoritative controlled value. Mass blocked by material/density; CG/inertia depend on mass distribution and frame.,Material specification + controlled geometry + metrology,Critical,"Material identity, density, weighed mass, CG/inertia measurement or controlled derivation"
component CG X,180,,mm,V7_R5_MASS,V7-RC-005,MISSING,ABSENT_VALUE,None,Rebound-control module mass property,No authoritative controlled value. Mass blocked by material/density; CG/inertia depend on mass distribution and frame.,Material specification + controlled geometry + metrology,Critical,"Material identity, density, weighed mass, CG/inertia measurement or controlled derivation"
component CG Y,180,,mm,V7_R5_MASS,V7-RC-005,MISSING,ABSENT_VALUE,None,Rebound-control module mass property,No authoritative controlled value. Mass blocked by material/density; CG/inertia depend on mass distribution and frame.,Material specification + controlled geometry + metrology,Critical,"Material identity, density, weighed mass, CG/inertia measurement or controlled derivation"
component CG Z,180,,mm,V7_R5_MASS,V7-RC-005,MISSING,ABSENT_VALUE,None,Rebound-control module mass property,No authoritative controlled value. Mass blocked by material/density; CG/inertia depend on mass distribution and frame.,Material specification + controlled geometry + metrology,Critical,"Material identity, density, weighed mass, CG/inertia measurement or controlled derivation"
Ixx,180,,kg·mm²,V7_R5_MASS,V7-RC-005,MISSING,ABSENT_VALUE,None,Rebound-control module mass property,No authoritative controlled value. Mass blocked by material/density; CG/inertia depend on mass distribution and frame.,Material specification + controlled geometry + metrology,Critical,"Material identity, density, weighed mass, CG/inertia measurement or controlled derivation"
Iyy,180,,kg·mm²,V7_R5_MASS,V7-RC-005,MISSING,ABSENT_VALUE,None,Rebound-control module mass property,No authoritative controlled value. Mass blocked by material/density; CG/inertia depend on mass distribution and frame.,Material specification + controlled geometry + metrology,Critical,"Material identity, density, weighed mass, CG/inertia measurement or controlled derivation"
Izz,180,,kg·mm²,V7_R5_MASS,V7-RC-005,MISSING,ABSENT_VALUE,None,Rebound-control module mass property,No authoritative controlled value. Mass blocked by material/density; CG/inertia depend on mass distribution and frame.,Material specification + controlled geometry + metrology,Critical,"Material identity, density, weighed mass, CG/inertia measurement or controlled derivation"
Ixy,180,,kg·mm²,V7_R5_MASS,V7-RC-005,MISSING,ABSENT_VALUE,None,Rebound-control module mass property,No authoritative controlled value. Mass blocked by material/density; CG/inertia depend on mass distribution and frame.,Material specification + controlled geometry + metrology,Critical,"Material identity, density, weighed mass, CG/inertia measurement or controlled derivation"
Ixz,180,,kg·mm²,V7_R5_MASS,V7-RC-005,MISSING,ABSENT_VALUE,None,Rebound-control module mass property,No authoritative controlled value. Mass blocked by material/density; CG/inertia depend on mass distribution and frame.,Material specification + controlled geometry + metrology,Critical,"Material identity, density, weighed mass, CG/inertia measurement or controlled derivation"
Iyz,180,,kg·mm²,V7_R5_MASS,V7-RC-005,MISSING,ABSENT_VALUE,None,Rebound-control module mass property,No authoritative controlled value. Mass blocked by material/density; CG/inertia depend on mass distribution and frame.,Material specification + controlled geometry + metrology,Critical,"Material identity, density, weighed mass, CG/inertia measurement or controlled derivation"
principal moments,180,,kg·mm²,V7_R5_MASS,V7-RC-005,MISSING,ABSENT_VALUE,None,Rebound-control module mass property,No authoritative controlled value. Mass blocked by material/density; CG/inertia depend on mass distribution and frame.,Material specification + controlled geometry + metrology,Critical,"Material identity, density, weighed mass, CG/inertia measurement or controlled derivation"
principal axes,180,,dimensionless/frame,V7_R5_MASS,V7-RC-005,MISSING,ABSENT_VALUE,None,Rebound-control module mass property,No authoritative controlled value. Mass blocked by material/density; CG/inertia depend on mass distribution and frame.,Material specification + controlled geometry + metrology,Critical,"Material identity, density, weighed mass, CG/inertia measurement or controlled derivation"
B-Rep volume,190,216000.00000000006,mm3,V7_R5_MASS,V7-RC-005,MODEL_DERIVED,GEOMETRY_VOLUME,High,Mass-properties precursor,Density/material identity is not authoritative; volume is not mass.,Material identity + density,High,Controlled material and independent mass measurement
component mass,190,,kg,V7_R5_MASS,V7-RC-005,MISSING,ABSENT_VALUE,None,Occupant restraint interface mass property,No authoritative controlled value. Mass blocked by material/density; CG/inertia depend on mass distribution and frame.,Material specification + controlled geometry + metrology,Critical,"Material identity, density, weighed mass, CG/inertia measurement or controlled derivation"
component CG X,190,,mm,V7_R5_MASS,V7-RC-005,MISSING,ABSENT_VALUE,None,Occupant restraint interface mass property,No authoritative controlled value. Mass blocked by material/density; CG/inertia depend on mass distribution and frame.,Material specification + controlled geometry + metrology,Critical,"Material identity, density, weighed mass, CG/inertia measurement or controlled derivation"
component CG Y,190,,mm,V7_R5_MASS,V7-RC-005,MISSING,ABSENT_VALUE,None,Occupant restraint interface mass property,No authoritative controlled value. Mass blocked by material/density; CG/inertia depend on mass distribution and frame.,Material specification + controlled geometry + metrology,Critical,"Material identity, density, weighed mass, CG/inertia measurement or controlled derivation"
component CG Z,190,,mm,V7_R5_MASS,V7-RC-005,MISSING,ABSENT_VALUE,None,Occupant restraint interface mass property,No authoritative controlled value. Mass blocked by material/density; CG/inertia depend on mass distribution and frame.,Material specification + controlled geometry + metrology,Critical,"Material identity, density, weighed mass, CG/inertia measurement or controlled derivation"
Ixx,190,,kg·mm²,V7_R5_MASS,V7-RC-005,MISSING,ABSENT_VALUE,None,Occupant restraint interface mass property,No authoritative controlled value. Mass blocked by material/density; CG/inertia depend on mass distribution and frame.,Material specification + controlled geometry + metrology,Critical,"Material identity, density, weighed mass, CG/inertia measurement or controlled derivation"
Iyy,190,,kg·mm²,V7_R5_MASS,V7-RC-005,MISSING,ABSENT_VALUE,None,Occupant restraint interface mass property,No authoritative controlled value. Mass blocked by material/density; CG/inertia depend on mass distribution and frame.,Material specification + controlled geometry + metrology,Critical,"Material identity, density, weighed mass, CG/inertia measurement or controlled derivation"
Izz,190,,kg·mm²,V7_R5_MASS,V7-RC-005,MISSING,ABSENT_VALUE,None,Occupant restraint interface mass property,No authoritative controlled value. Mass blocked by material/density; CG/inertia depend on mass distribution and frame.,Material specification + controlled geometry + metrology,Critical,"Material identity, density, weighed mass, CG/inertia measurement or controlled derivation"
Ixy,190,,kg·mm²,V7_R5_MASS,V7-RC-005,MISSING,ABSENT_VALUE,None,Occupant restraint interface mass property,No authoritative controlled value. Mass blocked by material/density; CG/inertia depend on mass distribution and frame.,Material specification + controlled geometry + metrology,Critical,"Material identity, density, weighed mass, CG/inertia measurement or controlled derivation"
Ixz,190,,kg·mm²,V7_R5_MASS,V7-RC-005,MISSING,ABSENT_VALUE,None,Occupant restraint interface mass property,No authoritative controlled value. Mass blocked by material/density; CG/inertia depend on mass distribution and frame.,Material specification + controlled geometry + metrology,Critical,"Material identity, density, weighed mass, CG/inertia measurement or controlled derivation"
Iyz,190,,kg·mm²,V7_R5_MASS,V7-RC-005,MISSING,ABSENT_VALUE,None,Occupant restraint interface mass property,No authoritative controlled value. Mass blocked by material/density; CG/inertia depend on mass distribution and frame.,Material specification + controlled geometry + metrology,Critical,"Material identity, density, weighed mass, CG/inertia measurement or controlled derivation"
principal moments,190,,kg·mm²,V7_R5_MASS,V7-RC-005,MISSING,ABSENT_VALUE,None,Occupant restraint interface mass property,No authoritative controlled value. Mass blocked by material/density; CG/inertia depend on mass distribution and frame.,Material specification + controlled geometry + metrology,Critical,"Material identity, density, weighed mass, CG/inertia measurement or controlled derivation"
principal axes,190,,dimensionless/frame,V7_R5_MASS,V7-RC-005,MISSING,ABSENT_VALUE,None,Occupant restraint interface mass property,No authoritative controlled value. Mass blocked by material/density; CG/inertia depend on mass distribution and frame.,Material specification + controlled geometry + metrology,Critical,"Material identity, density, weighed mass, CG/inertia measurement or controlled derivation"
B-Rep volume,200,1670400.0000000931,mm3,V7_R5_MASS,V7-RC-005,MODEL_DERIVED,GEOMETRY_VOLUME,High,Mass-properties precursor,Density/material identity is not authoritative; volume is not mass.,Material identity + density,High,Controlled material and independent mass measurement
component mass,200,,kg,V7_R5_MASS,V7-RC-005,MISSING,ABSENT_VALUE,None,Torso/head guidance mass property,No authoritative controlled value. Mass blocked by material/density; CG/inertia depend on mass distribution and frame.,Material specification + controlled geometry + metrology,Critical,"Material identity, density, weighed mass, CG/inertia measurement or controlled derivation"
component CG X,200,,mm,V7_R5_MASS,V7-RC-005,MISSING,ABSENT_VALUE,None,Torso/head guidance mass property,No authoritative controlled value. Mass blocked by material/density; CG/inertia depend on mass distribution and frame.,Material specification + controlled geometry + metrology,Critical,"Material identity, density, weighed mass, CG/inertia measurement or controlled derivation"
component CG Y,200,,mm,V7_R5_MASS,V7-RC-005,MISSING,ABSENT_VALUE,None,Torso/head guidance mass property,No authoritative controlled value. Mass blocked by material/density; CG/inertia depend on mass distribution and frame.,Material specification + controlled geometry + metrology,Critical,"Material identity, density, weighed mass, CG/inertia measurement or controlled derivation"
component CG Z,200,,mm,V7_R5_MASS,V7-RC-005,MISSING,ABSENT_VALUE,None,Torso/head guidance mass property,No authoritative controlled value. Mass blocked by material/density; CG/inertia depend on mass distribution and frame.,Material specification + controlled geometry + metrology,Critical,"Material identity, density, weighed mass, CG/inertia measurement or controlled derivation"
Ixx,200,,kg·mm²,V7_R5_MASS,V7-RC-005,MISSING,ABSENT_VALUE,None,Torso/head guidance mass property,No authoritative controlled value. Mass blocked by material/density; CG/inertia depend on mass distribution and frame.,Material specification + controlled geometry + metrology,Critical,"Material identity, density, weighed mass, CG/inertia measurement or controlled derivation"
Iyy,200,,kg·mm²,V7_R5_MASS,V7-RC-005,MISSING,ABSENT_VALUE,None,Torso/head guidance mass property,No authoritative controlled value. Mass blocked by material/density; CG/inertia depend on mass distribution and frame.,Material specification + controlled geometry + metrology,Critical,"Material identity, density, weighed mass, CG/inertia measurement or controlled derivation"
Izz,200,,kg·mm²,V7_R5_MASS,V7-RC-005,MISSING,ABSENT_VALUE,None,Torso/head guidance mass property,No authoritative controlled value. Mass blocked by material/density; CG/inertia depend on mass distribution and frame.,Material specification + controlled geometry + metrology,Critical,"Material identity, density, weighed mass, CG/inertia measurement or controlled derivation"
Ixy,200,,kg·mm²,V7_R5_MASS,V7-RC-005,MISSING,ABSENT_VALUE,None,Torso/head guidance mass property,No authoritative controlled value. Mass blocked by material/density; CG/inertia depend on mass distribution and frame.,Material specification + controlled geometry + metrology,Critical,"Material identity, density, weighed mass, CG/inertia measurement or controlled derivation"
Ixz,200,,kg·mm²,V7_R5_MASS,V7-RC-005,MISSING,ABSENT_VALUE,None,Torso/head guidance mass property,No authoritative controlled value. Mass blocked by material/density; CG/inertia depend on mass distribution and frame.,Material specification + controlled geometry + metrology,Critical,"Material identity, density, weighed mass, CG/inertia measurement or controlled derivation"
Iyz,200,,kg·mm²,V7_R5_MASS,V7-RC-005,MISSING,ABSENT_VALUE,None,Torso/head guidance mass property,No authoritative controlled value. Mass blocked by material/density; CG/inertia depend on mass distribution and frame.,Material specification + controlled geometry + metrology,Critical,"Material identity, density, weighed mass, CG/inertia measurement or controlled derivation"
principal moments,200,,kg·mm²,V7_R5_MASS,V7-RC-005,MISSING,ABSENT_VALUE,None,Torso/head guidance mass property,No authoritative controlled value. Mass blocked by material/density; CG/inertia depend on mass distribution and frame.,Material specification + controlled geometry + metrology,Critical,"Material identity, density, weighed mass, CG/inertia measurement or controlled derivation"
principal axes,200,,dimensionless/frame,V7_R5_MASS,V7-RC-005,MISSING,ABSENT_VALUE,None,Torso/head guidance mass property,No authoritative controlled value. Mass blocked by material/density; CG/inertia depend on mass distribution and frame.,Material specification + controlled geometry + metrology,Critical,"Material identity, density, weighed mass, CG/inertia measurement or controlled derivation"
B-Rep volume,210,66714.33605270136,mm3,V7_R5_MASS,V7-RC-005,MODEL_DERIVED,GEOMETRY_VOLUME,High,Mass-properties precursor,Density/material identity is not authoritative; volume is not mass.,Material identity + density,High,Controlled material and independent mass measurement
component mass,210,,kg,V7_R5_MASS,V7-RC-005,MISSING,ABSENT_VALUE,None,Sensor/trigger interface mass property,No authoritative controlled value. Mass blocked by material/density; CG/inertia depend on mass distribution and frame.,Material specification + controlled geometry + metrology,Critical,"Material identity, density, weighed mass, CG/inertia measurement or controlled derivation"
component CG X,210,,mm,V7_R5_MASS,V7-RC-005,MISSING,ABSENT_VALUE,None,Sensor/trigger interface mass property,No authoritative controlled value. Mass blocked by material/density; CG/inertia depend on mass distribution and frame.,Material specification + controlled geometry + metrology,Critical,"Material identity, density, weighed mass, CG/inertia measurement or controlled derivation"
component CG Y,210,,mm,V7_R5_MASS,V7-RC-005,MISSING,ABSENT_VALUE,None,Sensor/trigger interface mass property,No authoritative controlled value. Mass blocked by material/density; CG/inertia depend on mass distribution and frame.,Material specification + controlled geometry + metrology,Critical,"Material identity, density, weighed mass, CG/inertia measurement or controlled derivation"
component CG Z,210,,mm,V7_R5_MASS,V7-RC-005,MISSING,ABSENT_VALUE,None,Sensor/trigger interface mass property,No authoritative controlled value. Mass blocked by material/density; CG/inertia depend on mass distribution and frame.,Material specification + controlled geometry + metrology,Critical,"Material identity, density, weighed mass, CG/inertia measurement or controlled derivation"
Ixx,210,,kg·mm²,V7_R5_MASS,V7-RC-005,MISSING,ABSENT_VALUE,None,Sensor/trigger interface mass property,No authoritative controlled value. Mass blocked by material/density; CG/inertia depend on mass distribution and frame.,Material specification + controlled geometry + metrology,Critical,"Material identity, density, weighed mass, CG/inertia measurement or controlled derivation"
Iyy,210,,kg·mm²,V7_R5_MASS,V7-RC-005,MISSING,ABSENT_VALUE,None,Sensor/trigger interface mass property,No authoritative controlled value. Mass blocked by material/density; CG/inertia depend on mass distribution and frame.,Material specification + controlled geometry + metrology,Critical,"Material identity, density, weighed mass, CG/inertia measurement or controlled derivation"
Izz,210,,kg·mm²,V7_R5_MASS,V7-RC-005,MISSING,ABSENT_VALUE,None,Sensor/trigger interface mass property,No authoritative controlled value. Mass blocked by material/density; CG/inertia depend on mass distribution and frame.,Material specification + controlled geometry + metrology,Critical,"Material identity, density, weighed mass, CG/inertia measurement or controlled derivation"
Ixy,210,,kg·mm²,V7_R5_MASS,V7-RC-005,MISSING,ABSENT_VALUE,None,Sensor/trigger interface mass property,No authoritative controlled value. Mass blocked by material/density; CG/inertia depend on mass distribution and frame.,Material specification + controlled geometry + metrology,Critical,"Material identity, density, weighed mass, CG/inertia measurement or controlled derivation"
Ixz,210,,kg·mm²,V7_R5_MASS,V7-RC-005,MISSING,ABSENT_VALUE,None,Sensor/trigger interface mass property,No authoritative controlled value. Mass blocked by material/density; CG/inertia depend on mass distribution and frame.,Material specification + controlled geometry + metrology,Critical,"Material identity, density, weighed mass, CG/inertia measurement or controlled derivation"
Iyz,210,,kg·mm²,V7_R5_MASS,V7-RC-005,MISSING,ABSENT_VALUE,None,Sensor/trigger interface mass property,No authoritative controlled value. Mass blocked by material/density; CG/inertia depend on mass distribution and frame.,Material specification + controlled geometry + metrology,Critical,"Material identity, density, weighed mass, CG/inertia measurement or controlled derivation"
principal moments,210,,kg·mm²,V7_R5_MASS,V7-RC-005,MISSING,ABSENT_VALUE,None,Sensor/trigger interface mass property,No authoritative controlled value. Mass blocked by material/density; CG/inertia depend on mass distribution and frame.,Material specification + controlled geometry + metrology,Critical,"Material identity, density, weighed mass, CG/inertia measurement or controlled derivation"
principal axes,210,,dimensionless/frame,V7_R5_MASS,V7-RC-005,MISSING,ABSENT_VALUE,None,Sensor/trigger interface mass property,No authoritative controlled value. Mass blocked by material/density; CG/inertia depend on mass distribution and frame.,Material specification + controlled geometry + metrology,Critical,"Material identity, density, weighed mass, CG/inertia measurement or controlled derivation"
B-Rep volume,J,101787.60197630928,mm3,V7_R5_MASS,V7-RC-005,MODEL_DERIVED,GEOMETRY_VOLUME,High,Mass-properties precursor,Density/material identity is not authoritative; volume is not mass.,Material identity + density,High,Controlled material and independent mass measurement
component mass,J,,kg,V7_R5_MASS,V7-RC-005,MISSING,ABSENT_VALUE,None,Hinge/pivot/joint hardware mass property,No authoritative controlled value. Mass blocked by material/density; CG/inertia depend on mass distribution and frame.,Material specification + controlled geometry + metrology,Critical,"Material identity, density, weighed mass, CG/inertia measurement or controlled derivation"
component CG X,J,,mm,V7_R5_MASS,V7-RC-005,MISSING,ABSENT_VALUE,None,Hinge/pivot/joint hardware mass property,No authoritative controlled value. Mass blocked by material/density; CG/inertia depend on mass distribution and frame.,Material specification + controlled geometry + metrology,Critical,"Material identity, density, weighed mass, CG/inertia measurement or controlled derivation"
component CG Y,J,,mm,V7_R5_MASS,V7-RC-005,MISSING,ABSENT_VALUE,None,Hinge/pivot/joint hardware mass property,No authoritative controlled value. Mass blocked by material/density; CG/inertia depend on mass distribution and frame.,Material specification + controlled geometry + metrology,Critical,"Material identity, density, weighed mass, CG/inertia measurement or controlled derivation"
component CG Z,J,,mm,V7_R5_MASS,V7-RC-005,MISSING,ABSENT_VALUE,None,Hinge/pivot/joint hardware mass property,No authoritative controlled value. Mass blocked by material/density; CG/inertia depend on mass distribution and frame.,Material specification + controlled geometry + metrology,Critical,"Material identity, density, weighed mass, CG/inertia measurement or controlled derivation"
Ixx,J,,kg·mm²,V7_R5_MASS,V7-RC-005,MISSING,ABSENT_VALUE,None,Hinge/pivot/joint hardware mass property,No authoritative controlled value. Mass blocked by material/density; CG/inertia depend on mass distribution and frame.,Material specification + controlled geometry + metrology,Critical,"Material identity, density, weighed mass, CG/inertia measurement or controlled derivation"
Iyy,J,,kg·mm²,V7_R5_MASS,V7-RC-005,MISSING,ABSENT_VALUE,None,Hinge/pivot/joint hardware mass property,No authoritative controlled value. Mass blocked by material/density; CG/inertia depend on mass distribution and frame.,Material specification + controlled geometry + metrology,Critical,"Material identity, density, weighed mass, CG/inertia measurement or controlled derivation"
Izz,J,,kg·mm²,V7_R5_MASS,V7-RC-005,MISSING,ABSENT_VALUE,None,Hinge/pivot/joint hardware mass property,No authoritative controlled value. Mass blocked by material/density; CG/inertia depend on mass distribution and frame.,Material specification + controlled geometry + metrology,Critical,"Material identity, density, weighed mass, CG/inertia measurement or controlled derivation"
Ixy,J,,kg·mm²,V7_R5_MASS,V7-RC-005,MISSING,ABSENT_VALUE,None,Hinge/pivot/joint hardware mass property,No authoritative controlled value. Mass blocked by material/density; CG/inertia depend on mass distribution and frame.,Material specification + controlled geometry + metrology,Critical,"Material identity, density, weighed mass, CG/inertia measurement or controlled derivation"
Ixz,J,,kg·mm²,V7_R5_MASS,V7-RC-005,MISSING,ABSENT_VALUE,None,Hinge/pivot/joint hardware mass property,No authoritative controlled value. Mass blocked by material/density; CG/inertia depend on mass distribution and frame.,Material specification + controlled geometry + metrology,Critical,"Material identity, density, weighed mass, CG/inertia measurement or controlled derivation"
Iyz,J,,kg·mm²,V7_R5_MASS,V7-RC-005,MISSING,ABSENT_VALUE,None,Hinge/pivot/joint hardware mass property,No authoritative controlled value. Mass blocked by material/density; CG/inertia depend on mass distribution and frame.,Material specification + controlled geometry + metrology,Critical,"Material identity, density, weighed mass, CG/inertia measurement or controlled derivation"
principal moments,J,,kg·mm²,V7_R5_MASS,V7-RC-005,MISSING,ABSENT_VALUE,None,Hinge/pivot/joint hardware mass property,No authoritative controlled value. Mass blocked by material/density; CG/inertia depend on mass distribution and frame.,Material specification + controlled geometry + metrology,Critical,"Material identity, density, weighed mass, CG/inertia measurement or controlled derivation"
principal axes,J,,dimensionless/frame,V7_R5_MASS,V7-RC-005,MISSING,ABSENT_VALUE,None,Hinge/pivot/joint hardware mass property,No authoritative controlled value. Mass blocked by material/density; CG/inertia depend on mass distribution and frame.,Material specification + controlled geometry + metrology,Critical,"Material identity, density, weighed mass, CG/inertia measurement or controlled derivation"
total seat mass,SYSTEM,,kg,V7_R5_MASS,V7-RC-005,MISSING,ABSENT_VALUE,None,Assembly mass properties,Assembly values are null; no density-based promotion permitted.,Controlled materials + measurement/validated derivation,Critical,Release controlled mass-properties report
total CG X,SYSTEM,,mm,V7_R5_MASS,V7-RC-005,MISSING,ABSENT_VALUE,None,Assembly mass properties,Assembly values are null; no density-based promotion permitted.,Controlled materials + measurement/validated derivation,Critical,Release controlled mass-properties report
total CG Y,SYSTEM,,mm,V7_R5_MASS,V7-RC-005,MISSING,ABSENT_VALUE,None,Assembly mass properties,Assembly values are null; no density-based promotion permitted.,Controlled materials + measurement/validated derivation,Critical,Release controlled mass-properties report
total CG Z,SYSTEM,,mm,V7_R5_MASS,V7-RC-005,MISSING,ABSENT_VALUE,None,Assembly mass properties,Assembly values are null; no density-based promotion permitted.,Controlled materials + measurement/validated derivation,Critical,Release controlled mass-properties report
total Ixx,SYSTEM,,kg·mm²,V7_R5_MASS,V7-RC-005,MISSING,ABSENT_VALUE,None,Assembly mass properties,Assembly values are null; no density-based promotion permitted.,Controlled materials + measurement/validated derivation,Critical,Release controlled mass-properties report
total Iyy,SYSTEM,,kg·mm²,V7_R5_MASS,V7-RC-005,MISSING,ABSENT_VALUE,None,Assembly mass properties,Assembly values are null; no density-based promotion permitted.,Controlled materials + measurement/validated derivation,Critical,Release controlled mass-properties report
total Izz,SYSTEM,,kg·mm²,V7_R5_MASS,V7-RC-005,MISSING,ABSENT_VALUE,None,Assembly mass properties,Assembly values are null; no density-based promotion permitted.,Controlled materials + measurement/validated derivation,Critical,Release controlled mass-properties report
total Ixy,SYSTEM,,kg·mm²,V7_R5_MASS,V7-RC-005,MISSING,ABSENT_VALUE,None,Assembly mass properties,Assembly values are null; no density-based promotion permitted.,Controlled materials + measurement/validated derivation,Critical,Release controlled mass-properties report
total Ixz,SYSTEM,,kg·mm²,V7_R5_MASS,V7-RC-005,MISSING,ABSENT_VALUE,None,Assembly mass properties,Assembly values are null; no density-based promotion permitted.,Controlled materials + measurement/validated derivation,Critical,Release controlled mass-properties report
total Iyz,SYSTEM,,kg·mm²,V7_R5_MASS,V7-RC-005,MISSING,ABSENT_VALUE,None,Assembly mass properties,Assembly values are null; no density-based promotion permitted.,Controlled materials + measurement/validated derivation,Critical,Release controlled mass-properties report
principal moments,SYSTEM,,kg·mm²,V7_R5_MASS,V7-RC-005,MISSING,ABSENT_VALUE,None,Assembly mass properties,Assembly values are null; no density-based promotion permitted.,Controlled materials + measurement/validated derivation,Critical,Release controlled mass-properties report
principal axes,SYSTEM,,dimensionless/frame,V7_R5_MASS,V7-RC-005,MISSING,ABSENT_VALUE,None,Assembly mass properties,Assembly values are null; no density-based promotion permitted.,Controlled materials + measurement/validated derivation,Critical,Release controlled mass-properties report
mass distribution,SYSTEM,,kg by ref,V7_R5_MASS,V7-RC-005,MISSING,ABSENT_VALUE,None,Assembly mass properties,Assembly values are null; no density-based promotion permitted.,Controlled materials + measurement/validated derivation,Critical,Release controlled mass-properties report
occupant mass definition,190/200/SYSTEM,,kg / definition,V7/V6 + current registers,V7/V6/RC-005,MISSING,ABSENT_OR_UNCONTROLLED,None,Dynamic system mass definition,No current T-OCS controlled occupant mass definition found. Legacy values belong to source study only.,Selected test dummy/occupant definition + vehicle/test protocol,Critical,Controlled test configuration
ATD/HBM mass,190/200/SYSTEM,,kg / definition,V7/V6 + current registers,V7/V6/RC-005,MISSING,ABSENT_OR_UNCONTROLLED,None,Dynamic system mass definition,No current T-OCS controlled occupant mass definition found. Legacy values belong to source study only.,Selected test dummy/occupant definition + vehicle/test protocol,Critical,Controlled test configuration
seat + occupant combined mass,190/200/SYSTEM,,kg / definition,V7/V6 + current registers,V7/V6/RC-005,MISSING,ABSENT_OR_UNCONTROLLED,None,Dynamic system mass definition,No current T-OCS controlled occupant mass definition found. Legacy values belong to source study only.,Selected test dummy/occupant definition + vehicle/test protocol,Critical,Controlled test configuration
dynamic initial mass state,190/200/SYSTEM,,kg / definition,V7/V6 + current registers,V7/V6/RC-005,MISSING,ABSENT_OR_UNCONTROLLED,None,Dynamic system mass definition,No current T-OCS controlled occupant mass definition found. Legacy values belong to source study only.,Selected test dummy/occupant definition + vehicle/test protocol,Critical,Controlled test configuration
vehicle datum,SYSTEM,,mm / coordinate / load / definition,V7_R5_VEHICLE + V6/V7 disclosure,V7-RC-005 / V6 / V7,OEM_INPUT_REQUIRED,OEM_INPUT,High,Vehicle integration / occupant packaging,"Authoritative vehicle-specific datum, package, hardpoints or anchor data are absent.",OEM vehicle CAD/datum/hardpoints/requirements,Critical,Controlled OEM vehicle interface package
seat mount hardpoints,100/110L/110R/120,,mm / coordinate / load / definition,V7_R5_VEHICLE + V6/V7 disclosure,V7-RC-005 / V6 / V7,OEM_INPUT_REQUIRED,OEM_INPUT,High,Vehicle integration / occupant packaging,"Authoritative vehicle-specific datum, package, hardpoints or anchor data are absent.",OEM vehicle CAD/datum/hardpoints/requirements,Critical,Controlled OEM vehicle interface package
front rail mounting points,110L/110R,,mm / coordinate / load / definition,V7_R5_VEHICLE + V6/V7 disclosure,V7-RC-005 / V6 / V7,OEM_INPUT_REQUIRED,OEM_INPUT,High,Vehicle integration / occupant packaging,"Authoritative vehicle-specific datum, package, hardpoints or anchor data are absent.",OEM vehicle CAD/datum/hardpoints/requirements,Critical,Controlled OEM vehicle interface package
rear rail mounting points,110L/110R,,mm / coordinate / load / definition,V7_R5_VEHICLE + V6/V7 disclosure,V7-RC-005 / V6 / V7,OEM_INPUT_REQUIRED,OEM_INPUT,High,Vehicle integration / occupant packaging,"Authoritative vehicle-specific datum, package, hardpoints or anchor data are absent.",OEM vehicle CAD/datum/hardpoints/requirements,Critical,Controlled OEM vehicle interface package
left/right hardpoint coordinates,110L/110R,,mm / coordinate / load / definition,V7_R5_VEHICLE + V6/V7 disclosure,V7-RC-005 / V6 / V7,OEM_INPUT_REQUIRED,OEM_INPUT,High,Vehicle integration / occupant packaging,"Authoritative vehicle-specific datum, package, hardpoints or anchor data are absent.",OEM vehicle CAD/datum/hardpoints/requirements,Critical,Controlled OEM vehicle interface package
BIW interface geometry,100,,mm / coordinate / load / definition,V7_R5_VEHICLE + V6/V7 disclosure,V7-RC-005 / V6 / V7,OEM_INPUT_REQUIRED,OEM_INPUT,High,Vehicle integration / occupant packaging,"Authoritative vehicle-specific datum, package, hardpoints or anchor data are absent.",OEM vehicle CAD/datum/hardpoints/requirements,Critical,Controlled OEM vehicle interface package
floor thickness,100,,mm / coordinate / load / definition,V7_R5_VEHICLE + V6/V7 disclosure,V7-RC-005 / V6 / V7,OEM_INPUT_REQUIRED,OEM_INPUT,High,Vehicle integration / occupant packaging,"Authoritative vehicle-specific datum, package, hardpoints or anchor data are absent.",OEM vehicle CAD/datum/hardpoints/requirements,Critical,Controlled OEM vehicle interface package
mounting reinforcement geometry,100,,mm / coordinate / load / definition,V7_R5_VEHICLE + V6/V7 disclosure,V7-RC-005 / V6 / V7,OEM_INPUT_REQUIRED,OEM_INPUT,High,Vehicle integration / occupant packaging,"Authoritative vehicle-specific datum, package, hardpoints or anchor data are absent.",OEM vehicle CAD/datum/hardpoints/requirements,Critical,Controlled OEM vehicle interface package
local structural sections,100,,mm / coordinate / load / definition,V7_R5_VEHICLE + V6/V7 disclosure,V7-RC-005 / V6 / V7,OEM_INPUT_REQUIRED,OEM_INPUT,High,Vehicle integration / occupant packaging,"Authoritative vehicle-specific datum, package, hardpoints or anchor data are absent.",OEM vehicle CAD/datum/hardpoints/requirements,Critical,Controlled OEM vehicle interface package
allowable package envelope,SYSTEM,,mm / coordinate / load / definition,V7_R5_VEHICLE + V6/V7 disclosure,V7-RC-005 / V6 / V7,OEM_INPUT_REQUIRED,OEM_INPUT,High,Vehicle integration / occupant packaging,"Authoritative vehicle-specific datum, package, hardpoints or anchor data are absent.",OEM vehicle CAD/datum/hardpoints/requirements,Critical,Controlled OEM vehicle interface package
tunnel/console clearance,SYSTEM,,mm / coordinate / load / definition,V7_R5_VEHICLE + V6/V7 disclosure,V7-RC-005 / V6 / V7,OEM_INPUT_REQUIRED,OEM_INPUT,High,Vehicle integration / occupant packaging,"Authoritative vehicle-specific datum, package, hardpoints or anchor data are absent.",OEM vehicle CAD/datum/hardpoints/requirements,Critical,Controlled OEM vehicle interface package
wheelhouse/structural clearance,SYSTEM,,mm / coordinate / load / definition,V7_R5_VEHICLE + V6/V7 disclosure,V7-RC-005 / V6 / V7,OEM_INPUT_REQUIRED,OEM_INPUT,High,Vehicle integration / occupant packaging,"Authoritative vehicle-specific datum, package, hardpoints or anchor data are absent.",OEM vehicle CAD/datum/hardpoints/requirements,Critical,Controlled OEM vehicle interface package
rear-seat boundary if applicable,SYSTEM,,mm / coordinate / load / definition,V7_R5_VEHICLE + V6/V7 disclosure,V7-RC-005 / V6 / V7,OEM_INPUT_REQUIRED,OEM_INPUT,High,Vehicle integration / occupant packaging,"Authoritative vehicle-specific datum, package, hardpoints or anchor data are absent.",OEM vehicle CAD/datum/hardpoints/requirements,Critical,Controlled OEM vehicle interface package
restraint anchor coordinates,190,,mm / coordinate / load / definition,V7_R5_VEHICLE + V6/V7 disclosure,V7-RC-005 / V6 / V7,OEM_INPUT_REQUIRED,OEM_INPUT,High,Vehicle integration / occupant packaging,"Authoritative vehicle-specific datum, package, hardpoints or anchor data are absent.",OEM vehicle CAD/datum/hardpoints/requirements,Critical,Controlled OEM vehicle interface package
belt anchorage loads,190,,mm / coordinate / load / definition,V7_R5_VEHICLE + V6/V7 disclosure,V7-RC-005 / V6 / V7,OEM_INPUT_REQUIRED,OEM_INPUT,High,Vehicle integration / occupant packaging,"Authoritative vehicle-specific datum, package, hardpoints or anchor data are absent.",OEM vehicle CAD/datum/hardpoints/requirements,Critical,Controlled OEM vehicle interface package
H-point,SYSTEM,,mm / coordinate / load / definition,V7_R5_VEHICLE + V6/V7 disclosure,V7-RC-005 / V6 / V7,OEM_INPUT_REQUIRED,OEM_INPUT,High,Vehicle integration / occupant packaging,"Authoritative vehicle-specific datum, package, hardpoints or anchor data are absent.",OEM vehicle CAD/datum/hardpoints/requirements,Critical,Controlled OEM vehicle interface package
R-point/SgRP,SYSTEM,,mm / coordinate / load / definition,V7_R5_VEHICLE + V6/V7 disclosure,V7-RC-005 / V6 / V7,OEM_INPUT_REQUIRED,OEM_INPUT,High,Vehicle integration / occupant packaging,"Authoritative vehicle-specific datum, package, hardpoints or anchor data are absent.",OEM vehicle CAD/datum/hardpoints/requirements,Critical,Controlled OEM vehicle interface package
occupant clearance envelope,140/190/200,,mm / coordinate / load / definition,V7_R5_VEHICLE + V6/V7 disclosure,V7-RC-005 / V6 / V7,OEM_INPUT_REQUIRED,OEM_INPUT,High,Vehicle integration / occupant packaging,"Authoritative vehicle-specific datum, package, hardpoints or anchor data are absent.",OEM vehicle CAD/datum/hardpoints/requirements,Critical,Controlled OEM vehicle interface package
head clearance,200,,mm / coordinate / load / definition,V7_R5_VEHICLE + V6/V7 disclosure,V7-RC-005 / V6 / V7,OEM_INPUT_REQUIRED,OEM_INPUT,High,Vehicle integration / occupant packaging,"Authoritative vehicle-specific datum, package, hardpoints or anchor data are absent.",OEM vehicle CAD/datum/hardpoints/requirements,Critical,Controlled OEM vehicle interface package
torso clearance,200,,mm / coordinate / load / definition,V7_R5_VEHICLE + V6/V7 disclosure,V7-RC-005 / V6 / V7,OEM_INPUT_REQUIRED,OEM_INPUT,High,Vehicle integration / occupant packaging,"Authoritative vehicle-specific datum, package, hardpoints or anchor data are absent.",OEM vehicle CAD/datum/hardpoints/requirements,Critical,Controlled OEM vehicle interface package
knee/leg clearance,140/190/200,,mm / coordinate / load / definition,V7_R5_VEHICLE + V6/V7 disclosure,V7-RC-005 / V6 / V7,OEM_INPUT_REQUIRED,OEM_INPUT,High,Vehicle integration / occupant packaging,"Authoritative vehicle-specific datum, package, hardpoints or anchor data are absent.",OEM vehicle CAD/datum/hardpoints/requirements,Critical,Controlled OEM vehicle interface package
egress envelope,SYSTEM,,mm / coordinate / load / definition,V7_R5_VEHICLE + V6/V7 disclosure,V7-RC-005 / V6 / V7,OEM_INPUT_REQUIRED,OEM_INPUT,High,Vehicle integration / occupant packaging,"Authoritative vehicle-specific datum, package, hardpoints or anchor data are absent.",OEM vehicle CAD/datum/hardpoints/requirements,Critical,Controlled OEM vehicle interface package
steering/pedal clearance where front-seat relevant,SYSTEM,,mm / coordinate / load / definition,V7_R5_VEHICLE + V6/V7 disclosure,V7-RC-005 / V6 / V7,OEM_INPUT_REQUIRED,OEM_INPUT,High,Vehicle integration / occupant packaging,"Authoritative vehicle-specific datum, package, hardpoints or anchor data are absent.",OEM vehicle CAD/datum/hardpoints/requirements,Critical,Controlled OEM vehicle interface package
airbag interaction envelope if applicable,190/200,,mm / coordinate / load / definition,V7_R5_VEHICLE + V6/V7 disclosure,V7-RC-005 / V6 / V7,OEM_INPUT_REQUIRED,OEM_INPUT,High,Vehicle integration / occupant packaging,"Authoritative vehicle-specific datum, package, hardpoints or anchor data are absent.",OEM vehicle CAD/datum/hardpoints/requirements,Critical,Controlled OEM vehicle interface package
wiring/service envelope,210/190,,mm / coordinate / load / definition,V7_R5_VEHICLE + V6/V7 disclosure,V7-RC-005 / V6 / V7,OEM_INPUT_REQUIRED,OEM_INPUT,High,Vehicle integration / occupant packaging,"Authoritative vehicle-specific datum, package, hardpoints or anchor data are absent.",OEM vehicle CAD/datum/hardpoints/requirements,Critical,Controlled OEM vehicle interface package
pelvis reference frame,140/160/190/200,,definition / deg,V7/V6 disclosure + R0/R1 package,V7/V6/R0/R1,MISSING,UNCONTROLLED_DEFINITION,None,Occupant packaging and trajectory definition,No authoritative integrated occupant geometry/posture configuration.,Vehicle H/R point + selected occupant/ATD + restraint configuration,Critical,Controlled occupant package definition
torso reference frame,140/160/190/200,,definition / deg,V7/V6 disclosure + R0/R1 package,V7/V6/R0/R1,MISSING,UNCONTROLLED_DEFINITION,None,Occupant packaging and trajectory definition,No authoritative integrated occupant geometry/posture configuration.,Vehicle H/R point + selected occupant/ATD + restraint configuration,Critical,Controlled occupant package definition
head reference frame,140/160/190/200,,definition / deg,V7/V6 disclosure + R0/R1 package,V7/V6/R0/R1,MISSING,UNCONTROLLED_DEFINITION,None,Occupant packaging and trajectory definition,No authoritative integrated occupant geometry/posture configuration.,Vehicle H/R point + selected occupant/ATD + restraint configuration,Critical,Controlled occupant package definition
backrest nominal installed angle,140/160/190/200,,definition / deg,V7/V6 disclosure + R0/R1 package,V7/V6/R0/R1,MISSING,UNCONTROLLED_DEFINITION,None,Occupant packaging and trajectory definition,No authoritative integrated occupant geometry/posture configuration.,Vehicle H/R point + selected occupant/ATD + restraint configuration,Critical,Controlled occupant package definition
minimum backrest angle,140/160/190/200,,definition / deg,V7/V6 disclosure + R0/R1 package,V7/V6/R0/R1,MISSING,UNCONTROLLED_DEFINITION,None,Occupant packaging and trajectory definition,No authoritative integrated occupant geometry/posture configuration.,Vehicle H/R point + selected occupant/ATD + restraint configuration,Critical,Controlled occupant package definition
maximum backrest angle,140/160/190/200,,definition / deg,V7/V6 disclosure + R0/R1 package,V7/V6/R0/R1,MISSING,UNCONTROLLED_DEFINITION,None,Occupant packaging and trajectory definition,No authoritative integrated occupant geometry/posture configuration.,Vehicle H/R point + selected occupant/ATD + restraint configuration,Critical,Controlled occupant package definition
cushion angle,140/160/190/200,,definition / deg,V7/V6 disclosure + R0/R1 package,V7/V6/R0/R1,MISSING,UNCONTROLLED_DEFINITION,None,Occupant packaging and trajectory definition,No authoritative integrated occupant geometry/posture configuration.,Vehicle H/R point + selected occupant/ATD + restraint configuration,Critical,Controlled occupant package definition
anthropometric reference,140/160/190/200,,definition / deg,V7/V6 disclosure + R0/R1 package,V7/V6/R0/R1,MISSING,UNCONTROLLED_DEFINITION,None,Occupant packaging and trajectory definition,No authoritative integrated occupant geometry/posture configuration.,Vehicle H/R point + selected occupant/ATD + restraint configuration,Critical,Controlled occupant package definition
ATD/manikin model,140/160/190/200,,definition / deg,V7/V6 disclosure + R0/R1 package,V7/V6/R0/R1,MISSING,UNCONTROLLED_DEFINITION,None,Occupant packaging and trajectory definition,No authoritative integrated occupant geometry/posture configuration.,Vehicle H/R point + selected occupant/ATD + restraint configuration,Critical,Controlled occupant package definition
occupant posture definition,140/160/190/200,,definition / deg,V7/V6 disclosure + R0/R1 package,V7/V6/R0/R1,MISSING,UNCONTROLLED_DEFINITION,None,Occupant packaging and trajectory definition,No authoritative integrated occupant geometry/posture configuration.,Vehicle H/R point + selected occupant/ATD + restraint configuration,Critical,Controlled occupant package definition
J_RAIL_L parent,110L/120,110L,,V7_R4_MODEL,V7-RC-004,MODEL_DERIVED,KINEMATIC_MODEL,High,Joint definition / packaging,"Physical joint origin, clearances, compliance, tolerances and failure behavior are not released.",Authoritative joint drawing + physical inspection/test,Critical,Joint drawing + clearance/compliance characterization
J_RAIL_L child,110L/120,120,,V7_R4_MODEL,V7-RC-004,MODEL_DERIVED,KINEMATIC_MODEL,High,Joint definition / packaging,"Physical joint origin, clearances, compliance, tolerances and failure behavior are not released.",Authoritative joint drawing + physical inspection/test,Critical,Joint drawing + clearance/compliance characterization
J_RAIL_L joint type,110L/120,PRISMATIC,,V7_R4_MODEL,V7-RC-004,MODEL_DERIVED,KINEMATIC_MODEL,High,Joint definition / packaging,"Physical joint origin, clearances, compliance, tolerances and failure behavior are not released.",Authoritative joint drawing + physical inspection/test,Critical,Joint drawing + clearance/compliance characterization
J_RAIL_L axis,110L/120,"[1,0,0]",vector,V7_R4_MODEL,V7-RC-004,MODEL_DERIVED,KINEMATIC_MODEL,High,Joint definition / packaging,"Physical joint origin, clearances, compliance, tolerances and failure behavior are not released.",Authoritative joint drawing + physical inspection/test,Critical,Joint drawing + clearance/compliance characterization
J_RAIL_L coordinate,110L/120,q1,,V7_R4_MODEL,V7-RC-004,MODEL_DERIVED,KINEMATIC_MODEL,High,Joint definition / packaging,"Physical joint origin, clearances, compliance, tolerances and failure behavior are not released.",Authoritative joint drawing + physical inspection/test,Critical,Joint drawing + clearance/compliance characterization
J_RAIL_L DOF,110L/120,Tx if prismatic; Ry if revolute; state if state constraint,,V7_R4_MODEL,V7-RC-004,MODEL_DERIVED,KINEMATIC_MODEL,High,Joint definition / packaging,"Physical joint origin, clearances, compliance, tolerances and failure behavior are not released.",Authoritative joint drawing + physical inspection/test,Critical,Joint drawing + clearance/compliance characterization
J_RAIL_L limits,110L/120,0..180 mm,mm/deg/state,V7_R4_MODEL,V7-RC-004,MODEL_DERIVED,KINEMATIC_MODEL,High,Joint definition / packaging,"Physical joint origin, clearances, compliance, tolerances and failure behavior are not released.",Authoritative joint drawing + physical inspection/test,Critical,Joint drawing + clearance/compliance characterization
J_RAIL_L origin,110L/120,,mm,V7_R4_MODEL,V7-RC-004,MISSING,UNDEFINED / NOT RELEASED,None,Joint definition / packaging,"Physical joint origin, clearances, compliance, tolerances and failure behavior are not released.",Authoritative joint drawing + physical inspection/test,Critical,Joint drawing + clearance/compliance characterization
J_RAIL_L clearance,110L/120,,mm,V7_R4_MODEL,V7-RC-004,MISSING,UNDEFINED / NOT RELEASED,None,Joint definition / packaging,"Physical joint origin, clearances, compliance, tolerances and failure behavior are not released.",Authoritative joint drawing + physical inspection/test,Critical,Joint drawing + clearance/compliance characterization
J_RAIL_L singularity risk,110L/120,,qualitative,V7_R4_MODEL,V7-RC-004,MISSING,UNDEFINED / NOT RELEASED,None,Joint definition / packaging,"Physical joint origin, clearances, compliance, tolerances and failure behavior are not released.",Authoritative joint drawing + physical inspection/test,Critical,Joint drawing + clearance/compliance characterization
J_RAIL_L coupling,110L/120,q1/q2,,V7_R4_MODEL,V7-RC-004,MODEL_DERIVED,KINEMATIC_MODEL,High,Joint definition / packaging,"Physical joint origin, clearances, compliance, tolerances and failure behavior are not released.",Authoritative joint drawing + physical inspection/test,Critical,Joint drawing + clearance/compliance characterization
J_RAIL_R parent,110R/120,110R,,V7_R4_MODEL,V7-RC-004,MODEL_DERIVED,KINEMATIC_MODEL,High,Joint definition / packaging,"Physical joint origin, clearances, compliance, tolerances and failure behavior are not released.",Authoritative joint drawing + physical inspection/test,Critical,Joint drawing + clearance/compliance characterization
J_RAIL_R child,110R/120,120,,V7_R4_MODEL,V7-RC-004,MODEL_DERIVED,KINEMATIC_MODEL,High,Joint definition / packaging,"Physical joint origin, clearances, compliance, tolerances and failure behavior are not released.",Authoritative joint drawing + physical inspection/test,Critical,Joint drawing + clearance/compliance characterization
J_RAIL_R joint type,110R/120,PRISMATIC,,V7_R4_MODEL,V7-RC-004,MODEL_DERIVED,KINEMATIC_MODEL,High,Joint definition / packaging,"Physical joint origin, clearances, compliance, tolerances and failure behavior are not released.",Authoritative joint drawing + physical inspection/test,Critical,Joint drawing + clearance/compliance characterization
J_RAIL_R axis,110R/120,"[1,0,0]",vector,V7_R4_MODEL,V7-RC-004,MODEL_DERIVED,KINEMATIC_MODEL,High,Joint definition / packaging,"Physical joint origin, clearances, compliance, tolerances and failure behavior are not released.",Authoritative joint drawing + physical inspection/test,Critical,Joint drawing + clearance/compliance characterization
J_RAIL_R coordinate,110R/120,q1,,V7_R4_MODEL,V7-RC-004,MODEL_DERIVED,KINEMATIC_MODEL,High,Joint definition / packaging,"Physical joint origin, clearances, compliance, tolerances and failure behavior are not released.",Authoritative joint drawing + physical inspection/test,Critical,Joint drawing + clearance/compliance characterization
J_RAIL_R DOF,110R/120,Tx if prismatic; Ry if revolute; state if state constraint,,V7_R4_MODEL,V7-RC-004,MODEL_DERIVED,KINEMATIC_MODEL,High,Joint definition / packaging,"Physical joint origin, clearances, compliance, tolerances and failure behavior are not released.",Authoritative joint drawing + physical inspection/test,Critical,Joint drawing + clearance/compliance characterization
J_RAIL_R limits,110R/120,0..180 mm,mm/deg/state,V7_R4_MODEL,V7-RC-004,MODEL_DERIVED,KINEMATIC_MODEL,High,Joint definition / packaging,"Physical joint origin, clearances, compliance, tolerances and failure behavior are not released.",Authoritative joint drawing + physical inspection/test,Critical,Joint drawing + clearance/compliance characterization
J_RAIL_R origin,110R/120,,mm,V7_R4_MODEL,V7-RC-004,MISSING,UNDEFINED / NOT RELEASED,None,Joint definition / packaging,"Physical joint origin, clearances, compliance, tolerances and failure behavior are not released.",Authoritative joint drawing + physical inspection/test,Critical,Joint drawing + clearance/compliance characterization
J_RAIL_R clearance,110R/120,,mm,V7_R4_MODEL,V7-RC-004,MISSING,UNDEFINED / NOT RELEASED,None,Joint definition / packaging,"Physical joint origin, clearances, compliance, tolerances and failure behavior are not released.",Authoritative joint drawing + physical inspection/test,Critical,Joint drawing + clearance/compliance characterization
J_RAIL_R singularity risk,110R/120,,qualitative,V7_R4_MODEL,V7-RC-004,MISSING,UNDEFINED / NOT RELEASED,None,Joint definition / packaging,"Physical joint origin, clearances, compliance, tolerances and failure behavior are not released.",Authoritative joint drawing + physical inspection/test,Critical,Joint drawing + clearance/compliance characterization
J_RAIL_R coupling,110R/120,q1/q2,,V7_R4_MODEL,V7-RC-004,MODEL_DERIVED,KINEMATIC_MODEL,High,Joint definition / packaging,"Physical joint origin, clearances, compliance, tolerances and failure behavior are not released.",Authoritative joint drawing + physical inspection/test,Critical,Joint drawing + clearance/compliance characterization
J_SEATBACK parent,J/160,J,,V7_R4_MODEL,V7-RC-004,MODEL_DERIVED,KINEMATIC_MODEL,High,Joint definition / packaging,"Physical joint origin, clearances, compliance, tolerances and failure behavior are not released.",Authoritative joint drawing + physical inspection/test,Critical,Joint drawing + clearance/compliance characterization
J_SEATBACK child,J/160,160,,V7_R4_MODEL,V7-RC-004,MODEL_DERIVED,KINEMATIC_MODEL,High,Joint definition / packaging,"Physical joint origin, clearances, compliance, tolerances and failure behavior are not released.",Authoritative joint drawing + physical inspection/test,Critical,Joint drawing + clearance/compliance characterization
J_SEATBACK joint type,J/160,REVOLUTE,,V7_R4_MODEL,V7-RC-004,MODEL_DERIVED,KINEMATIC_MODEL,High,Joint definition / packaging,"Physical joint origin, clearances, compliance, tolerances and failure behavior are not released.",Authoritative joint drawing + physical inspection/test,Critical,Joint drawing + clearance/compliance characterization
J_SEATBACK axis,J/160,"[0,1,0]",vector,V7_R4_MODEL,V7-RC-004,MODEL_DERIVED,KINEMATIC_MODEL,High,Joint definition / packaging,"Physical joint origin, clearances, compliance, tolerances and failure behavior are not released.",Authoritative joint drawing + physical inspection/test,Critical,Joint drawing + clearance/compliance characterization
J_SEATBACK coordinate,J/160,q2,,V7_R4_MODEL,V7-RC-004,MODEL_DERIVED,KINEMATIC_MODEL,High,Joint definition / packaging,"Physical joint origin, clearances, compliance, tolerances and failure behavior are not released.",Authoritative joint drawing + physical inspection/test,Critical,Joint drawing + clearance/compliance characterization
J_SEATBACK DOF,J/160,Tx if prismatic; Ry if revolute; state if state constraint,,V7_R4_MODEL,V7-RC-004,MODEL_DERIVED,KINEMATIC_MODEL,High,Joint definition / packaging,"Physical joint origin, clearances, compliance, tolerances and failure behavior are not released.",Authoritative joint drawing + physical inspection/test,Critical,Joint drawing + clearance/compliance characterization
J_SEATBACK limits,J/160,-10..25 deg,mm/deg/state,V7_R4_MODEL,V7-RC-004,MODEL_DERIVED,KINEMATIC_MODEL,High,Joint definition / packaging,"Physical joint origin, clearances, compliance, tolerances and failure behavior are not released.",Authoritative joint drawing + physical inspection/test,Critical,Joint drawing + clearance/compliance characterization
J_SEATBACK origin,J/160,,mm,V7_R4_MODEL,V7-RC-004,MISSING,UNDEFINED / NOT RELEASED,None,Joint definition / packaging,"Physical joint origin, clearances, compliance, tolerances and failure behavior are not released.",Authoritative joint drawing + physical inspection/test,Critical,Joint drawing + clearance/compliance characterization
J_SEATBACK clearance,J/160,,mm,V7_R4_MODEL,V7-RC-004,MISSING,UNDEFINED / NOT RELEASED,None,Joint definition / packaging,"Physical joint origin, clearances, compliance, tolerances and failure behavior are not released.",Authoritative joint drawing + physical inspection/test,Critical,Joint drawing + clearance/compliance characterization
J_SEATBACK singularity risk,J/160,,qualitative,V7_R4_MODEL,V7-RC-004,MISSING,UNDEFINED / NOT RELEASED,None,Joint definition / packaging,"Physical joint origin, clearances, compliance, tolerances and failure behavior are not released.",Authoritative joint drawing + physical inspection/test,Critical,Joint drawing + clearance/compliance characterization
J_SEATBACK coupling,J/160,q1/q2,,V7_R4_MODEL,V7-RC-004,MODEL_DERIVED,KINEMATIC_MODEL,High,Joint definition / packaging,"Physical joint origin, clearances, compliance, tolerances and failure behavior are not released.",Authoritative joint drawing + physical inspection/test,Critical,Joint drawing + clearance/compliance characterization
J_LINK_L parent,150L/160,150L,,V7_R4_MODEL,V7-RC-004,MODEL_DERIVED,KINEMATIC_MODEL,High,Joint definition / packaging,"Physical joint origin, clearances, compliance, tolerances and failure behavior are not released.",Authoritative joint drawing + physical inspection/test,Critical,Joint drawing + clearance/compliance characterization
J_LINK_L child,150L/160,160,,V7_R4_MODEL,V7-RC-004,MODEL_DERIVED,KINEMATIC_MODEL,High,Joint definition / packaging,"Physical joint origin, clearances, compliance, tolerances and failure behavior are not released.",Authoritative joint drawing + physical inspection/test,Critical,Joint drawing + clearance/compliance characterization
J_LINK_L joint type,150L/160,REVOLUTE_LINK,,V7_R4_MODEL,V7-RC-004,MODEL_DERIVED,KINEMATIC_MODEL,High,Joint definition / packaging,"Physical joint origin, clearances, compliance, tolerances and failure behavior are not released.",Authoritative joint drawing + physical inspection/test,Critical,Joint drawing + clearance/compliance characterization
J_LINK_L axis,150L/160,q2-coupled,vector,V7_R4_MODEL,V7-RC-004,MODEL_DERIVED,KINEMATIC_MODEL,High,Joint definition / packaging,"Physical joint origin, clearances, compliance, tolerances and failure behavior are not released.",Authoritative joint drawing + physical inspection/test,Critical,Joint drawing + clearance/compliance characterization
J_LINK_L coordinate,150L/160,q2,,V7_R4_MODEL,V7-RC-004,MODEL_DERIVED,KINEMATIC_MODEL,High,Joint definition / packaging,"Physical joint origin, clearances, compliance, tolerances and failure behavior are not released.",Authoritative joint drawing + physical inspection/test,Critical,Joint drawing + clearance/compliance characterization
J_LINK_L DOF,150L/160,Tx if prismatic; Ry if revolute; state if state constraint,,V7_R4_MODEL,V7-RC-004,MODEL_DERIVED,KINEMATIC_MODEL,High,Joint definition / packaging,"Physical joint origin, clearances, compliance, tolerances and failure behavior are not released.",Authoritative joint drawing + physical inspection/test,Critical,Joint drawing + clearance/compliance characterization
J_LINK_L limits,150L/160,TO_BE_VALIDATED,mm/deg/state,V7_R4_MODEL,V7-RC-004,MODEL_DERIVED,KINEMATIC_MODEL,High,Joint definition / packaging,"Physical joint origin, clearances, compliance, tolerances and failure behavior are not released.",Authoritative joint drawing + physical inspection/test,Critical,Joint drawing + clearance/compliance characterization
J_LINK_L origin,150L/160,,mm,V7_R4_MODEL,V7-RC-004,MISSING,UNDEFINED / NOT RELEASED,None,Joint definition / packaging,"Physical joint origin, clearances, compliance, tolerances and failure behavior are not released.",Authoritative joint drawing + physical inspection/test,Critical,Joint drawing + clearance/compliance characterization
J_LINK_L clearance,150L/160,,mm,V7_R4_MODEL,V7-RC-004,MISSING,UNDEFINED / NOT RELEASED,None,Joint definition / packaging,"Physical joint origin, clearances, compliance, tolerances and failure behavior are not released.",Authoritative joint drawing + physical inspection/test,Critical,Joint drawing + clearance/compliance characterization
J_LINK_L singularity risk,150L/160,,qualitative,V7_R4_MODEL,V7-RC-004,MISSING,UNDEFINED / NOT RELEASED,None,Joint definition / packaging,"Physical joint origin, clearances, compliance, tolerances and failure behavior are not released.",Authoritative joint drawing + physical inspection/test,Critical,Joint drawing + clearance/compliance characterization
J_LINK_L coupling,150L/160,q2-coupled,,V7_R4_MODEL,V7-RC-004,MODEL_DERIVED,KINEMATIC_MODEL,High,Joint definition / packaging,"Physical joint origin, clearances, compliance, tolerances and failure behavior are not released.",Authoritative joint drawing + physical inspection/test,Critical,Joint drawing + clearance/compliance characterization
J_LINK_R parent,150R/160,150R,,V7_R4_MODEL,V7-RC-004,MODEL_DERIVED,KINEMATIC_MODEL,High,Joint definition / packaging,"Physical joint origin, clearances, compliance, tolerances and failure behavior are not released.",Authoritative joint drawing + physical inspection/test,Critical,Joint drawing + clearance/compliance characterization
J_LINK_R child,150R/160,160,,V7_R4_MODEL,V7-RC-004,MODEL_DERIVED,KINEMATIC_MODEL,High,Joint definition / packaging,"Physical joint origin, clearances, compliance, tolerances and failure behavior are not released.",Authoritative joint drawing + physical inspection/test,Critical,Joint drawing + clearance/compliance characterization
J_LINK_R joint type,150R/160,REVOLUTE_LINK,,V7_R4_MODEL,V7-RC-004,MODEL_DERIVED,KINEMATIC_MODEL,High,Joint definition / packaging,"Physical joint origin, clearances, compliance, tolerances and failure behavior are not released.",Authoritative joint drawing + physical inspection/test,Critical,Joint drawing + clearance/compliance characterization
J_LINK_R axis,150R/160,q2-coupled,vector,V7_R4_MODEL,V7-RC-004,MODEL_DERIVED,KINEMATIC_MODEL,High,Joint definition / packaging,"Physical joint origin, clearances, compliance, tolerances and failure behavior are not released.",Authoritative joint drawing + physical inspection/test,Critical,Joint drawing + clearance/compliance characterization
J_LINK_R coordinate,150R/160,q2,,V7_R4_MODEL,V7-RC-004,MODEL_DERIVED,KINEMATIC_MODEL,High,Joint definition / packaging,"Physical joint origin, clearances, compliance, tolerances and failure behavior are not released.",Authoritative joint drawing + physical inspection/test,Critical,Joint drawing + clearance/compliance characterization
J_LINK_R DOF,150R/160,Tx if prismatic; Ry if revolute; state if state constraint,,V7_R4_MODEL,V7-RC-004,MODEL_DERIVED,KINEMATIC_MODEL,High,Joint definition / packaging,"Physical joint origin, clearances, compliance, tolerances and failure behavior are not released.",Authoritative joint drawing + physical inspection/test,Critical,Joint drawing + clearance/compliance characterization
J_LINK_R limits,150R/160,TO_BE_VALIDATED,mm/deg/state,V7_R4_MODEL,V7-RC-004,MODEL_DERIVED,KINEMATIC_MODEL,High,Joint definition / packaging,"Physical joint origin, clearances, compliance, tolerances and failure behavior are not released.",Authoritative joint drawing + physical inspection/test,Critical,Joint drawing + clearance/compliance characterization
J_LINK_R origin,150R/160,,mm,V7_R4_MODEL,V7-RC-004,MISSING,UNDEFINED / NOT RELEASED,None,Joint definition / packaging,"Physical joint origin, clearances, compliance, tolerances and failure behavior are not released.",Authoritative joint drawing + physical inspection/test,Critical,Joint drawing + clearance/compliance characterization
J_LINK_R clearance,150R/160,,mm,V7_R4_MODEL,V7-RC-004,MISSING,UNDEFINED / NOT RELEASED,None,Joint definition / packaging,"Physical joint origin, clearances, compliance, tolerances and failure behavior are not released.",Authoritative joint drawing + physical inspection/test,Critical,Joint drawing + clearance/compliance characterization
J_LINK_R singularity risk,150R/160,,qualitative,V7_R4_MODEL,V7-RC-004,MISSING,UNDEFINED / NOT RELEASED,None,Joint definition / packaging,"Physical joint origin, clearances, compliance, tolerances and failure behavior are not released.",Authoritative joint drawing + physical inspection/test,Critical,Joint drawing + clearance/compliance characterization
J_LINK_R coupling,150R/160,q2-coupled,,V7_R4_MODEL,V7-RC-004,MODEL_DERIVED,KINEMATIC_MODEL,High,Joint definition / packaging,"Physical joint origin, clearances, compliance, tolerances and failure behavior are not released.",Authoritative joint drawing + physical inspection/test,Critical,Joint drawing + clearance/compliance characterization
J_LOCK170 parent,170/120/160,170,,V7_R4_MODEL,V7-RC-004,MODEL_DERIVED,KINEMATIC_MODEL,High,Joint definition / packaging,"Physical joint origin, clearances, compliance, tolerances and failure behavior are not released.",Authoritative joint drawing + physical inspection/test,Critical,Joint drawing + clearance/compliance characterization
J_LOCK170 child,170/120/160,120/160,,V7_R4_MODEL,V7-RC-004,MODEL_DERIVED,KINEMATIC_MODEL,High,Joint definition / packaging,"Physical joint origin, clearances, compliance, tolerances and failure behavior are not released.",Authoritative joint drawing + physical inspection/test,Critical,Joint drawing + clearance/compliance characterization
J_LOCK170 joint type,170/120/160,STATE_CONSTRAINT,,V7_R4_MODEL,V7-RC-004,MODEL_DERIVED,KINEMATIC_MODEL,High,Joint definition / packaging,"Physical joint origin, clearances, compliance, tolerances and failure behavior are not released.",Authoritative joint drawing + physical inspection/test,Critical,Joint drawing + clearance/compliance characterization
J_LOCK170 axis,170/120/160,state,vector,V7_R4_MODEL,V7-RC-004,MODEL_DERIVED,KINEMATIC_MODEL,High,Joint definition / packaging,"Physical joint origin, clearances, compliance, tolerances and failure behavior are not released.",Authoritative joint drawing + physical inspection/test,Critical,Joint drawing + clearance/compliance characterization
J_LOCK170 coordinate,170/120/160,state,,V7_R4_MODEL,V7-RC-004,MODEL_DERIVED,KINEMATIC_MODEL,High,Joint definition / packaging,"Physical joint origin, clearances, compliance, tolerances and failure behavior are not released.",Authoritative joint drawing + physical inspection/test,Critical,Joint drawing + clearance/compliance characterization
J_LOCK170 DOF,170/120/160,Tx if prismatic; Ry if revolute; state if state constraint,,V7_R4_MODEL,V7-RC-004,MODEL_DERIVED,KINEMATIC_MODEL,High,Joint definition / packaging,"Physical joint origin, clearances, compliance, tolerances and failure behavior are not released.",Authoritative joint drawing + physical inspection/test,Critical,Joint drawing + clearance/compliance characterization
J_LOCK170 limits,170/120/160,UNDEFINED,mm/deg/state,V7_R4_MODEL,V7-RC-004,MODEL_DERIVED,KINEMATIC_MODEL,High,Joint definition / packaging,"Physical joint origin, clearances, compliance, tolerances and failure behavior are not released.",Authoritative joint drawing + physical inspection/test,Critical,Joint drawing + clearance/compliance characterization
J_LOCK170 origin,170/120/160,,mm,V7_R4_MODEL,V7-RC-004,MISSING,UNDEFINED / NOT RELEASED,None,Joint definition / packaging,"Physical joint origin, clearances, compliance, tolerances and failure behavior are not released.",Authoritative joint drawing + physical inspection/test,Critical,Joint drawing + clearance/compliance characterization
J_LOCK170 clearance,170/120/160,,mm,V7_R4_MODEL,V7-RC-004,MISSING,UNDEFINED / NOT RELEASED,None,Joint definition / packaging,"Physical joint origin, clearances, compliance, tolerances and failure behavior are not released.",Authoritative joint drawing + physical inspection/test,Critical,Joint drawing + clearance/compliance characterization
J_LOCK170 singularity risk,170/120/160,,qualitative,V7_R4_MODEL,V7-RC-004,MISSING,UNDEFINED / NOT RELEASED,None,Joint definition / packaging,"Physical joint origin, clearances, compliance, tolerances and failure behavior are not released.",Authoritative joint drawing + physical inspection/test,Critical,Joint drawing + clearance/compliance characterization
J_LOCK170 coupling,170/120/160,state-dependent,,V7_R4_MODEL,V7-RC-004,MODEL_DERIVED,KINEMATIC_MODEL,High,Joint definition / packaging,"Physical joint origin, clearances, compliance, tolerances and failure behavior are not released.",Authoritative joint drawing + physical inspection/test,Critical,Joint drawing + clearance/compliance characterization
J_REBOUND180 parent,180/120,180,,V7_R4_MODEL,V7-RC-004,MODEL_DERIVED,KINEMATIC_MODEL,High,Joint definition / packaging,"Physical joint origin, clearances, compliance, tolerances and failure behavior are not released.",Authoritative joint drawing + physical inspection/test,Critical,Joint drawing + clearance/compliance characterization
J_REBOUND180 child,180/120,120,,V7_R4_MODEL,V7-RC-004,MODEL_DERIVED,KINEMATIC_MODEL,High,Joint definition / packaging,"Physical joint origin, clearances, compliance, tolerances and failure behavior are not released.",Authoritative joint drawing + physical inspection/test,Critical,Joint drawing + clearance/compliance characterization
J_REBOUND180 joint type,180/120,STATE_CONSTRAINT,,V7_R4_MODEL,V7-RC-004,MODEL_DERIVED,KINEMATIC_MODEL,High,Joint definition / packaging,"Physical joint origin, clearances, compliance, tolerances and failure behavior are not released.",Authoritative joint drawing + physical inspection/test,Critical,Joint drawing + clearance/compliance characterization
J_REBOUND180 axis,180/120,state,vector,V7_R4_MODEL,V7-RC-004,MODEL_DERIVED,KINEMATIC_MODEL,High,Joint definition / packaging,"Physical joint origin, clearances, compliance, tolerances and failure behavior are not released.",Authoritative joint drawing + physical inspection/test,Critical,Joint drawing + clearance/compliance characterization
J_REBOUND180 coordinate,180/120,state,,V7_R4_MODEL,V7-RC-004,MODEL_DERIVED,KINEMATIC_MODEL,High,Joint definition / packaging,"Physical joint origin, clearances, compliance, tolerances and failure behavior are not released.",Authoritative joint drawing + physical inspection/test,Critical,Joint drawing + clearance/compliance characterization
J_REBOUND180 DOF,180/120,Tx if prismatic; Ry if revolute; state if state constraint,,V7_R4_MODEL,V7-RC-004,MODEL_DERIVED,KINEMATIC_MODEL,High,Joint definition / packaging,"Physical joint origin, clearances, compliance, tolerances and failure behavior are not released.",Authoritative joint drawing + physical inspection/test,Critical,Joint drawing + clearance/compliance characterization
J_REBOUND180 limits,180/120,UNDEFINED,mm/deg/state,V7_R4_MODEL,V7-RC-004,MODEL_DERIVED,KINEMATIC_MODEL,High,Joint definition / packaging,"Physical joint origin, clearances, compliance, tolerances and failure behavior are not released.",Authoritative joint drawing + physical inspection/test,Critical,Joint drawing + clearance/compliance characterization
J_REBOUND180 origin,180/120,,mm,V7_R4_MODEL,V7-RC-004,MISSING,UNDEFINED / NOT RELEASED,None,Joint definition / packaging,"Physical joint origin, clearances, compliance, tolerances and failure behavior are not released.",Authoritative joint drawing + physical inspection/test,Critical,Joint drawing + clearance/compliance characterization
J_REBOUND180 clearance,180/120,,mm,V7_R4_MODEL,V7-RC-004,MISSING,UNDEFINED / NOT RELEASED,None,Joint definition / packaging,"Physical joint origin, clearances, compliance, tolerances and failure behavior are not released.",Authoritative joint drawing + physical inspection/test,Critical,Joint drawing + clearance/compliance characterization
J_REBOUND180 singularity risk,180/120,,qualitative,V7_R4_MODEL,V7-RC-004,MISSING,UNDEFINED / NOT RELEASED,None,Joint definition / packaging,"Physical joint origin, clearances, compliance, tolerances and failure behavior are not released.",Authoritative joint drawing + physical inspection/test,Critical,Joint drawing + clearance/compliance characterization
J_REBOUND180 coupling,180/120,state-dependent,,V7_R4_MODEL,V7-RC-004,MODEL_DERIVED,KINEMATIC_MODEL,High,Joint definition / packaging,"Physical joint origin, clearances, compliance, tolerances and failure behavior are not released.",Authoritative joint drawing + physical inspection/test,Critical,Joint drawing + clearance/compliance characterization
q1 range,120/160/J,0..180,mm,V7_R4_EXECUTION / V7_R2_EXECUTION,V7-RC-004 / V7-RC-002,MODEL_DERIVED,MODEL_EXECUTION,High,Kinematic analysis,Model result only; no physical force law or hardware validation.,"Physical joint geometry, compliance, friction, load and test data",Critical,Independent executable model + physical kinematic test
q2 range,120/160/J,-10..25,deg,V7_R4_EXECUTION / V7_R2_EXECUTION,V7-RC-004 / V7-RC-002,MODEL_DERIVED,MODEL_EXECUTION,High,Kinematic analysis,Model result only; no physical force law or hardware validation.,"Physical joint geometry, compliance, friction, load and test data",Critical,Independent executable model + physical kinematic test
mechanism DOF,120/160/J,2,DOF,V7_R4_EXECUTION / V7_R2_EXECUTION,V7-RC-004 / V7-RC-002,MODEL_DERIVED,MODEL_EXECUTION,High,Kinematic analysis,Model result only; no physical force law or hardware validation.,"Physical joint geometry, compliance, friction, load and test data",Critical,Independent executable model + physical kinematic test
R4 sample count,120/160/J,361,samples,V7_R4_EXECUTION / V7_R2_EXECUTION,V7-RC-004 / V7-RC-002,MODEL_DERIVED,MODEL_EXECUTION,High,Kinematic analysis,Model result only; no physical force law or hardware validation.,"Physical joint geometry, compliance, friction, load and test data",Critical,Independent executable model + physical kinematic test
R2 sample count,120/160/J,181,samples,V7_R4_EXECUTION / V7_R2_EXECUTION,V7-RC-004 / V7-RC-002,MODEL_DERIVED,MODEL_EXECUTION,High,Kinematic analysis,Model result only; no physical force law or hardware validation.,"Physical joint geometry, compliance, friction, load and test data",Critical,Independent executable model + physical kinematic test
R4 test clock,120/160/J,0..1,s,V7_R4_EXECUTION / V7_R2_EXECUTION,V7-RC-004 / V7-RC-002,MODEL_DERIVED,MODEL_EXECUTION,High,Kinematic analysis,Model result only; no physical force law or hardware validation.,"Physical joint geometry, compliance, friction, load and test data",Critical,Independent executable model + physical kinematic test
R2 test clock,120/160/J,0..1,s,V7_R4_EXECUTION / V7_R2_EXECUTION,V7-RC-004 / V7-RC-002,MODEL_DERIVED,MODEL_EXECUTION,High,Kinematic analysis,Model result only; no physical force law or hardware validation.,"Physical joint geometry, compliance, friction, load and test data",Critical,Independent executable model + physical kinematic test
R4 max q1 velocity,120/160/J,257.142857,mm/s,V7_R4_EXECUTION / V7_R2_EXECUTION,V7-RC-004 / V7-RC-002,MODEL_DERIVED,MODEL_EXECUTION,High,Kinematic analysis,Model result only; no physical force law or hardware validation.,"Physical joint geometry, compliance, friction, load and test data",Critical,Independent executable model + physical kinematic test
R4 min q1 velocity,120/160/J,-300,mm/s,V7_R4_EXECUTION / V7_R2_EXECUTION,V7-RC-004 / V7-RC-002,MODEL_DERIVED,MODEL_EXECUTION,High,Kinematic analysis,Model result only; no physical force law or hardware validation.,"Physical joint geometry, compliance, friction, load and test data",Critical,Independent executable model + physical kinematic test
R2 q1 velocity,120/160/J,180,mm/s,V7_R4_EXECUTION / V7_R2_EXECUTION,V7-RC-004 / V7-RC-002,MODEL_DERIVED,MODEL_EXECUTION,High,Kinematic analysis,Model result only; no physical force law or hardware validation.,"Physical joint geometry, compliance, friction, load and test data",Critical,Independent executable model + physical kinematic test
R4 q2 omega max,120/160/J,38.888889,deg/s,V7_R4_EXECUTION / V7_R2_EXECUTION,V7-RC-004 / V7-RC-002,MODEL_DERIVED,MODEL_EXECUTION,High,Kinematic analysis,Model result only; no physical force law or hardware validation.,"Physical joint geometry, compliance, friction, load and test data",Critical,Independent executable model + physical kinematic test
R2 q2 omega,120/160/J,35,deg/s,V7_R4_EXECUTION / V7_R2_EXECUTION,V7-RC-004 / V7-RC-002,MODEL_DERIVED,MODEL_EXECUTION,High,Kinematic analysis,Model result only; no physical force law or hardware validation.,"Physical joint geometry, compliance, friction, load and test data",Critical,Independent executable model + physical kinematic test
end-stop q1 minimum,120/160/170/180/J,0,mm/deg,V7_R4_MODEL,V7-RC-004,MODEL_DERIVED,MODEL_DEFINED,High,Kinematic constraint / failure containment,"Physical stop geometry, loads, clearances and fault behavior not established.",Released drawings + component testing,Critical,Physical/end-stop/fault evidence
end-stop q1 maximum,120/160/170/180/J,180,mm/deg,V7_R4_MODEL,V7-RC-004,MODEL_DERIVED,MODEL_DEFINED,High,Kinematic constraint / failure containment,"Physical stop geometry, loads, clearances and fault behavior not established.",Released drawings + component testing,Critical,Physical/end-stop/fault evidence
end-stop q2 minimum,120/160/170/180/J,-10,mm/deg,V7_R4_MODEL,V7-RC-004,MODEL_DERIVED,MODEL_DEFINED,High,Kinematic constraint / failure containment,"Physical stop geometry, loads, clearances and fault behavior not established.",Released drawings + component testing,Critical,Physical/end-stop/fault evidence
end-stop q2 maximum,120/160/170/180/J,25,mm/deg,V7_R4_MODEL,V7-RC-004,MODEL_DERIVED,MODEL_DEFINED,High,Kinematic constraint / failure containment,"Physical stop geometry, loads, clearances and fault behavior not established.",Released drawings + component testing,Critical,Physical/end-stop/fault evidence
rail overtravel,120/160/170/180/J,,,V7_R4_MODEL,V7-RC-004,MISSING,ABSENT_VALUE,None,Kinematic constraint / failure containment,"Physical stop geometry, loads, clearances and fault behavior not established.",Released drawings + component testing,Critical,Physical/end-stop/fault evidence
jam behavior,120/160/170/180/J,,,V7_R4_MODEL,V7-RC-004,MISSING,ABSENT_VALUE,None,Kinematic constraint / failure containment,"Physical stop geometry, loads, clearances and fault behavior not established.",Released drawings + component testing,Critical,Physical/end-stop/fault evidence
lock engagement geometry,120/160/170/180/J,,,V7_R4_MODEL,V7-RC-004,MISSING,ABSENT_VALUE,None,Kinematic constraint / failure containment,"Physical stop geometry, loads, clearances and fault behavior not established.",Released drawings + component testing,Critical,Physical/end-stop/fault evidence
lock release geometry,120/160/170/180/J,,,V7_R4_MODEL,V7-RC-004,MISSING,ABSENT_VALUE,None,Kinematic constraint / failure containment,"Physical stop geometry, loads, clearances and fault behavior not established.",Released drawings + component testing,Critical,Physical/end-stop/fault evidence
reset geometry,120/160/170/180/J,,,V7_R4_MODEL,V7-RC-004,MISSING,ABSENT_VALUE,None,Kinematic constraint / failure containment,"Physical stop geometry, loads, clearances and fault behavior not established.",Released drawings + component testing,Critical,Physical/end-stop/fault evidence
rebound stop geometry,120/160/170/180/J,,,V7_R4_MODEL,V7-RC-004,MISSING,ABSENT_VALUE,None,Kinematic constraint / failure containment,"Physical stop geometry, loads, clearances and fault behavior not established.",Released drawings + component testing,Critical,Physical/end-stop/fault evidence
State-machine current controlled vocabulary,170/140/130/150/180,S0 Normal; S1 Armed/Capture; S2 Pelvis Lock/Capture; S3 Ride-Down; S4 Rotation/Rebound; S5 Secure/Post-event,state labels,P0_STATE_PHYSICAL,P0,SOURCE_SUPPORTED,Controlled project vocabulary,High,Project state vocabulary,Older V6/V7/P0 configuration artifacts use alternate labels/roles that do not match current master vocabulary.,Controlled terminology reconciliation,High,Use only current six labels in master-controlled artifacts
V6 state-machine labels,170/130/150/180,S0 Normal; S1 Armed/Capture; S2 Ride-down; S3 Rotation control; S4 Rebound control; S5 Secure,state labels,V6_DISCLOSURE,V6.0,CONFLICTING,Source nomenclature,High,Historical state-machine comparison,Does not contain the current required S2 pelvis lock/capture mapping and current S4 combined rotation/rebound wording.,Controlled terminology reconciliation; no silent mapping,High,Controlled state definition
R4 implemented state labels,170/180,S0_NORMAL; ARMED; RIDE_DOWN; REBOUND_CONTROL; SECURE,state labels,V7_R4_STATE,V7-RC-004,CONFLICTING,Model implementation labels,High,Model-state implementation,Five operational labels omit explicit S2 pelvis-lock/capture state and do not match current master vocabulary.,Controlled state-machine implementation,Critical,Controlled model/physical state mapping
P0 configuration state labels,170/180/140,S0 Normal; S1 Armed/Capture; S2 Ride-down; S3 Rotation Control; S4 Rebound Control; S5 Secure/Post-event,state labels,P0_STATE_CONFIG,P0,CONFLICTING,Older project configuration,High,Historical P0 comparison,Conflicts with current mandated vocabulary and physical implementation.,Controlled state-machine revision decision,High,Use master vocabulary only
trigger threshold,170/180/210,,g / ms / condition,V7_R4_MODEL + P0_STATE_PHYSICAL,V7-RC-004/P0,TEST_REQUIRED,UNRESOLVED_DYNAMIC_LOGIC,None,Event-state control,No controlled numerical timing/threshold; current model placeholders are not physical evidence.,Component/bench fault testing + trigger definition,Critical,Controlled trigger test and state-transition specification
trigger timing,170/180/210,,g / ms / condition,V7_R4_MODEL + P0_STATE_PHYSICAL,V7-RC-004/P0,TEST_REQUIRED,UNRESOLVED_DYNAMIC_LOGIC,None,Event-state control,No controlled numerical timing/threshold; current model placeholders are not physical evidence.,Component/bench fault testing + trigger definition,Critical,Controlled trigger test and state-transition specification
event recognition condition,170/180/210,,g / ms / condition,V7_R4_MODEL + P0_STATE_PHYSICAL,V7-RC-004/P0,MISSING,UNRESOLVED_DYNAMIC_LOGIC,None,Event-state control,No controlled numerical timing/threshold; current model placeholders are not physical evidence.,Component/bench fault testing + trigger definition,Critical,Controlled trigger test and state-transition specification
S1→S2 transition timing,170/180/210,,g / ms / condition,V7_R4_MODEL + P0_STATE_PHYSICAL,V7-RC-004/P0,TEST_REQUIRED,UNRESOLVED_DYNAMIC_LOGIC,None,Event-state control,No controlled numerical timing/threshold; current model placeholders are not physical evidence.,Component/bench fault testing + trigger definition,Critical,Controlled trigger test and state-transition specification
S2→S3 transition timing,170/180/210,,g / ms / condition,V7_R4_MODEL + P0_STATE_PHYSICAL,V7-RC-004/P0,TEST_REQUIRED,UNRESOLVED_DYNAMIC_LOGIC,None,Event-state control,No controlled numerical timing/threshold; current model placeholders are not physical evidence.,Component/bench fault testing + trigger definition,Critical,Controlled trigger test and state-transition specification
S3→S4 transition timing,170/180/210,,g / ms / condition,V7_R4_MODEL + P0_STATE_PHYSICAL,V7-RC-004/P0,TEST_REQUIRED,UNRESOLVED_DYNAMIC_LOGIC,None,Event-state control,No controlled numerical timing/threshold; current model placeholders are not physical evidence.,Component/bench fault testing + trigger definition,Critical,Controlled trigger test and state-transition specification
S4→S5 transition timing,170/180/210,,g / ms / condition,V7_R4_MODEL + P0_STATE_PHYSICAL,V7-RC-004/P0,TEST_REQUIRED,UNRESOLVED_DYNAMIC_LOGIC,None,Event-state control,No controlled numerical timing/threshold; current model placeholders are not physical evidence.,Component/bench fault testing + trigger definition,Critical,Controlled trigger test and state-transition specification
reset condition,170/180/210,,g / ms / condition,V7_R4_MODEL + P0_STATE_PHYSICAL,V7-RC-004/P0,MISSING,UNRESOLVED_DYNAMIC_LOGIC,None,Event-state control,No controlled numerical timing/threshold; current model placeholders are not physical evidence.,Component/bench fault testing + trigger definition,Critical,Controlled trigger test and state-transition specification
fault containment condition,170/180/210,,g / ms / condition,V7_R4_MODEL + P0_STATE_PHYSICAL,V7-RC-004/P0,MISSING,UNRESOLVED_DYNAMIC_LOGIC,None,Event-state control,No controlled numerical timing/threshold; current model placeholders are not physical evidence.,Component/bench fault testing + trigger definition,Critical,Controlled trigger test and state-transition specification
vehicle acceleration pulse,SYSTEM/110L/110R/120/130/160,,definition / SI,V7_R5_CAE + vehicle input + V7/V6,V7-RC-005/V6/V7,OEM_INPUT_REQUIRED,UNRESOLVED_DYNAMIC_INPUT,None,Dynamic/crash boundary condition,No T-OCS controlled value; study references are not current project crash inputs.,OEM load case + physical characterization + authorized model,Critical,Controlled load case and measured/model parameter evidence
crash direction,SYSTEM/110L/110R/120/130/160,,definition / SI,V7_R5_CAE + vehicle input + V7/V6,V7-RC-005/V6/V7,OEM_INPUT_REQUIRED,UNRESOLVED_DYNAMIC_INPUT,None,Dynamic/crash boundary condition,No T-OCS controlled value; study references are not current project crash inputs.,OEM load case + physical characterization + authorized model,Critical,Controlled load case and measured/model parameter evidence
pulse duration,SYSTEM/110L/110R/120/130/160,,definition / SI,V7_R5_CAE + vehicle input + V7/V6,V7-RC-005/V6/V7,OEM_INPUT_REQUIRED,UNRESOLVED_DYNAMIC_INPUT,None,Dynamic/crash boundary condition,No T-OCS controlled value; study references are not current project crash inputs.,OEM load case + physical characterization + authorized model,Critical,Controlled load case and measured/model parameter evidence
initial velocity,SYSTEM/110L/110R/120/130/160,,definition / SI,V7_R5_CAE + vehicle input + V7/V6,V7-RC-005/V6/V7,OEM_INPUT_REQUIRED,UNRESOLVED_DYNAMIC_INPUT,None,Dynamic/crash boundary condition,No T-OCS controlled value; study references are not current project crash inputs.,OEM load case + physical characterization + authorized model,Critical,Controlled load case and measured/model parameter evidence
Delta-V,SYSTEM/110L/110R/120/130/160,,definition / SI,V7_R5_CAE + vehicle input + V7/V6,V7-RC-005/V6/V7,OEM_INPUT_REQUIRED,UNRESOLVED_DYNAMIC_INPUT,None,Dynamic/crash boundary condition,No T-OCS controlled value; study references are not current project crash inputs.,OEM load case + physical characterization + authorized model,Critical,Controlled load case and measured/model parameter evidence
seat initial state,SYSTEM/110L/110R/120/130/160,,definition / SI,V7_R5_CAE + vehicle input + V7/V6,V7-RC-005/V6/V7,MISSING,UNRESOLVED_DYNAMIC_INPUT,None,Dynamic/crash boundary condition,No T-OCS controlled value; study references are not current project crash inputs.,OEM load case + physical characterization + authorized model,Critical,Controlled load case and measured/model parameter evidence
occupant initial state,SYSTEM/110L/110R/120/130/160,,definition / SI,V7_R5_CAE + vehicle input + V7/V6,V7-RC-005/V6/V7,MISSING,UNRESOLVED_DYNAMIC_INPUT,None,Dynamic/crash boundary condition,No T-OCS controlled value; study references are not current project crash inputs.,OEM load case + physical characterization + authorized model,Critical,Controlled load case and measured/model parameter evidence
seat acceleration history,SYSTEM/110L/110R/120/130/160,,definition / SI,V7_R5_CAE + vehicle input + V7/V6,V7-RC-005/V6/V7,MISSING,UNRESOLVED_DYNAMIC_INPUT,None,Dynamic/crash boundary condition,No T-OCS controlled value; study references are not current project crash inputs.,OEM load case + physical characterization + authorized model,Critical,Controlled load case and measured/model parameter evidence
seat velocity history,SYSTEM/110L/110R/120/130/160,,definition / SI,V7_R5_CAE + vehicle input + V7/V6,V7-RC-005/V6/V7,MISSING,UNRESOLVED_DYNAMIC_INPUT,None,Dynamic/crash boundary condition,No T-OCS controlled value; study references are not current project crash inputs.,OEM load case + physical characterization + authorized model,Critical,Controlled load case and measured/model parameter evidence
seat displacement history,SYSTEM/110L/110R/120/130/160,,definition / SI,V7_R5_CAE + vehicle input + V7/V6,V7-RC-005/V6/V7,MISSING,UNRESOLVED_DYNAMIC_INPUT,None,Dynamic/crash boundary condition,No T-OCS controlled value; study references are not current project crash inputs.,OEM load case + physical characterization + authorized model,Critical,Controlled load case and measured/model parameter evidence
seatback angular velocity history,SYSTEM/110L/110R/120/130/160,,definition / SI,V7_R5_CAE + vehicle input + V7/V6,V7-RC-005/V6/V7,MISSING,UNRESOLVED_DYNAMIC_INPUT,None,Dynamic/crash boundary condition,No T-OCS controlled value; study references are not current project crash inputs.,OEM load case + physical characterization + authorized model,Critical,Controlled load case and measured/model parameter evidence
seatback angular acceleration history,SYSTEM/110L/110R/120/130/160,,definition / SI,V7_R5_CAE + vehicle input + V7/V6,V7-RC-005/V6/V7,MISSING,UNRESOLVED_DYNAMIC_INPUT,None,Dynamic/crash boundary condition,No T-OCS controlled value; study references are not current project crash inputs.,OEM load case + physical characterization + authorized model,Critical,Controlled load case and measured/model parameter evidence
load cases,SYSTEM/110L/110R/120/130/160,,definition / SI,V7_R5_CAE + vehicle input + V7/V6,V7-RC-005/V6/V7,OEM_INPUT_REQUIRED,UNRESOLVED_DYNAMIC_INPUT,None,Dynamic/crash boundary condition,No T-OCS controlled value; study references are not current project crash inputs.,OEM load case + physical characterization + authorized model,Critical,Controlled load case and measured/model parameter evidence
gravity orientation in vehicle frame,SYSTEM/110L/110R/120/130/160,,definition / SI,V7_R5_CAE + vehicle input + V7/V6,V7-RC-005/V6/V7,OEM_INPUT_REQUIRED,UNRESOLVED_DYNAMIC_INPUT,None,Dynamic/crash boundary condition,No T-OCS controlled value; study references are not current project crash inputs.,OEM load case + physical characterization + authorized model,Critical,Controlled load case and measured/model parameter evidence
contact conditions,SYSTEM/110L/110R/120/130/160,,definition / SI,V7_R5_CAE + vehicle input + V7/V6,V7-RC-005/V6/V7,TEST_REQUIRED,UNRESOLVED_DYNAMIC_INPUT,None,Dynamic/crash boundary condition,No T-OCS controlled value; study references are not current project crash inputs.,OEM load case + physical characterization + authorized model,Critical,Controlled load case and measured/model parameter evidence
damping,SYSTEM/110L/110R/120/130/160,,definition / SI,V7_R5_CAE + vehicle input + V7/V6,V7-RC-005/V6/V7,TEST_REQUIRED,UNRESOLVED_DYNAMIC_INPUT,None,Dynamic/crash boundary condition,No T-OCS controlled value; study references are not current project crash inputs.,OEM load case + physical characterization + authorized model,Critical,Controlled load case and measured/model parameter evidence
friction,SYSTEM/110L/110R/120/130/160,,definition / SI,V7_R5_CAE + vehicle input + V7/V6,V7-RC-005/V6/V7,TEST_REQUIRED,UNRESOLVED_DYNAMIC_INPUT,None,Dynamic/crash boundary condition,No T-OCS controlled value; study references are not current project crash inputs.,OEM load case + physical characterization + authorized model,Critical,Controlled load case and measured/model parameter evidence
restitution,SYSTEM/110L/110R/120/130/160,,definition / SI,V7_R5_CAE + vehicle input + V7/V6,V7-RC-005/V6/V7,TEST_REQUIRED,UNRESOLVED_DYNAMIC_INPUT,None,Dynamic/crash boundary condition,No T-OCS controlled value; study references are not current project crash inputs.,OEM load case + physical characterization + authorized model,Critical,Controlled load case and measured/model parameter evidence
scaled pulse,170/130/160/SYSTEM,25.6,g,V6_DISCLOSURE / V7_DISCLOSURE,V6/V7,SOURCE_SUPPORTED,SOURCE_OR_DESIGN_REFERENCE,High,Legacy/source numeric traceability,Source model only; not T-OCS validated pulse,Controlled T-OCS load case or component test,High,Explicit source-bound validation before engineering use
seatback rotation change,170/130/160/SYSTEM,47.5 → 24,deg,V6_DISCLOSURE / V7_DISCLOSURE,V6/V7,SOURCE_SUPPORTED,SOURCE_OR_DESIGN_REFERENCE,High,Legacy/source numeric traceability,Source-model result only,Controlled T-OCS load case or component test,High,Explicit source-bound validation before engineering use
concept stroke,170/130/160/SYSTEM,180,mm,V6_DISCLOSURE / V7_DISCLOSURE,V6/V7,DESIGN_ASSUMPTION,SOURCE_OR_DESIGN_REFERENCE,Medium,Legacy/source numeric traceability,"Concept target, not measured",Controlled T-OCS load case or component test,High,Explicit source-bound validation before engineering use
absorber force range,170/130/160/SYSTEM,18–22,kN,V7_DISCLOSURE / V7_R0 / P0_FIREWALL,V7/P0,DESIGN_ASSUMPTION,SOURCE_OR_DESIGN_REFERENCE,Medium,Legacy/source numeric traceability,"Target only, not measured absorber law",Controlled T-OCS load case or component test,High,Explicit source-bound validation before engineering use
trigger reference,170/130/160/SYSTEM,≥2.5,g,P0_FIREWALL,P0,DESIGN_ASSUMPTION,SOURCE_OR_DESIGN_REFERENCE,Medium,Legacy/source numeric traceability,Design reference only; no validated threshold,Controlled T-OCS load case or component test,High,Explicit source-bound validation before engineering use
lock timing reference,170/130/160/SYSTEM,<20,ms,P0_FIREWALL,P0,DESIGN_ASSUMPTION,SOURCE_OR_DESIGN_REFERENCE,Medium,Legacy/source numeric traceability,Design reference only; no validated timing,Controlled T-OCS load case or component test,High,Explicit source-bound validation before engineering use
illustrative crash-load-path figure window,170/130/160/SYSTEM,0–400,ms,V6_DISCLOSURE / V7_DISCLOSURE,V6/V7,DESIGN_ASSUMPTION,SOURCE_OR_DESIGN_REFERENCE,Medium,Legacy/source numeric traceability,Not an exact timing recipe or test result,Controlled T-OCS load case or component test,High,Explicit source-bound validation before engineering use
expected load,100,,N / geometry / definition,V7_GAP_REGISTER + V7_R5_DEFINITIONS,V7-GAP/V7-RC-005,MISSING,LOAD_PATH_NOT_QUANTIFIED,None,Vehicle interface/base frame load path,No capacity-bearing value may be inferred from visual geometry.,Materials + joints + load cases + test/FE,Critical,Controlled load path calculation/test evidence
reaction path,100,,N / geometry / definition,V7_GAP_REGISTER + V7_R5_DEFINITIONS,V7-GAP/V7-RC-005,MISSING,LOAD_PATH_NOT_QUANTIFIED,None,Vehicle interface/base frame load path,No capacity-bearing value may be inferred from visual geometry.,Materials + joints + load cases + test/FE,Critical,Controlled load path calculation/test evidence
load direction,100,,N / geometry / definition,V7_GAP_REGISTER + V7_R5_DEFINITIONS,V7-GAP/V7-RC-005,MISSING,LOAD_PATH_NOT_QUANTIFIED,None,Vehicle interface/base frame load path,No capacity-bearing value may be inferred from visual geometry.,Materials + joints + load cases + test/FE,Critical,Controlled load path calculation/test evidence
load magnitude,100,,N / geometry / definition,V7_GAP_REGISTER + V7_R5_DEFINITIONS,V7-GAP/V7-RC-005,MISSING,LOAD_PATH_NOT_QUANTIFIED,None,Vehicle interface/base frame load path,No capacity-bearing value may be inferred from visual geometry.,Materials + joints + load cases + test/FE,Critical,Controlled load path calculation/test evidence
structural section,100,,N / geometry / definition,V7_GAP_REGISTER + V7_R5_DEFINITIONS,V7-GAP/V7-RC-005,MISSING,LOAD_PATH_NOT_QUANTIFIED,None,Vehicle interface/base frame load path,No capacity-bearing value may be inferred from visual geometry.,Materials + joints + load cases + test/FE,Critical,Controlled load path calculation/test evidence
joint,100,,N / geometry / definition,V7_GAP_REGISTER + V7_R5_DEFINITIONS,V7-GAP/V7-RC-005,MISSING,LOAD_PATH_NOT_QUANTIFIED,None,Vehicle interface/base frame load path,No capacity-bearing value may be inferred from visual geometry.,Materials + joints + load cases + test/FE,Critical,Controlled load path calculation/test evidence
fastener,100,,N / geometry / definition,V7_GAP_REGISTER + V7_R5_DEFINITIONS,V7-GAP/V7-RC-005,MISSING,LOAD_PATH_NOT_QUANTIFIED,None,Vehicle interface/base frame load path,No capacity-bearing value may be inferred from visual geometry.,Materials + joints + load cases + test/FE,Critical,Controlled load path calculation/test evidence
weld,100,,N / geometry / definition,V7_GAP_REGISTER + V7_R5_DEFINITIONS,V7-GAP/V7-RC-005,MISSING,LOAD_PATH_NOT_QUANTIFIED,None,Vehicle interface/base frame load path,No capacity-bearing value may be inferred from visual geometry.,Materials + joints + load cases + test/FE,Critical,Controlled load path calculation/test evidence
bearing surface,100,,N / geometry / definition,V7_GAP_REGISTER + V7_R5_DEFINITIONS,V7-GAP/V7-RC-005,MISSING,LOAD_PATH_NOT_QUANTIFIED,None,Vehicle interface/base frame load path,No capacity-bearing value may be inferred from visual geometry.,Materials + joints + load cases + test/FE,Critical,Controlled load path calculation/test evidence
failure mode,100,,N / geometry / definition,V7_GAP_REGISTER + V7_R5_DEFINITIONS,V7-GAP/V7-RC-005,MISSING,LOAD_PATH_NOT_QUANTIFIED,None,Vehicle interface/base frame load path,No capacity-bearing value may be inferred from visual geometry.,Materials + joints + load cases + test/FE,Critical,Controlled load path calculation/test evidence
allowable,100,,N / geometry / definition,V7_GAP_REGISTER + V7_R5_DEFINITIONS,V7-GAP/V7-RC-005,MISSING,LOAD_PATH_NOT_QUANTIFIED,None,Vehicle interface/base frame load path,No capacity-bearing value may be inferred from visual geometry.,Materials + joints + load cases + test/FE,Critical,Controlled load path calculation/test evidence
safety factor,100,,N / geometry / definition,V7_GAP_REGISTER + V7_R5_DEFINITIONS,V7-GAP/V7-RC-005,MISSING,LOAD_PATH_NOT_QUANTIFIED,None,Vehicle interface/base frame load path,No capacity-bearing value may be inferred from visual geometry.,Materials + joints + load cases + test/FE,Critical,Controlled load path calculation/test evidence
evidence,100,,N / geometry / definition,V7_GAP_REGISTER + V7_R5_DEFINITIONS,V7-GAP/V7-RC-005,MISSING,LOAD_PATH_NOT_QUANTIFIED,None,Vehicle interface/base frame load path,No capacity-bearing value may be inferred from visual geometry.,Materials + joints + load cases + test/FE,Critical,Controlled load path calculation/test evidence
expected load,110L,,N / geometry / definition,V7_GAP_REGISTER + V7_R5_DEFINITIONS,V7-GAP/V7-RC-005,MISSING,LOAD_PATH_NOT_QUANTIFIED,None,Left longitudinal load path load path,No capacity-bearing value may be inferred from visual geometry.,Materials + joints + load cases + test/FE,Critical,Controlled load path calculation/test evidence
reaction path,110L,,N / geometry / definition,V7_GAP_REGISTER + V7_R5_DEFINITIONS,V7-GAP/V7-RC-005,MISSING,LOAD_PATH_NOT_QUANTIFIED,None,Left longitudinal load path load path,No capacity-bearing value may be inferred from visual geometry.,Materials + joints + load cases + test/FE,Critical,Controlled load path calculation/test evidence
load direction,110L,,N / geometry / definition,V7_GAP_REGISTER + V7_R5_DEFINITIONS,V7-GAP/V7-RC-005,MISSING,LOAD_PATH_NOT_QUANTIFIED,None,Left longitudinal load path load path,No capacity-bearing value may be inferred from visual geometry.,Materials + joints + load cases + test/FE,Critical,Controlled load path calculation/test evidence
load magnitude,110L,,N / geometry / definition,V7_GAP_REGISTER + V7_R5_DEFINITIONS,V7-GAP/V7-RC-005,MISSING,LOAD_PATH_NOT_QUANTIFIED,None,Left longitudinal load path load path,No capacity-bearing value may be inferred from visual geometry.,Materials + joints + load cases + test/FE,Critical,Controlled load path calculation/test evidence
structural section,110L,,N / geometry / definition,V7_GAP_REGISTER + V7_R5_DEFINITIONS,V7-GAP/V7-RC-005,MISSING,LOAD_PATH_NOT_QUANTIFIED,None,Left longitudinal load path load path,No capacity-bearing value may be inferred from visual geometry.,Materials + joints + load cases + test/FE,Critical,Controlled load path calculation/test evidence
joint,110L,,N / geometry / definition,V7_GAP_REGISTER + V7_R5_DEFINITIONS,V7-GAP/V7-RC-005,MISSING,LOAD_PATH_NOT_QUANTIFIED,None,Left longitudinal load path load path,No capacity-bearing value may be inferred from visual geometry.,Materials + joints + load cases + test/FE,Critical,Controlled load path calculation/test evidence
fastener,110L,,N / geometry / definition,V7_GAP_REGISTER + V7_R5_DEFINITIONS,V7-GAP/V7-RC-005,MISSING,LOAD_PATH_NOT_QUANTIFIED,None,Left longitudinal load path load path,No capacity-bearing value may be inferred from visual geometry.,Materials + joints + load cases + test/FE,Critical,Controlled load path calculation/test evidence
weld,110L,,N / geometry / definition,V7_GAP_REGISTER + V7_R5_DEFINITIONS,V7-GAP/V7-RC-005,MISSING,LOAD_PATH_NOT_QUANTIFIED,None,Left longitudinal load path load path,No capacity-bearing value may be inferred from visual geometry.,Materials + joints + load cases + test/FE,Critical,Controlled load path calculation/test evidence
bearing surface,110L,,N / geometry / definition,V7_GAP_REGISTER + V7_R5_DEFINITIONS,V7-GAP/V7-RC-005,MISSING,LOAD_PATH_NOT_QUANTIFIED,None,Left longitudinal load path load path,No capacity-bearing value may be inferred from visual geometry.,Materials + joints + load cases + test/FE,Critical,Controlled load path calculation/test evidence
failure mode,110L,,N / geometry / definition,V7_GAP_REGISTER + V7_R5_DEFINITIONS,V7-GAP/V7-RC-005,MISSING,LOAD_PATH_NOT_QUANTIFIED,None,Left longitudinal load path load path,No capacity-bearing value may be inferred from visual geometry.,Materials + joints + load cases + test/FE,Critical,Controlled load path calculation/test evidence
allowable,110L,,N / geometry / definition,V7_GAP_REGISTER + V7_R5_DEFINITIONS,V7-GAP/V7-RC-005,MISSING,LOAD_PATH_NOT_QUANTIFIED,None,Left longitudinal load path load path,No capacity-bearing value may be inferred from visual geometry.,Materials + joints + load cases + test/FE,Critical,Controlled load path calculation/test evidence
safety factor,110L,,N / geometry / definition,V7_GAP_REGISTER + V7_R5_DEFINITIONS,V7-GAP/V7-RC-005,MISSING,LOAD_PATH_NOT_QUANTIFIED,None,Left longitudinal load path load path,No capacity-bearing value may be inferred from visual geometry.,Materials + joints + load cases + test/FE,Critical,Controlled load path calculation/test evidence
evidence,110L,,N / geometry / definition,V7_GAP_REGISTER + V7_R5_DEFINITIONS,V7-GAP/V7-RC-005,MISSING,LOAD_PATH_NOT_QUANTIFIED,None,Left longitudinal load path load path,No capacity-bearing value may be inferred from visual geometry.,Materials + joints + load cases + test/FE,Critical,Controlled load path calculation/test evidence
expected load,110R,,N / geometry / definition,V7_GAP_REGISTER + V7_R5_DEFINITIONS,V7-GAP/V7-RC-005,MISSING,LOAD_PATH_NOT_QUANTIFIED,None,Right longitudinal load path load path,No capacity-bearing value may be inferred from visual geometry.,Materials + joints + load cases + test/FE,Critical,Controlled load path calculation/test evidence
reaction path,110R,,N / geometry / definition,V7_GAP_REGISTER + V7_R5_DEFINITIONS,V7-GAP/V7-RC-005,MISSING,LOAD_PATH_NOT_QUANTIFIED,None,Right longitudinal load path load path,No capacity-bearing value may be inferred from visual geometry.,Materials + joints + load cases + test/FE,Critical,Controlled load path calculation/test evidence
load direction,110R,,N / geometry / definition,V7_GAP_REGISTER + V7_R5_DEFINITIONS,V7-GAP/V7-RC-005,MISSING,LOAD_PATH_NOT_QUANTIFIED,None,Right longitudinal load path load path,No capacity-bearing value may be inferred from visual geometry.,Materials + joints + load cases + test/FE,Critical,Controlled load path calculation/test evidence
load magnitude,110R,,N / geometry / definition,V7_GAP_REGISTER + V7_R5_DEFINITIONS,V7-GAP/V7-RC-005,MISSING,LOAD_PATH_NOT_QUANTIFIED,None,Right longitudinal load path load path,No capacity-bearing value may be inferred from visual geometry.,Materials + joints + load cases + test/FE,Critical,Controlled load path calculation/test evidence
structural section,110R,,N / geometry / definition,V7_GAP_REGISTER + V7_R5_DEFINITIONS,V7-GAP/V7-RC-005,MISSING,LOAD_PATH_NOT_QUANTIFIED,None,Right longitudinal load path load path,No capacity-bearing value may be inferred from visual geometry.,Materials + joints + load cases + test/FE,Critical,Controlled load path calculation/test evidence
joint,110R,,N / geometry / definition,V7_GAP_REGISTER + V7_R5_DEFINITIONS,V7-GAP/V7-RC-005,MISSING,LOAD_PATH_NOT_QUANTIFIED,None,Right longitudinal load path load path,No capacity-bearing value may be inferred from visual geometry.,Materials + joints + load cases + test/FE,Critical,Controlled load path calculation/test evidence
fastener,110R,,N / geometry / definition,V7_GAP_REGISTER + V7_R5_DEFINITIONS,V7-GAP/V7-RC-005,MISSING,LOAD_PATH_NOT_QUANTIFIED,None,Right longitudinal load path load path,No capacity-bearing value may be inferred from visual geometry.,Materials + joints + load cases + test/FE,Critical,Controlled load path calculation/test evidence
weld,110R,,N / geometry / definition,V7_GAP_REGISTER + V7_R5_DEFINITIONS,V7-GAP/V7-RC-005,MISSING,LOAD_PATH_NOT_QUANTIFIED,None,Right longitudinal load path load path,No capacity-bearing value may be inferred from visual geometry.,Materials + joints + load cases + test/FE,Critical,Controlled load path calculation/test evidence
bearing surface,110R,,N / geometry / definition,V7_GAP_REGISTER + V7_R5_DEFINITIONS,V7-GAP/V7-RC-005,MISSING,LOAD_PATH_NOT_QUANTIFIED,None,Right longitudinal load path load path,No capacity-bearing value may be inferred from visual geometry.,Materials + joints + load cases + test/FE,Critical,Controlled load path calculation/test evidence
failure mode,110R,,N / geometry / definition,V7_GAP_REGISTER + V7_R5_DEFINITIONS,V7-GAP/V7-RC-005,MISSING,LOAD_PATH_NOT_QUANTIFIED,None,Right longitudinal load path load path,No capacity-bearing value may be inferred from visual geometry.,Materials + joints + load cases + test/FE,Critical,Controlled load path calculation/test evidence
allowable,110R,,N / geometry / definition,V7_GAP_REGISTER + V7_R5_DEFINITIONS,V7-GAP/V7-RC-005,MISSING,LOAD_PATH_NOT_QUANTIFIED,None,Right longitudinal load path load path,No capacity-bearing value may be inferred from visual geometry.,Materials + joints + load cases + test/FE,Critical,Controlled load path calculation/test evidence
safety factor,110R,,N / geometry / definition,V7_GAP_REGISTER + V7_R5_DEFINITIONS,V7-GAP/V7-RC-005,MISSING,LOAD_PATH_NOT_QUANTIFIED,None,Right longitudinal load path load path,No capacity-bearing value may be inferred from visual geometry.,Materials + joints + load cases + test/FE,Critical,Controlled load path calculation/test evidence
evidence,110R,,N / geometry / definition,V7_GAP_REGISTER + V7_R5_DEFINITIONS,V7-GAP/V7-RC-005,MISSING,LOAD_PATH_NOT_QUANTIFIED,None,Right longitudinal load path load path,No capacity-bearing value may be inferred from visual geometry.,Materials + joints + load cases + test/FE,Critical,Controlled load path calculation/test evidence
expected load,120,,N / geometry / definition,V7_GAP_REGISTER + V7_R5_DEFINITIONS,V7-GAP/V7-RC-005,MISSING,LOAD_PATH_NOT_QUANTIFIED,None,Seat carriage load path,No capacity-bearing value may be inferred from visual geometry.,Materials + joints + load cases + test/FE,Critical,Controlled load path calculation/test evidence
reaction path,120,,N / geometry / definition,V7_GAP_REGISTER + V7_R5_DEFINITIONS,V7-GAP/V7-RC-005,MISSING,LOAD_PATH_NOT_QUANTIFIED,None,Seat carriage load path,No capacity-bearing value may be inferred from visual geometry.,Materials + joints + load cases + test/FE,Critical,Controlled load path calculation/test evidence
load direction,120,,N / geometry / definition,V7_GAP_REGISTER + V7_R5_DEFINITIONS,V7-GAP/V7-RC-005,MISSING,LOAD_PATH_NOT_QUANTIFIED,None,Seat carriage load path,No capacity-bearing value may be inferred from visual geometry.,Materials + joints + load cases + test/FE,Critical,Controlled load path calculation/test evidence
load magnitude,120,,N / geometry / definition,V7_GAP_REGISTER + V7_R5_DEFINITIONS,V7-GAP/V7-RC-005,MISSING,LOAD_PATH_NOT_QUANTIFIED,None,Seat carriage load path,No capacity-bearing value may be inferred from visual geometry.,Materials + joints + load cases + test/FE,Critical,Controlled load path calculation/test evidence
structural section,120,,N / geometry / definition,V7_GAP_REGISTER + V7_R5_DEFINITIONS,V7-GAP/V7-RC-005,MISSING,LOAD_PATH_NOT_QUANTIFIED,None,Seat carriage load path,No capacity-bearing value may be inferred from visual geometry.,Materials + joints + load cases + test/FE,Critical,Controlled load path calculation/test evidence
joint,120,,N / geometry / definition,V7_GAP_REGISTER + V7_R5_DEFINITIONS,V7-GAP/V7-RC-005,MISSING,LOAD_PATH_NOT_QUANTIFIED,None,Seat carriage load path,No capacity-bearing value may be inferred from visual geometry.,Materials + joints + load cases + test/FE,Critical,Controlled load path calculation/test evidence
fastener,120,,N / geometry / definition,V7_GAP_REGISTER + V7_R5_DEFINITIONS,V7-GAP/V7-RC-005,MISSING,LOAD_PATH_NOT_QUANTIFIED,None,Seat carriage load path,No capacity-bearing value may be inferred from visual geometry.,Materials + joints + load cases + test/FE,Critical,Controlled load path calculation/test evidence
weld,120,,N / geometry / definition,V7_GAP_REGISTER + V7_R5_DEFINITIONS,V7-GAP/V7-RC-005,MISSING,LOAD_PATH_NOT_QUANTIFIED,None,Seat carriage load path,No capacity-bearing value may be inferred from visual geometry.,Materials + joints + load cases + test/FE,Critical,Controlled load path calculation/test evidence
bearing surface,120,,N / geometry / definition,V7_GAP_REGISTER + V7_R5_DEFINITIONS,V7-GAP/V7-RC-005,MISSING,LOAD_PATH_NOT_QUANTIFIED,None,Seat carriage load path,No capacity-bearing value may be inferred from visual geometry.,Materials + joints + load cases + test/FE,Critical,Controlled load path calculation/test evidence
failure mode,120,,N / geometry / definition,V7_GAP_REGISTER + V7_R5_DEFINITIONS,V7-GAP/V7-RC-005,MISSING,LOAD_PATH_NOT_QUANTIFIED,None,Seat carriage load path,No capacity-bearing value may be inferred from visual geometry.,Materials + joints + load cases + test/FE,Critical,Controlled load path calculation/test evidence
allowable,120,,N / geometry / definition,V7_GAP_REGISTER + V7_R5_DEFINITIONS,V7-GAP/V7-RC-005,MISSING,LOAD_PATH_NOT_QUANTIFIED,None,Seat carriage load path,No capacity-bearing value may be inferred from visual geometry.,Materials + joints + load cases + test/FE,Critical,Controlled load path calculation/test evidence
safety factor,120,,N / geometry / definition,V7_GAP_REGISTER + V7_R5_DEFINITIONS,V7-GAP/V7-RC-005,MISSING,LOAD_PATH_NOT_QUANTIFIED,None,Seat carriage load path,No capacity-bearing value may be inferred from visual geometry.,Materials + joints + load cases + test/FE,Critical,Controlled load path calculation/test evidence
evidence,120,,N / geometry / definition,V7_GAP_REGISTER + V7_R5_DEFINITIONS,V7-GAP/V7-RC-005,MISSING,LOAD_PATH_NOT_QUANTIFIED,None,Seat carriage load path,No capacity-bearing value may be inferred from visual geometry.,Materials + joints + load cases + test/FE,Critical,Controlled load path calculation/test evidence
expected load,130L,,N / geometry / definition,V7_GAP_REGISTER + V7_R5_DEFINITIONS,V7-GAP/V7-RC-005,MISSING,LOAD_PATH_NOT_QUANTIFIED,None,Left ride-down energy-management module load path,No capacity-bearing value may be inferred from visual geometry.,Materials + joints + load cases + test/FE,Critical,Controlled load path calculation/test evidence
reaction path,130L,,N / geometry / definition,V7_GAP_REGISTER + V7_R5_DEFINITIONS,V7-GAP/V7-RC-005,MISSING,LOAD_PATH_NOT_QUANTIFIED,None,Left ride-down energy-management module load path,No capacity-bearing value may be inferred from visual geometry.,Materials + joints + load cases + test/FE,Critical,Controlled load path calculation/test evidence
load direction,130L,,N / geometry / definition,V7_GAP_REGISTER + V7_R5_DEFINITIONS,V7-GAP/V7-RC-005,MISSING,LOAD_PATH_NOT_QUANTIFIED,None,Left ride-down energy-management module load path,No capacity-bearing value may be inferred from visual geometry.,Materials + joints + load cases + test/FE,Critical,Controlled load path calculation/test evidence
load magnitude,130L,,N / geometry / definition,V7_GAP_REGISTER + V7_R5_DEFINITIONS,V7-GAP/V7-RC-005,MISSING,LOAD_PATH_NOT_QUANTIFIED,None,Left ride-down energy-management module load path,No capacity-bearing value may be inferred from visual geometry.,Materials + joints + load cases + test/FE,Critical,Controlled load path calculation/test evidence
structural section,130L,,N / geometry / definition,V7_GAP_REGISTER + V7_R5_DEFINITIONS,V7-GAP/V7-RC-005,MISSING,LOAD_PATH_NOT_QUANTIFIED,None,Left ride-down energy-management module load path,No capacity-bearing value may be inferred from visual geometry.,Materials + joints + load cases + test/FE,Critical,Controlled load path calculation/test evidence
joint,130L,,N / geometry / definition,V7_GAP_REGISTER + V7_R5_DEFINITIONS,V7-GAP/V7-RC-005,MISSING,LOAD_PATH_NOT_QUANTIFIED,None,Left ride-down energy-management module load path,No capacity-bearing value may be inferred from visual geometry.,Materials + joints + load cases + test/FE,Critical,Controlled load path calculation/test evidence
fastener,130L,,N / geometry / definition,V7_GAP_REGISTER + V7_R5_DEFINITIONS,V7-GAP/V7-RC-005,MISSING,LOAD_PATH_NOT_QUANTIFIED,None,Left ride-down energy-management module load path,No capacity-bearing value may be inferred from visual geometry.,Materials + joints + load cases + test/FE,Critical,Controlled load path calculation/test evidence
weld,130L,,N / geometry / definition,V7_GAP_REGISTER + V7_R5_DEFINITIONS,V7-GAP/V7-RC-005,MISSING,LOAD_PATH_NOT_QUANTIFIED,None,Left ride-down energy-management module load path,No capacity-bearing value may be inferred from visual geometry.,Materials + joints + load cases + test/FE,Critical,Controlled load path calculation/test evidence
bearing surface,130L,,N / geometry / definition,V7_GAP_REGISTER + V7_R5_DEFINITIONS,V7-GAP/V7-RC-005,MISSING,LOAD_PATH_NOT_QUANTIFIED,None,Left ride-down energy-management module load path,No capacity-bearing value may be inferred from visual geometry.,Materials + joints + load cases + test/FE,Critical,Controlled load path calculation/test evidence
failure mode,130L,,N / geometry / definition,V7_GAP_REGISTER + V7_R5_DEFINITIONS,V7-GAP/V7-RC-005,MISSING,LOAD_PATH_NOT_QUANTIFIED,None,Left ride-down energy-management module load path,No capacity-bearing value may be inferred from visual geometry.,Materials + joints + load cases + test/FE,Critical,Controlled load path calculation/test evidence
allowable,130L,,N / geometry / definition,V7_GAP_REGISTER + V7_R5_DEFINITIONS,V7-GAP/V7-RC-005,MISSING,LOAD_PATH_NOT_QUANTIFIED,None,Left ride-down energy-management module load path,No capacity-bearing value may be inferred from visual geometry.,Materials + joints + load cases + test/FE,Critical,Controlled load path calculation/test evidence
safety factor,130L,,N / geometry / definition,V7_GAP_REGISTER + V7_R5_DEFINITIONS,V7-GAP/V7-RC-005,MISSING,LOAD_PATH_NOT_QUANTIFIED,None,Left ride-down energy-management module load path,No capacity-bearing value may be inferred from visual geometry.,Materials + joints + load cases + test/FE,Critical,Controlled load path calculation/test evidence
evidence,130L,,N / geometry / definition,V7_GAP_REGISTER + V7_R5_DEFINITIONS,V7-GAP/V7-RC-005,MISSING,LOAD_PATH_NOT_QUANTIFIED,None,Left ride-down energy-management module load path,No capacity-bearing value may be inferred from visual geometry.,Materials + joints + load cases + test/FE,Critical,Controlled load path calculation/test evidence
expected load,130R,,N / geometry / definition,V7_GAP_REGISTER + V7_R5_DEFINITIONS,V7-GAP/V7-RC-005,MISSING,LOAD_PATH_NOT_QUANTIFIED,None,Right ride-down energy-management module load path,No capacity-bearing value may be inferred from visual geometry.,Materials + joints + load cases + test/FE,Critical,Controlled load path calculation/test evidence
reaction path,130R,,N / geometry / definition,V7_GAP_REGISTER + V7_R5_DEFINITIONS,V7-GAP/V7-RC-005,MISSING,LOAD_PATH_NOT_QUANTIFIED,None,Right ride-down energy-management module load path,No capacity-bearing value may be inferred from visual geometry.,Materials + joints + load cases + test/FE,Critical,Controlled load path calculation/test evidence
load direction,130R,,N / geometry / definition,V7_GAP_REGISTER + V7_R5_DEFINITIONS,V7-GAP/V7-RC-005,MISSING,LOAD_PATH_NOT_QUANTIFIED,None,Right ride-down energy-management module load path,No capacity-bearing value may be inferred from visual geometry.,Materials + joints + load cases + test/FE,Critical,Controlled load path calculation/test evidence
load magnitude,130R,,N / geometry / definition,V7_GAP_REGISTER + V7_R5_DEFINITIONS,V7-GAP/V7-RC-005,MISSING,LOAD_PATH_NOT_QUANTIFIED,None,Right ride-down energy-management module load path,No capacity-bearing value may be inferred from visual geometry.,Materials + joints + load cases + test/FE,Critical,Controlled load path calculation/test evidence
structural section,130R,,N / geometry / definition,V7_GAP_REGISTER + V7_R5_DEFINITIONS,V7-GAP/V7-RC-005,MISSING,LOAD_PATH_NOT_QUANTIFIED,None,Right ride-down energy-management module load path,No capacity-bearing value may be inferred from visual geometry.,Materials + joints + load cases + test/FE,Critical,Controlled load path calculation/test evidence
joint,130R,,N / geometry / definition,V7_GAP_REGISTER + V7_R5_DEFINITIONS,V7-GAP/V7-RC-005,MISSING,LOAD_PATH_NOT_QUANTIFIED,None,Right ride-down energy-management module load path,No capacity-bearing value may be inferred from visual geometry.,Materials + joints + load cases + test/FE,Critical,Controlled load path calculation/test evidence
fastener,130R,,N / geometry / definition,V7_GAP_REGISTER + V7_R5_DEFINITIONS,V7-GAP/V7-RC-005,MISSING,LOAD_PATH_NOT_QUANTIFIED,None,Right ride-down energy-management module load path,No capacity-bearing value may be inferred from visual geometry.,Materials + joints + load cases + test/FE,Critical,Controlled load path calculation/test evidence
weld,130R,,N / geometry / definition,V7_GAP_REGISTER + V7_R5_DEFINITIONS,V7-GAP/V7-RC-005,MISSING,LOAD_PATH_NOT_QUANTIFIED,None,Right ride-down energy-management module load path,No capacity-bearing value may be inferred from visual geometry.,Materials + joints + load cases + test/FE,Critical,Controlled load path calculation/test evidence
bearing surface,130R,,N / geometry / definition,V7_GAP_REGISTER + V7_R5_DEFINITIONS,V7-GAP/V7-RC-005,MISSING,LOAD_PATH_NOT_QUANTIFIED,None,Right ride-down energy-management module load path,No capacity-bearing value may be inferred from visual geometry.,Materials + joints + load cases + test/FE,Critical,Controlled load path calculation/test evidence
failure mode,130R,,N / geometry / definition,V7_GAP_REGISTER + V7_R5_DEFINITIONS,V7-GAP/V7-RC-005,MISSING,LOAD_PATH_NOT_QUANTIFIED,None,Right ride-down energy-management module load path,No capacity-bearing value may be inferred from visual geometry.,Materials + joints + load cases + test/FE,Critical,Controlled load path calculation/test evidence
allowable,130R,,N / geometry / definition,V7_GAP_REGISTER + V7_R5_DEFINITIONS,V7-GAP/V7-RC-005,MISSING,LOAD_PATH_NOT_QUANTIFIED,None,Right ride-down energy-management module load path,No capacity-bearing value may be inferred from visual geometry.,Materials + joints + load cases + test/FE,Critical,Controlled load path calculation/test evidence
safety factor,130R,,N / geometry / definition,V7_GAP_REGISTER + V7_R5_DEFINITIONS,V7-GAP/V7-RC-005,MISSING,LOAD_PATH_NOT_QUANTIFIED,None,Right ride-down energy-management module load path,No capacity-bearing value may be inferred from visual geometry.,Materials + joints + load cases + test/FE,Critical,Controlled load path calculation/test evidence
evidence,130R,,N / geometry / definition,V7_GAP_REGISTER + V7_R5_DEFINITIONS,V7-GAP/V7-RC-005,MISSING,LOAD_PATH_NOT_QUANTIFIED,None,Right ride-down energy-management module load path,No capacity-bearing value may be inferred from visual geometry.,Materials + joints + load cases + test/FE,Critical,Controlled load path calculation/test evidence
expected load,140,,N / geometry / definition,V7_GAP_REGISTER + V7_R5_DEFINITIONS,V7-GAP/V7-RC-005,MISSING,LOAD_PATH_NOT_QUANTIFIED,None,Pelvic-control / anti-submarining pan load path,No capacity-bearing value may be inferred from visual geometry.,Materials + joints + load cases + test/FE,Critical,Controlled load path calculation/test evidence
reaction path,140,,N / geometry / definition,V7_GAP_REGISTER + V7_R5_DEFINITIONS,V7-GAP/V7-RC-005,MISSING,LOAD_PATH_NOT_QUANTIFIED,None,Pelvic-control / anti-submarining pan load path,No capacity-bearing value may be inferred from visual geometry.,Materials + joints + load cases + test/FE,Critical,Controlled load path calculation/test evidence
load direction,140,,N / geometry / definition,V7_GAP_REGISTER + V7_R5_DEFINITIONS,V7-GAP/V7-RC-005,MISSING,LOAD_PATH_NOT_QUANTIFIED,None,Pelvic-control / anti-submarining pan load path,No capacity-bearing value may be inferred from visual geometry.,Materials + joints + load cases + test/FE,Critical,Controlled load path calculation/test evidence
load magnitude,140,,N / geometry / definition,V7_GAP_REGISTER + V7_R5_DEFINITIONS,V7-GAP/V7-RC-005,MISSING,LOAD_PATH_NOT_QUANTIFIED,None,Pelvic-control / anti-submarining pan load path,No capacity-bearing value may be inferred from visual geometry.,Materials + joints + load cases + test/FE,Critical,Controlled load path calculation/test evidence
structural section,140,,N / geometry / definition,V7_GAP_REGISTER + V7_R5_DEFINITIONS,V7-GAP/V7-RC-005,MISSING,LOAD_PATH_NOT_QUANTIFIED,None,Pelvic-control / anti-submarining pan load path,No capacity-bearing value may be inferred from visual geometry.,Materials + joints + load cases + test/FE,Critical,Controlled load path calculation/test evidence
joint,140,,N / geometry / definition,V7_GAP_REGISTER + V7_R5_DEFINITIONS,V7-GAP/V7-RC-005,MISSING,LOAD_PATH_NOT_QUANTIFIED,None,Pelvic-control / anti-submarining pan load path,No capacity-bearing value may be inferred from visual geometry.,Materials + joints + load cases + test/FE,Critical,Controlled load path calculation/test evidence
fastener,140,,N / geometry / definition,V7_GAP_REGISTER + V7_R5_DEFINITIONS,V7-GAP/V7-RC-005,MISSING,LOAD_PATH_NOT_QUANTIFIED,None,Pelvic-control / anti-submarining pan load path,No capacity-bearing value may be inferred from visual geometry.,Materials + joints + load cases + test/FE,Critical,Controlled load path calculation/test evidence
weld,140,,N / geometry / definition,V7_GAP_REGISTER + V7_R5_DEFINITIONS,V7-GAP/V7-RC-005,MISSING,LOAD_PATH_NOT_QUANTIFIED,None,Pelvic-control / anti-submarining pan load path,No capacity-bearing value may be inferred from visual geometry.,Materials + joints + load cases + test/FE,Critical,Controlled load path calculation/test evidence
bearing surface,140,,N / geometry / definition,V7_GAP_REGISTER + V7_R5_DEFINITIONS,V7-GAP/V7-RC-005,MISSING,LOAD_PATH_NOT_QUANTIFIED,None,Pelvic-control / anti-submarining pan load path,No capacity-bearing value may be inferred from visual geometry.,Materials + joints + load cases + test/FE,Critical,Controlled load path calculation/test evidence
failure mode,140,,N / geometry / definition,V7_GAP_REGISTER + V7_R5_DEFINITIONS,V7-GAP/V7-RC-005,MISSING,LOAD_PATH_NOT_QUANTIFIED,None,Pelvic-control / anti-submarining pan load path,No capacity-bearing value may be inferred from visual geometry.,Materials + joints + load cases + test/FE,Critical,Controlled load path calculation/test evidence
allowable,140,,N / geometry / definition,V7_GAP_REGISTER + V7_R5_DEFINITIONS,V7-GAP/V7-RC-005,MISSING,LOAD_PATH_NOT_QUANTIFIED,None,Pelvic-control / anti-submarining pan load path,No capacity-bearing value may be inferred from visual geometry.,Materials + joints + load cases + test/FE,Critical,Controlled load path calculation/test evidence
safety factor,140,,N / geometry / definition,V7_GAP_REGISTER + V7_R5_DEFINITIONS,V7-GAP/V7-RC-005,MISSING,LOAD_PATH_NOT_QUANTIFIED,None,Pelvic-control / anti-submarining pan load path,No capacity-bearing value may be inferred from visual geometry.,Materials + joints + load cases + test/FE,Critical,Controlled load path calculation/test evidence
evidence,140,,N / geometry / definition,V7_GAP_REGISTER + V7_R5_DEFINITIONS,V7-GAP/V7-RC-005,MISSING,LOAD_PATH_NOT_QUANTIFIED,None,Pelvic-control / anti-submarining pan load path,No capacity-bearing value may be inferred from visual geometry.,Materials + joints + load cases + test/FE,Critical,Controlled load path calculation/test evidence
expected load,150L,,N / geometry / definition,V7_GAP_REGISTER + V7_R5_DEFINITIONS,V7-GAP/V7-RC-005,MISSING,LOAD_PATH_NOT_QUANTIFIED,None,Left seatback rotation-control link load path,No capacity-bearing value may be inferred from visual geometry.,Materials + joints + load cases + test/FE,Critical,Controlled load path calculation/test evidence
reaction path,150L,,N / geometry / definition,V7_GAP_REGISTER + V7_R5_DEFINITIONS,V7-GAP/V7-RC-005,MISSING,LOAD_PATH_NOT_QUANTIFIED,None,Left seatback rotation-control link load path,No capacity-bearing value may be inferred from visual geometry.,Materials + joints + load cases + test/FE,Critical,Controlled load path calculation/test evidence
load direction,150L,,N / geometry / definition,V7_GAP_REGISTER + V7_R5_DEFINITIONS,V7-GAP/V7-RC-005,MISSING,LOAD_PATH_NOT_QUANTIFIED,None,Left seatback rotation-control link load path,No capacity-bearing value may be inferred from visual geometry.,Materials + joints + load cases + test/FE,Critical,Controlled load path calculation/test evidence
load magnitude,150L,,N / geometry / definition,V7_GAP_REGISTER + V7_R5_DEFINITIONS,V7-GAP/V7-RC-005,MISSING,LOAD_PATH_NOT_QUANTIFIED,None,Left seatback rotation-control link load path,No capacity-bearing value may be inferred from visual geometry.,Materials + joints + load cases + test/FE,Critical,Controlled load path calculation/test evidence
structural section,150L,,N / geometry / definition,V7_GAP_REGISTER + V7_R5_DEFINITIONS,V7-GAP/V7-RC-005,MISSING,LOAD_PATH_NOT_QUANTIFIED,None,Left seatback rotation-control link load path,No capacity-bearing value may be inferred from visual geometry.,Materials + joints + load cases + test/FE,Critical,Controlled load path calculation/test evidence
joint,150L,,N / geometry / definition,V7_GAP_REGISTER + V7_R5_DEFINITIONS,V7-GAP/V7-RC-005,MISSING,LOAD_PATH_NOT_QUANTIFIED,None,Left seatback rotation-control link load path,No capacity-bearing value may be inferred from visual geometry.,Materials + joints + load cases + test/FE,Critical,Controlled load path calculation/test evidence
fastener,150L,,N / geometry / definition,V7_GAP_REGISTER + V7_R5_DEFINITIONS,V7-GAP/V7-RC-005,MISSING,LOAD_PATH_NOT_QUANTIFIED,None,Left seatback rotation-control link load path,No capacity-bearing value may be inferred from visual geometry.,Materials + joints + load cases + test/FE,Critical,Controlled load path calculation/test evidence
weld,150L,,N / geometry / definition,V7_GAP_REGISTER + V7_R5_DEFINITIONS,V7-GAP/V7-RC-005,MISSING,LOAD_PATH_NOT_QUANTIFIED,None,Left seatback rotation-control link load path,No capacity-bearing value may be inferred from visual geometry.,Materials + joints + load cases + test/FE,Critical,Controlled load path calculation/test evidence
bearing surface,150L,,N / geometry / definition,V7_GAP_REGISTER + V7_R5_DEFINITIONS,V7-GAP/V7-RC-005,MISSING,LOAD_PATH_NOT_QUANTIFIED,None,Left seatback rotation-control link load path,No capacity-bearing value may be inferred from visual geometry.,Materials + joints + load cases + test/FE,Critical,Controlled load path calculation/test evidence
failure mode,150L,,N / geometry / definition,V7_GAP_REGISTER + V7_R5_DEFINITIONS,V7-GAP/V7-RC-005,MISSING,LOAD_PATH_NOT_QUANTIFIED,None,Left seatback rotation-control link load path,No capacity-bearing value may be inferred from visual geometry.,Materials + joints + load cases + test/FE,Critical,Controlled load path calculation/test evidence
allowable,150L,,N / geometry / definition,V7_GAP_REGISTER + V7_R5_DEFINITIONS,V7-GAP/V7-RC-005,MISSING,LOAD_PATH_NOT_QUANTIFIED,None,Left seatback rotation-control link load path,No capacity-bearing value may be inferred from visual geometry.,Materials + joints + load cases + test/FE,Critical,Controlled load path calculation/test evidence
safety factor,150L,,N / geometry / definition,V7_GAP_REGISTER + V7_R5_DEFINITIONS,V7-GAP/V7-RC-005,MISSING,LOAD_PATH_NOT_QUANTIFIED,None,Left seatback rotation-control link load path,No capacity-bearing value may be inferred from visual geometry.,Materials + joints + load cases + test/FE,Critical,Controlled load path calculation/test evidence
evidence,150L,,N / geometry / definition,V7_GAP_REGISTER + V7_R5_DEFINITIONS,V7-GAP/V7-RC-005,MISSING,LOAD_PATH_NOT_QUANTIFIED,None,Left seatback rotation-control link load path,No capacity-bearing value may be inferred from visual geometry.,Materials + joints + load cases + test/FE,Critical,Controlled load path calculation/test evidence
expected load,150R,,N / geometry / definition,V7_GAP_REGISTER + V7_R5_DEFINITIONS,V7-GAP/V7-RC-005,MISSING,LOAD_PATH_NOT_QUANTIFIED,None,Right seatback rotation-control link load path,No capacity-bearing value may be inferred from visual geometry.,Materials + joints + load cases + test/FE,Critical,Controlled load path calculation/test evidence
reaction path,150R,,N / geometry / definition,V7_GAP_REGISTER + V7_R5_DEFINITIONS,V7-GAP/V7-RC-005,MISSING,LOAD_PATH_NOT_QUANTIFIED,None,Right seatback rotation-control link load path,No capacity-bearing value may be inferred from visual geometry.,Materials + joints + load cases + test/FE,Critical,Controlled load path calculation/test evidence
load direction,150R,,N / geometry / definition,V7_GAP_REGISTER + V7_R5_DEFINITIONS,V7-GAP/V7-RC-005,MISSING,LOAD_PATH_NOT_QUANTIFIED,None,Right seatback rotation-control link load path,No capacity-bearing value may be inferred from visual geometry.,Materials + joints + load cases + test/FE,Critical,Controlled load path calculation/test evidence
load magnitude,150R,,N / geometry / definition,V7_GAP_REGISTER + V7_R5_DEFINITIONS,V7-GAP/V7-RC-005,MISSING,LOAD_PATH_NOT_QUANTIFIED,None,Right seatback rotation-control link load path,No capacity-bearing value may be inferred from visual geometry.,Materials + joints + load cases + test/FE,Critical,Controlled load path calculation/test evidence
structural section,150R,,N / geometry / definition,V7_GAP_REGISTER + V7_R5_DEFINITIONS,V7-GAP/V7-RC-005,MISSING,LOAD_PATH_NOT_QUANTIFIED,None,Right seatback rotation-control link load path,No capacity-bearing value may be inferred from visual geometry.,Materials + joints + load cases + test/FE,Critical,Controlled load path calculation/test evidence
joint,150R,,N / geometry / definition,V7_GAP_REGISTER + V7_R5_DEFINITIONS,V7-GAP/V7-RC-005,MISSING,LOAD_PATH_NOT_QUANTIFIED,None,Right seatback rotation-control link load path,No capacity-bearing value may be inferred from visual geometry.,Materials + joints + load cases + test/FE,Critical,Controlled load path calculation/test evidence
fastener,150R,,N / geometry / definition,V7_GAP_REGISTER + V7_R5_DEFINITIONS,V7-GAP/V7-RC-005,MISSING,LOAD_PATH_NOT_QUANTIFIED,None,Right seatback rotation-control link load path,No capacity-bearing value may be inferred from visual geometry.,Materials + joints + load cases + test/FE,Critical,Controlled load path calculation/test evidence
weld,150R,,N / geometry / definition,V7_GAP_REGISTER + V7_R5_DEFINITIONS,V7-GAP/V7-RC-005,MISSING,LOAD_PATH_NOT_QUANTIFIED,None,Right seatback rotation-control link load path,No capacity-bearing value may be inferred from visual geometry.,Materials + joints + load cases + test/FE,Critical,Controlled load path calculation/test evidence
bearing surface,150R,,N / geometry / definition,V7_GAP_REGISTER + V7_R5_DEFINITIONS,V7-GAP/V7-RC-005,MISSING,LOAD_PATH_NOT_QUANTIFIED,None,Right seatback rotation-control link load path,No capacity-bearing value may be inferred from visual geometry.,Materials + joints + load cases + test/FE,Critical,Controlled load path calculation/test evidence
failure mode,150R,,N / geometry / definition,V7_GAP_REGISTER + V7_R5_DEFINITIONS,V7-GAP/V7-RC-005,MISSING,LOAD_PATH_NOT_QUANTIFIED,None,Right seatback rotation-control link load path,No capacity-bearing value may be inferred from visual geometry.,Materials + joints + load cases + test/FE,Critical,Controlled load path calculation/test evidence
allowable,150R,,N / geometry / definition,V7_GAP_REGISTER + V7_R5_DEFINITIONS,V7-GAP/V7-RC-005,MISSING,LOAD_PATH_NOT_QUANTIFIED,None,Right seatback rotation-control link load path,No capacity-bearing value may be inferred from visual geometry.,Materials + joints + load cases + test/FE,Critical,Controlled load path calculation/test evidence
safety factor,150R,,N / geometry / definition,V7_GAP_REGISTER + V7_R5_DEFINITIONS,V7-GAP/V7-RC-005,MISSING,LOAD_PATH_NOT_QUANTIFIED,None,Right seatback rotation-control link load path,No capacity-bearing value may be inferred from visual geometry.,Materials + joints + load cases + test/FE,Critical,Controlled load path calculation/test evidence
evidence,150R,,N / geometry / definition,V7_GAP_REGISTER + V7_R5_DEFINITIONS,V7-GAP/V7-RC-005,MISSING,LOAD_PATH_NOT_QUANTIFIED,None,Right seatback rotation-control link load path,No capacity-bearing value may be inferred from visual geometry.,Materials + joints + load cases + test/FE,Critical,Controlled load path calculation/test evidence
expected load,160,,N / geometry / definition,V7_GAP_REGISTER + V7_R5_DEFINITIONS,V7-GAP/V7-RC-005,MISSING,LOAD_PATH_NOT_QUANTIFIED,None,Seatback frame load path,No capacity-bearing value may be inferred from visual geometry.,Materials + joints + load cases + test/FE,Critical,Controlled load path calculation/test evidence
reaction path,160,,N / geometry / definition,V7_GAP_REGISTER + V7_R5_DEFINITIONS,V7-GAP/V7-RC-005,MISSING,LOAD_PATH_NOT_QUANTIFIED,None,Seatback frame load path,No capacity-bearing value may be inferred from visual geometry.,Materials + joints + load cases + test/FE,Critical,Controlled load path calculation/test evidence
load direction,160,,N / geometry / definition,V7_GAP_REGISTER + V7_R5_DEFINITIONS,V7-GAP/V7-RC-005,MISSING,LOAD_PATH_NOT_QUANTIFIED,None,Seatback frame load path,No capacity-bearing value may be inferred from visual geometry.,Materials + joints + load cases + test/FE,Critical,Controlled load path calculation/test evidence
load magnitude,160,,N / geometry / definition,V7_GAP_REGISTER + V7_R5_DEFINITIONS,V7-GAP/V7-RC-005,MISSING,LOAD_PATH_NOT_QUANTIFIED,None,Seatback frame load path,No capacity-bearing value may be inferred from visual geometry.,Materials + joints + load cases + test/FE,Critical,Controlled load path calculation/test evidence
structural section,160,,N / geometry / definition,V7_GAP_REGISTER + V7_R5_DEFINITIONS,V7-GAP/V7-RC-005,MISSING,LOAD_PATH_NOT_QUANTIFIED,None,Seatback frame load path,No capacity-bearing value may be inferred from visual geometry.,Materials + joints + load cases + test/FE,Critical,Controlled load path calculation/test evidence
joint,160,,N / geometry / definition,V7_GAP_REGISTER + V7_R5_DEFINITIONS,V7-GAP/V7-RC-005,MISSING,LOAD_PATH_NOT_QUANTIFIED,None,Seatback frame load path,No capacity-bearing value may be inferred from visual geometry.,Materials + joints + load cases + test/FE,Critical,Controlled load path calculation/test evidence
fastener,160,,N / geometry / definition,V7_GAP_REGISTER + V7_R5_DEFINITIONS,V7-GAP/V7-RC-005,MISSING,LOAD_PATH_NOT_QUANTIFIED,None,Seatback frame load path,No capacity-bearing value may be inferred from visual geometry.,Materials + joints + load cases + test/FE,Critical,Controlled load path calculation/test evidence
weld,160,,N / geometry / definition,V7_GAP_REGISTER + V7_R5_DEFINITIONS,V7-GAP/V7-RC-005,MISSING,LOAD_PATH_NOT_QUANTIFIED,None,Seatback frame load path,No capacity-bearing value may be inferred from visual geometry.,Materials + joints + load cases + test/FE,Critical,Controlled load path calculation/test evidence
bearing surface,160,,N / geometry / definition,V7_GAP_REGISTER + V7_R5_DEFINITIONS,V7-GAP/V7-RC-005,MISSING,LOAD_PATH_NOT_QUANTIFIED,None,Seatback frame load path,No capacity-bearing value may be inferred from visual geometry.,Materials + joints + load cases + test/FE,Critical,Controlled load path calculation/test evidence
failure mode,160,,N / geometry / definition,V7_GAP_REGISTER + V7_R5_DEFINITIONS,V7-GAP/V7-RC-005,MISSING,LOAD_PATH_NOT_QUANTIFIED,None,Seatback frame load path,No capacity-bearing value may be inferred from visual geometry.,Materials + joints + load cases + test/FE,Critical,Controlled load path calculation/test evidence
allowable,160,,N / geometry / definition,V7_GAP_REGISTER + V7_R5_DEFINITIONS,V7-GAP/V7-RC-005,MISSING,LOAD_PATH_NOT_QUANTIFIED,None,Seatback frame load path,No capacity-bearing value may be inferred from visual geometry.,Materials + joints + load cases + test/FE,Critical,Controlled load path calculation/test evidence
safety factor,160,,N / geometry / definition,V7_GAP_REGISTER + V7_R5_DEFINITIONS,V7-GAP/V7-RC-005,MISSING,LOAD_PATH_NOT_QUANTIFIED,None,Seatback frame load path,No capacity-bearing value may be inferred from visual geometry.,Materials + joints + load cases + test/FE,Critical,Controlled load path calculation/test evidence
evidence,160,,N / geometry / definition,V7_GAP_REGISTER + V7_R5_DEFINITIONS,V7-GAP/V7-RC-005,MISSING,LOAD_PATH_NOT_QUANTIFIED,None,Seatback frame load path,No capacity-bearing value may be inferred from visual geometry.,Materials + joints + load cases + test/FE,Critical,Controlled load path calculation/test evidence
expected load,170,,N / geometry / definition,V7_GAP_REGISTER + V7_R5_DEFINITIONS,V7-GAP/V7-RC-005,MISSING,LOAD_PATH_NOT_QUANTIFIED,None,Multi-state lock load path,No capacity-bearing value may be inferred from visual geometry.,Materials + joints + load cases + test/FE,Critical,Controlled load path calculation/test evidence
reaction path,170,,N / geometry / definition,V7_GAP_REGISTER + V7_R5_DEFINITIONS,V7-GAP/V7-RC-005,MISSING,LOAD_PATH_NOT_QUANTIFIED,None,Multi-state lock load path,No capacity-bearing value may be inferred from visual geometry.,Materials + joints + load cases + test/FE,Critical,Controlled load path calculation/test evidence
load direction,170,,N / geometry / definition,V7_GAP_REGISTER + V7_R5_DEFINITIONS,V7-GAP/V7-RC-005,MISSING,LOAD_PATH_NOT_QUANTIFIED,None,Multi-state lock load path,No capacity-bearing value may be inferred from visual geometry.,Materials + joints + load cases + test/FE,Critical,Controlled load path calculation/test evidence
load magnitude,170,,N / geometry / definition,V7_GAP_REGISTER + V7_R5_DEFINITIONS,V7-GAP/V7-RC-005,MISSING,LOAD_PATH_NOT_QUANTIFIED,None,Multi-state lock load path,No capacity-bearing value may be inferred from visual geometry.,Materials + joints + load cases + test/FE,Critical,Controlled load path calculation/test evidence
structural section,170,,N / geometry / definition,V7_GAP_REGISTER + V7_R5_DEFINITIONS,V7-GAP/V7-RC-005,MISSING,LOAD_PATH_NOT_QUANTIFIED,None,Multi-state lock load path,No capacity-bearing value may be inferred from visual geometry.,Materials + joints + load cases + test/FE,Critical,Controlled load path calculation/test evidence
joint,170,,N / geometry / definition,V7_GAP_REGISTER + V7_R5_DEFINITIONS,V7-GAP/V7-RC-005,MISSING,LOAD_PATH_NOT_QUANTIFIED,None,Multi-state lock load path,No capacity-bearing value may be inferred from visual geometry.,Materials + joints + load cases + test/FE,Critical,Controlled load path calculation/test evidence
fastener,170,,N / geometry / definition,V7_GAP_REGISTER + V7_R5_DEFINITIONS,V7-GAP/V7-RC-005,MISSING,LOAD_PATH_NOT_QUANTIFIED,None,Multi-state lock load path,No capacity-bearing value may be inferred from visual geometry.,Materials + joints + load cases + test/FE,Critical,Controlled load path calculation/test evidence
weld,170,,N / geometry / definition,V7_GAP_REGISTER + V7_R5_DEFINITIONS,V7-GAP/V7-RC-005,MISSING,LOAD_PATH_NOT_QUANTIFIED,None,Multi-state lock load path,No capacity-bearing value may be inferred from visual geometry.,Materials + joints + load cases + test/FE,Critical,Controlled load path calculation/test evidence
bearing surface,170,,N / geometry / definition,V7_GAP_REGISTER + V7_R5_DEFINITIONS,V7-GAP/V7-RC-005,MISSING,LOAD_PATH_NOT_QUANTIFIED,None,Multi-state lock load path,No capacity-bearing value may be inferred from visual geometry.,Materials + joints + load cases + test/FE,Critical,Controlled load path calculation/test evidence
failure mode,170,,N / geometry / definition,V7_GAP_REGISTER + V7_R5_DEFINITIONS,V7-GAP/V7-RC-005,MISSING,LOAD_PATH_NOT_QUANTIFIED,None,Multi-state lock load path,No capacity-bearing value may be inferred from visual geometry.,Materials + joints + load cases + test/FE,Critical,Controlled load path calculation/test evidence
allowable,170,,N / geometry / definition,V7_GAP_REGISTER + V7_R5_DEFINITIONS,V7-GAP/V7-RC-005,MISSING,LOAD_PATH_NOT_QUANTIFIED,None,Multi-state lock load path,No capacity-bearing value may be inferred from visual geometry.,Materials + joints + load cases + test/FE,Critical,Controlled load path calculation/test evidence
safety factor,170,,N / geometry / definition,V7_GAP_REGISTER + V7_R5_DEFINITIONS,V7-GAP/V7-RC-005,MISSING,LOAD_PATH_NOT_QUANTIFIED,None,Multi-state lock load path,No capacity-bearing value may be inferred from visual geometry.,Materials + joints + load cases + test/FE,Critical,Controlled load path calculation/test evidence
evidence,170,,N / geometry / definition,V7_GAP_REGISTER + V7_R5_DEFINITIONS,V7-GAP/V7-RC-005,MISSING,LOAD_PATH_NOT_QUANTIFIED,None,Multi-state lock load path,No capacity-bearing value may be inferred from visual geometry.,Materials + joints + load cases + test/FE,Critical,Controlled load path calculation/test evidence
expected load,180,,N / geometry / definition,V7_GAP_REGISTER + V7_R5_DEFINITIONS,V7-GAP/V7-RC-005,MISSING,LOAD_PATH_NOT_QUANTIFIED,None,Rebound-control module load path,No capacity-bearing value may be inferred from visual geometry.,Materials + joints + load cases + test/FE,Critical,Controlled load path calculation/test evidence
reaction path,180,,N / geometry / definition,V7_GAP_REGISTER + V7_R5_DEFINITIONS,V7-GAP/V7-RC-005,MISSING,LOAD_PATH_NOT_QUANTIFIED,None,Rebound-control module load path,No capacity-bearing value may be inferred from visual geometry.,Materials + joints + load cases + test/FE,Critical,Controlled load path calculation/test evidence
load direction,180,,N / geometry / definition,V7_GAP_REGISTER + V7_R5_DEFINITIONS,V7-GAP/V7-RC-005,MISSING,LOAD_PATH_NOT_QUANTIFIED,None,Rebound-control module load path,No capacity-bearing value may be inferred from visual geometry.,Materials + joints + load cases + test/FE,Critical,Controlled load path calculation/test evidence
load magnitude,180,,N / geometry / definition,V7_GAP_REGISTER + V7_R5_DEFINITIONS,V7-GAP/V7-RC-005,MISSING,LOAD_PATH_NOT_QUANTIFIED,None,Rebound-control module load path,No capacity-bearing value may be inferred from visual geometry.,Materials + joints + load cases + test/FE,Critical,Controlled load path calculation/test evidence
structural section,180,,N / geometry / definition,V7_GAP_REGISTER + V7_R5_DEFINITIONS,V7-GAP/V7-RC-005,MISSING,LOAD_PATH_NOT_QUANTIFIED,None,Rebound-control module load path,No capacity-bearing value may be inferred from visual geometry.,Materials + joints + load cases + test/FE,Critical,Controlled load path calculation/test evidence
joint,180,,N / geometry / definition,V7_GAP_REGISTER + V7_R5_DEFINITIONS,V7-GAP/V7-RC-005,MISSING,LOAD_PATH_NOT_QUANTIFIED,None,Rebound-control module load path,No capacity-bearing value may be inferred from visual geometry.,Materials + joints + load cases + test/FE,Critical,Controlled load path calculation/test evidence
fastener,180,,N / geometry / definition,V7_GAP_REGISTER + V7_R5_DEFINITIONS,V7-GAP/V7-RC-005,MISSING,LOAD_PATH_NOT_QUANTIFIED,None,Rebound-control module load path,No capacity-bearing value may be inferred from visual geometry.,Materials + joints + load cases + test/FE,Critical,Controlled load path calculation/test evidence
weld,180,,N / geometry / definition,V7_GAP_REGISTER + V7_R5_DEFINITIONS,V7-GAP/V7-RC-005,MISSING,LOAD_PATH_NOT_QUANTIFIED,None,Rebound-control module load path,No capacity-bearing value may be inferred from visual geometry.,Materials + joints + load cases + test/FE,Critical,Controlled load path calculation/test evidence
bearing surface,180,,N / geometry / definition,V7_GAP_REGISTER + V7_R5_DEFINITIONS,V7-GAP/V7-RC-005,MISSING,LOAD_PATH_NOT_QUANTIFIED,None,Rebound-control module load path,No capacity-bearing value may be inferred from visual geometry.,Materials + joints + load cases + test/FE,Critical,Controlled load path calculation/test evidence
failure mode,180,,N / geometry / definition,V7_GAP_REGISTER + V7_R5_DEFINITIONS,V7-GAP/V7-RC-005,MISSING,LOAD_PATH_NOT_QUANTIFIED,None,Rebound-control module load path,No capacity-bearing value may be inferred from visual geometry.,Materials + joints + load cases + test/FE,Critical,Controlled load path calculation/test evidence
allowable,180,,N / geometry / definition,V7_GAP_REGISTER + V7_R5_DEFINITIONS,V7-GAP/V7-RC-005,MISSING,LOAD_PATH_NOT_QUANTIFIED,None,Rebound-control module load path,No capacity-bearing value may be inferred from visual geometry.,Materials + joints + load cases + test/FE,Critical,Controlled load path calculation/test evidence
safety factor,180,,N / geometry / definition,V7_GAP_REGISTER + V7_R5_DEFINITIONS,V7-GAP/V7-RC-005,MISSING,LOAD_PATH_NOT_QUANTIFIED,None,Rebound-control module load path,No capacity-bearing value may be inferred from visual geometry.,Materials + joints + load cases + test/FE,Critical,Controlled load path calculation/test evidence
evidence,180,,N / geometry / definition,V7_GAP_REGISTER + V7_R5_DEFINITIONS,V7-GAP/V7-RC-005,MISSING,LOAD_PATH_NOT_QUANTIFIED,None,Rebound-control module load path,No capacity-bearing value may be inferred from visual geometry.,Materials + joints + load cases + test/FE,Critical,Controlled load path calculation/test evidence
expected load,190,,N / geometry / definition,V7_GAP_REGISTER + V7_R5_DEFINITIONS,V7-GAP/V7-RC-005,MISSING,LOAD_PATH_NOT_QUANTIFIED,None,Occupant restraint interface load path,No capacity-bearing value may be inferred from visual geometry.,Materials + joints + load cases + test/FE,Critical,Controlled load path calculation/test evidence
reaction path,190,,N / geometry / definition,V7_GAP_REGISTER + V7_R5_DEFINITIONS,V7-GAP/V7-RC-005,MISSING,LOAD_PATH_NOT_QUANTIFIED,None,Occupant restraint interface load path,No capacity-bearing value may be inferred from visual geometry.,Materials + joints + load cases + test/FE,Critical,Controlled load path calculation/test evidence
load direction,190,,N / geometry / definition,V7_GAP_REGISTER + V7_R5_DEFINITIONS,V7-GAP/V7-RC-005,MISSING,LOAD_PATH_NOT_QUANTIFIED,None,Occupant restraint interface load path,No capacity-bearing value may be inferred from visual geometry.,Materials + joints + load cases + test/FE,Critical,Controlled load path calculation/test evidence
load magnitude,190,,N / geometry / definition,V7_GAP_REGISTER + V7_R5_DEFINITIONS,V7-GAP/V7-RC-005,MISSING,LOAD_PATH_NOT_QUANTIFIED,None,Occupant restraint interface load path,No capacity-bearing value may be inferred from visual geometry.,Materials + joints + load cases + test/FE,Critical,Controlled load path calculation/test evidence
structural section,190,,N / geometry / definition,V7_GAP_REGISTER + V7_R5_DEFINITIONS,V7-GAP/V7-RC-005,MISSING,LOAD_PATH_NOT_QUANTIFIED,None,Occupant restraint interface load path,No capacity-bearing value may be inferred from visual geometry.,Materials + joints + load cases + test/FE,Critical,Controlled load path calculation/test evidence
joint,190,,N / geometry / definition,V7_GAP_REGISTER + V7_R5_DEFINITIONS,V7-GAP/V7-RC-005,MISSING,LOAD_PATH_NOT_QUANTIFIED,None,Occupant restraint interface load path,No capacity-bearing value may be inferred from visual geometry.,Materials + joints + load cases + test/FE,Critical,Controlled load path calculation/test evidence
fastener,190,,N / geometry / definition,V7_GAP_REGISTER + V7_R5_DEFINITIONS,V7-GAP/V7-RC-005,MISSING,LOAD_PATH_NOT_QUANTIFIED,None,Occupant restraint interface load path,No capacity-bearing value may be inferred from visual geometry.,Materials + joints + load cases + test/FE,Critical,Controlled load path calculation/test evidence
weld,190,,N / geometry / definition,V7_GAP_REGISTER + V7_R5_DEFINITIONS,V7-GAP/V7-RC-005,MISSING,LOAD_PATH_NOT_QUANTIFIED,None,Occupant restraint interface load path,No capacity-bearing value may be inferred from visual geometry.,Materials + joints + load cases + test/FE,Critical,Controlled load path calculation/test evidence
bearing surface,190,,N / geometry / definition,V7_GAP_REGISTER + V7_R5_DEFINITIONS,V7-GAP/V7-RC-005,MISSING,LOAD_PATH_NOT_QUANTIFIED,None,Occupant restraint interface load path,No capacity-bearing value may be inferred from visual geometry.,Materials + joints + load cases + test/FE,Critical,Controlled load path calculation/test evidence
failure mode,190,,N / geometry / definition,V7_GAP_REGISTER + V7_R5_DEFINITIONS,V7-GAP/V7-RC-005,MISSING,LOAD_PATH_NOT_QUANTIFIED,None,Occupant restraint interface load path,No capacity-bearing value may be inferred from visual geometry.,Materials + joints + load cases + test/FE,Critical,Controlled load path calculation/test evidence
allowable,190,,N / geometry / definition,V7_GAP_REGISTER + V7_R5_DEFINITIONS,V7-GAP/V7-RC-005,MISSING,LOAD_PATH_NOT_QUANTIFIED,None,Occupant restraint interface load path,No capacity-bearing value may be inferred from visual geometry.,Materials + joints + load cases + test/FE,Critical,Controlled load path calculation/test evidence
safety factor,190,,N / geometry / definition,V7_GAP_REGISTER + V7_R5_DEFINITIONS,V7-GAP/V7-RC-005,MISSING,LOAD_PATH_NOT_QUANTIFIED,None,Occupant restraint interface load path,No capacity-bearing value may be inferred from visual geometry.,Materials + joints + load cases + test/FE,Critical,Controlled load path calculation/test evidence
evidence,190,,N / geometry / definition,V7_GAP_REGISTER + V7_R5_DEFINITIONS,V7-GAP/V7-RC-005,MISSING,LOAD_PATH_NOT_QUANTIFIED,None,Occupant restraint interface load path,No capacity-bearing value may be inferred from visual geometry.,Materials + joints + load cases + test/FE,Critical,Controlled load path calculation/test evidence
expected load,200,,N / geometry / definition,V7_GAP_REGISTER + V7_R5_DEFINITIONS,V7-GAP/V7-RC-005,MISSING,LOAD_PATH_NOT_QUANTIFIED,None,Torso/head guidance load path,No capacity-bearing value may be inferred from visual geometry.,Materials + joints + load cases + test/FE,Critical,Controlled load path calculation/test evidence
reaction path,200,,N / geometry / definition,V7_GAP_REGISTER + V7_R5_DEFINITIONS,V7-GAP/V7-RC-005,MISSING,LOAD_PATH_NOT_QUANTIFIED,None,Torso/head guidance load path,No capacity-bearing value may be inferred from visual geometry.,Materials + joints + load cases + test/FE,Critical,Controlled load path calculation/test evidence
load direction,200,,N / geometry / definition,V7_GAP_REGISTER + V7_R5_DEFINITIONS,V7-GAP/V7-RC-005,MISSING,LOAD_PATH_NOT_QUANTIFIED,None,Torso/head guidance load path,No capacity-bearing value may be inferred from visual geometry.,Materials + joints + load cases + test/FE,Critical,Controlled load path calculation/test evidence
load magnitude,200,,N / geometry / definition,V7_GAP_REGISTER + V7_R5_DEFINITIONS,V7-GAP/V7-RC-005,MISSING,LOAD_PATH_NOT_QUANTIFIED,None,Torso/head guidance load path,No capacity-bearing value may be inferred from visual geometry.,Materials + joints + load cases + test/FE,Critical,Controlled load path calculation/test evidence
structural section,200,,N / geometry / definition,V7_GAP_REGISTER + V7_R5_DEFINITIONS,V7-GAP/V7-RC-005,MISSING,LOAD_PATH_NOT_QUANTIFIED,None,Torso/head guidance load path,No capacity-bearing value may be inferred from visual geometry.,Materials + joints + load cases + test/FE,Critical,Controlled load path calculation/test evidence
joint,200,,N / geometry / definition,V7_GAP_REGISTER + V7_R5_DEFINITIONS,V7-GAP/V7-RC-005,MISSING,LOAD_PATH_NOT_QUANTIFIED,None,Torso/head guidance load path,No capacity-bearing value may be inferred from visual geometry.,Materials + joints + load cases + test/FE,Critical,Controlled load path calculation/test evidence
fastener,200,,N / geometry / definition,V7_GAP_REGISTER + V7_R5_DEFINITIONS,V7-GAP/V7-RC-005,MISSING,LOAD_PATH_NOT_QUANTIFIED,None,Torso/head guidance load path,No capacity-bearing value may be inferred from visual geometry.,Materials + joints + load cases + test/FE,Critical,Controlled load path calculation/test evidence
weld,200,,N / geometry / definition,V7_GAP_REGISTER + V7_R5_DEFINITIONS,V7-GAP/V7-RC-005,MISSING,LOAD_PATH_NOT_QUANTIFIED,None,Torso/head guidance load path,No capacity-bearing value may be inferred from visual geometry.,Materials + joints + load cases + test/FE,Critical,Controlled load path calculation/test evidence
bearing surface,200,,N / geometry / definition,V7_GAP_REGISTER + V7_R5_DEFINITIONS,V7-GAP/V7-RC-005,MISSING,LOAD_PATH_NOT_QUANTIFIED,None,Torso/head guidance load path,No capacity-bearing value may be inferred from visual geometry.,Materials + joints + load cases + test/FE,Critical,Controlled load path calculation/test evidence
failure mode,200,,N / geometry / definition,V7_GAP_REGISTER + V7_R5_DEFINITIONS,V7-GAP/V7-RC-005,MISSING,LOAD_PATH_NOT_QUANTIFIED,None,Torso/head guidance load path,No capacity-bearing value may be inferred from visual geometry.,Materials + joints + load cases + test/FE,Critical,Controlled load path calculation/test evidence
allowable,200,,N / geometry / definition,V7_GAP_REGISTER + V7_R5_DEFINITIONS,V7-GAP/V7-RC-005,MISSING,LOAD_PATH_NOT_QUANTIFIED,None,Torso/head guidance load path,No capacity-bearing value may be inferred from visual geometry.,Materials + joints + load cases + test/FE,Critical,Controlled load path calculation/test evidence
safety factor,200,,N / geometry / definition,V7_GAP_REGISTER + V7_R5_DEFINITIONS,V7-GAP/V7-RC-005,MISSING,LOAD_PATH_NOT_QUANTIFIED,None,Torso/head guidance load path,No capacity-bearing value may be inferred from visual geometry.,Materials + joints + load cases + test/FE,Critical,Controlled load path calculation/test evidence
evidence,200,,N / geometry / definition,V7_GAP_REGISTER + V7_R5_DEFINITIONS,V7-GAP/V7-RC-005,MISSING,LOAD_PATH_NOT_QUANTIFIED,None,Torso/head guidance load path,No capacity-bearing value may be inferred from visual geometry.,Materials + joints + load cases + test/FE,Critical,Controlled load path calculation/test evidence
expected load,210,,N / geometry / definition,V7_GAP_REGISTER + V7_R5_DEFINITIONS,V7-GAP/V7-RC-005,MISSING,LOAD_PATH_NOT_QUANTIFIED,None,Sensor/trigger interface load path,No capacity-bearing value may be inferred from visual geometry.,Materials + joints + load cases + test/FE,Critical,Controlled load path calculation/test evidence
reaction path,210,,N / geometry / definition,V7_GAP_REGISTER + V7_R5_DEFINITIONS,V7-GAP/V7-RC-005,MISSING,LOAD_PATH_NOT_QUANTIFIED,None,Sensor/trigger interface load path,No capacity-bearing value may be inferred from visual geometry.,Materials + joints + load cases + test/FE,Critical,Controlled load path calculation/test evidence
load direction,210,,N / geometry / definition,V7_GAP_REGISTER + V7_R5_DEFINITIONS,V7-GAP/V7-RC-005,MISSING,LOAD_PATH_NOT_QUANTIFIED,None,Sensor/trigger interface load path,No capacity-bearing value may be inferred from visual geometry.,Materials + joints + load cases + test/FE,Critical,Controlled load path calculation/test evidence
load magnitude,210,,N / geometry / definition,V7_GAP_REGISTER + V7_R5_DEFINITIONS,V7-GAP/V7-RC-005,MISSING,LOAD_PATH_NOT_QUANTIFIED,None,Sensor/trigger interface load path,No capacity-bearing value may be inferred from visual geometry.,Materials + joints + load cases + test/FE,Critical,Controlled load path calculation/test evidence
structural section,210,,N / geometry / definition,V7_GAP_REGISTER + V7_R5_DEFINITIONS,V7-GAP/V7-RC-005,MISSING,LOAD_PATH_NOT_QUANTIFIED,None,Sensor/trigger interface load path,No capacity-bearing value may be inferred from visual geometry.,Materials + joints + load cases + test/FE,Critical,Controlled load path calculation/test evidence
joint,210,,N / geometry / definition,V7_GAP_REGISTER + V7_R5_DEFINITIONS,V7-GAP/V7-RC-005,MISSING,LOAD_PATH_NOT_QUANTIFIED,None,Sensor/trigger interface load path,No capacity-bearing value may be inferred from visual geometry.,Materials + joints + load cases + test/FE,Critical,Controlled load path calculation/test evidence
fastener,210,,N / geometry / definition,V7_GAP_REGISTER + V7_R5_DEFINITIONS,V7-GAP/V7-RC-005,MISSING,LOAD_PATH_NOT_QUANTIFIED,None,Sensor/trigger interface load path,No capacity-bearing value may be inferred from visual geometry.,Materials + joints + load cases + test/FE,Critical,Controlled load path calculation/test evidence
weld,210,,N / geometry / definition,V7_GAP_REGISTER + V7_R5_DEFINITIONS,V7-GAP/V7-RC-005,MISSING,LOAD_PATH_NOT_QUANTIFIED,None,Sensor/trigger interface load path,No capacity-bearing value may be inferred from visual geometry.,Materials + joints + load cases + test/FE,Critical,Controlled load path calculation/test evidence
bearing surface,210,,N / geometry / definition,V7_GAP_REGISTER + V7_R5_DEFINITIONS,V7-GAP/V7-RC-005,MISSING,LOAD_PATH_NOT_QUANTIFIED,None,Sensor/trigger interface load path,No capacity-bearing value may be inferred from visual geometry.,Materials + joints + load cases + test/FE,Critical,Controlled load path calculation/test evidence
failure mode,210,,N / geometry / definition,V7_GAP_REGISTER + V7_R5_DEFINITIONS,V7-GAP/V7-RC-005,MISSING,LOAD_PATH_NOT_QUANTIFIED,None,Sensor/trigger interface load path,No capacity-bearing value may be inferred from visual geometry.,Materials + joints + load cases + test/FE,Critical,Controlled load path calculation/test evidence
allowable,210,,N / geometry / definition,V7_GAP_REGISTER + V7_R5_DEFINITIONS,V7-GAP/V7-RC-005,MISSING,LOAD_PATH_NOT_QUANTIFIED,None,Sensor/trigger interface load path,No capacity-bearing value may be inferred from visual geometry.,Materials + joints + load cases + test/FE,Critical,Controlled load path calculation/test evidence
safety factor,210,,N / geometry / definition,V7_GAP_REGISTER + V7_R5_DEFINITIONS,V7-GAP/V7-RC-005,MISSING,LOAD_PATH_NOT_QUANTIFIED,None,Sensor/trigger interface load path,No capacity-bearing value may be inferred from visual geometry.,Materials + joints + load cases + test/FE,Critical,Controlled load path calculation/test evidence
evidence,210,,N / geometry / definition,V7_GAP_REGISTER + V7_R5_DEFINITIONS,V7-GAP/V7-RC-005,MISSING,LOAD_PATH_NOT_QUANTIFIED,None,Sensor/trigger interface load path,No capacity-bearing value may be inferred from visual geometry.,Materials + joints + load cases + test/FE,Critical,Controlled load path calculation/test evidence
architectural load-path role,110L,bilateral longitudinal guidance/load path,definition,V7_DISCLOSURE,V7.0,SOURCE_SUPPORTED,Architecture disclosure,High,Functional architecture,"Structural capacity, actual loads, section properties and joint strength remain undefined.",Engineering definition + FE/test,High,Controlled structural definition
architectural load-path role,110R,bilateral longitudinal guidance/load path,definition,V7_DISCLOSURE,V7.0,SOURCE_SUPPORTED,Architecture disclosure,High,Functional architecture,"Structural capacity, actual loads, section properties and joint strength remain undefined.",Engineering definition + FE/test,High,Controlled structural definition
architectural load-path role,130L,ride-down energy-management path,definition,V7_DISCLOSURE,V7.0,SOURCE_SUPPORTED,Architecture disclosure,High,Functional architecture,"Structural capacity, actual loads, section properties and joint strength remain undefined.",Engineering definition + FE/test,High,Controlled structural definition
architectural load-path role,130R,ride-down energy-management path,definition,V7_DISCLOSURE,V7.0,SOURCE_SUPPORTED,Architecture disclosure,High,Functional architecture,"Structural capacity, actual loads, section properties and joint strength remain undefined.",Engineering definition + FE/test,High,Controlled structural definition
architectural load-path role,150L,independent seatback rotation-control path,definition,V7_DISCLOSURE,V7.0,SOURCE_SUPPORTED,Architecture disclosure,High,Functional architecture,"Structural capacity, actual loads, section properties and joint strength remain undefined.",Engineering definition + FE/test,High,Controlled structural definition
architectural load-path role,150R,independent seatback rotation-control path,definition,V7_DISCLOSURE,V7.0,SOURCE_SUPPORTED,Architecture disclosure,High,Functional architecture,"Structural capacity, actual loads, section properties and joint strength remain undefined.",Engineering definition + FE/test,High,Controlled structural definition
architectural load-path role,170,state-dependent constraint path,definition,V7_DISCLOSURE,V7.0,SOURCE_SUPPORTED,Architecture disclosure,High,Functional architecture,"Structural capacity, actual loads, section properties and joint strength remain undefined.",Engineering definition + FE/test,High,Controlled structural definition
architectural load-path role,180,reverse-motion control path,definition,V7_DISCLOSURE,V7.0,SOURCE_SUPPORTED,Architecture disclosure,High,Functional architecture,"Structural capacity, actual loads, section properties and joint strength remain undefined.",Engineering definition + FE/test,High,Controlled structural definition
architectural load-path role,190,restraint interface path,definition,V7_DISCLOSURE,V7.0,SOURCE_SUPPORTED,Architecture disclosure,High,Functional architecture,"Structural capacity, actual loads, section properties and joint strength remain undefined.",Engineering definition + FE/test,High,Controlled structural definition
material family,100,,,V7_R5_MATERIAL,V7-RC-005,SUPPLIER_INPUT_REQUIRED,MATERIAL_DEFINITION_PENDING,None,Vehicle interface/base frame material definition,Current material register fields are null; no controlled grade/density/strength values are available.,Supplier certification + controlled drawing/material spec,Critical,Controlled material specification/certificate
exact grade,100,,,V7_R5_MATERIAL,V7-RC-005,SUPPLIER_INPUT_REQUIRED,MATERIAL_DEFINITION_PENDING,None,Vehicle interface/base frame material definition,Current material register fields are null; no controlled grade/density/strength values are available.,Supplier certification + controlled drawing/material spec,Critical,Controlled material specification/certificate
condition,100,,,V7_R5_MATERIAL,V7-RC-005,SUPPLIER_INPUT_REQUIRED,MATERIAL_DEFINITION_PENDING,None,Vehicle interface/base frame material definition,Current material register fields are null; no controlled grade/density/strength values are available.,Supplier certification + controlled drawing/material spec,Critical,Controlled material specification/certificate
thickness,100,,mm,V7_R5_MATERIAL,V7-RC-005,MISSING,MATERIAL_DEFINITION_PENDING,None,Vehicle interface/base frame material definition,Current material register fields are null; no controlled grade/density/strength values are available.,Supplier certification + controlled drawing/material spec,Critical,Controlled material specification/certificate
density,100,,kg/m3,V7_R5_MATERIAL,V7-RC-005,MISSING,MATERIAL_DEFINITION_PENDING,None,Vehicle interface/base frame material definition,Current material register fields are null; no controlled grade/density/strength values are available.,Supplier certification + controlled drawing/material spec,Critical,Controlled material specification/certificate
Young modulus,100,,Pa,V7_R5_MATERIAL,V7-RC-005,MISSING,MATERIAL_DEFINITION_PENDING,None,Vehicle interface/base frame material definition,Current material register fields are null; no controlled grade/density/strength values are available.,Supplier certification + controlled drawing/material spec,Critical,Controlled material specification/certificate
Poisson ratio,100,,dimensionless,V7_R5_MATERIAL,V7-RC-005,MISSING,MATERIAL_DEFINITION_PENDING,None,Vehicle interface/base frame material definition,Current material register fields are null; no controlled grade/density/strength values are available.,Supplier certification + controlled drawing/material spec,Critical,Controlled material specification/certificate
yield strength,100,,Pa,V7_R5_MATERIAL,V7-RC-005,MISSING,MATERIAL_DEFINITION_PENDING,None,Vehicle interface/base frame material definition,Current material register fields are null; no controlled grade/density/strength values are available.,Supplier certification + controlled drawing/material spec,Critical,Controlled material specification/certificate
ultimate strength,100,,Pa,V7_R5_MATERIAL,V7-RC-005,MISSING,MATERIAL_DEFINITION_PENDING,None,Vehicle interface/base frame material definition,Current material register fields are null; no controlled grade/density/strength values are available.,Supplier certification + controlled drawing/material spec,Critical,Controlled material specification/certificate
elongation,100,,%,V7_R5_MATERIAL,V7-RC-005,MISSING,MATERIAL_DEFINITION_PENDING,None,Vehicle interface/base frame material definition,Current material register fields are null; no controlled grade/density/strength values are available.,Supplier certification + controlled drawing/material spec,Critical,Controlled material specification/certificate
fatigue data,100,,definition,V7_R5_MATERIAL,V7-RC-005,MISSING,MATERIAL_DEFINITION_PENDING,None,Vehicle interface/base frame material definition,Current material register fields are null; no controlled grade/density/strength values are available.,Supplier certification + controlled drawing/material spec,Critical,Controlled material specification/certificate
strain-rate sensitivity,100,,definition,V7_R5_MATERIAL,V7-RC-005,MISSING,MATERIAL_DEFINITION_PENDING,None,Vehicle interface/base frame material definition,Current material register fields are null; no controlled grade/density/strength values are available.,Supplier certification + controlled drawing/material spec,Critical,Controlled material specification/certificate
temperature dependence,100,,definition,V7_R5_MATERIAL,V7-RC-005,MISSING,MATERIAL_DEFINITION_PENDING,None,Vehicle interface/base frame material definition,Current material register fields are null; no controlled grade/density/strength values are available.,Supplier certification + controlled drawing/material spec,Critical,Controlled material specification/certificate
friction coefficient,100,,dimensionless,V7_R5_MATERIAL,V7-RC-005,MISSING,MATERIAL_DEFINITION_PENDING,None,Vehicle interface/base frame material definition,Current material register fields are null; no controlled grade/density/strength values are available.,Supplier certification + controlled drawing/material spec,Critical,Controlled material specification/certificate
certificate,100,,document,V7_R5_MATERIAL,V7-RC-005,SUPPLIER_INPUT_REQUIRED,MATERIAL_DEFINITION_PENDING,None,Vehicle interface/base frame material definition,Current material register fields are null; no controlled grade/density/strength values are available.,Supplier certification + controlled drawing/material spec,Critical,Controlled material specification/certificate
supplier/source,100,,document,V7_R5_MATERIAL,V7-RC-005,SUPPLIER_INPUT_REQUIRED,MATERIAL_DEFINITION_PENDING,None,Vehicle interface/base frame material definition,Current material register fields are null; no controlled grade/density/strength values are available.,Supplier certification + controlled drawing/material spec,Critical,Controlled material specification/certificate
lot/traceability,100,,document,V7_R5_MATERIAL,V7-RC-005,SUPPLIER_INPUT_REQUIRED,MATERIAL_DEFINITION_PENDING,None,Vehicle interface/base frame material definition,Current material register fields are null; no controlled grade/density/strength values are available.,Supplier certification + controlled drawing/material spec,Critical,Controlled material specification/certificate
material family,110L,,,V7_R5_MATERIAL,V7-RC-005,SUPPLIER_INPUT_REQUIRED,MATERIAL_DEFINITION_PENDING,None,Left longitudinal load path material definition,Current material register fields are null; no controlled grade/density/strength values are available.,Supplier certification + controlled drawing/material spec,Critical,Controlled material specification/certificate
exact grade,110L,,,V7_R5_MATERIAL,V7-RC-005,SUPPLIER_INPUT_REQUIRED,MATERIAL_DEFINITION_PENDING,None,Left longitudinal load path material definition,Current material register fields are null; no controlled grade/density/strength values are available.,Supplier certification + controlled drawing/material spec,Critical,Controlled material specification/certificate
condition,110L,,,V7_R5_MATERIAL,V7-RC-005,SUPPLIER_INPUT_REQUIRED,MATERIAL_DEFINITION_PENDING,None,Left longitudinal load path material definition,Current material register fields are null; no controlled grade/density/strength values are available.,Supplier certification + controlled drawing/material spec,Critical,Controlled material specification/certificate
thickness,110L,,mm,V7_R5_MATERIAL,V7-RC-005,MISSING,MATERIAL_DEFINITION_PENDING,None,Left longitudinal load path material definition,Current material register fields are null; no controlled grade/density/strength values are available.,Supplier certification + controlled drawing/material spec,Critical,Controlled material specification/certificate
density,110L,,kg/m3,V7_R5_MATERIAL,V7-RC-005,MISSING,MATERIAL_DEFINITION_PENDING,None,Left longitudinal load path material definition,Current material register fields are null; no controlled grade/density/strength values are available.,Supplier certification + controlled drawing/material spec,Critical,Controlled material specification/certificate
Young modulus,110L,,Pa,V7_R5_MATERIAL,V7-RC-005,MISSING,MATERIAL_DEFINITION_PENDING,None,Left longitudinal load path material definition,Current material register fields are null; no controlled grade/density/strength values are available.,Supplier certification + controlled drawing/material spec,Critical,Controlled material specification/certificate
Poisson ratio,110L,,dimensionless,V7_R5_MATERIAL,V7-RC-005,MISSING,MATERIAL_DEFINITION_PENDING,None,Left longitudinal load path material definition,Current material register fields are null; no controlled grade/density/strength values are available.,Supplier certification + controlled drawing/material spec,Critical,Controlled material specification/certificate
yield strength,110L,,Pa,V7_R5_MATERIAL,V7-RC-005,MISSING,MATERIAL_DEFINITION_PENDING,None,Left longitudinal load path material definition,Current material register fields are null; no controlled grade/density/strength values are available.,Supplier certification + controlled drawing/material spec,Critical,Controlled material specification/certificate
ultimate strength,110L,,Pa,V7_R5_MATERIAL,V7-RC-005,MISSING,MATERIAL_DEFINITION_PENDING,None,Left longitudinal load path material definition,Current material register fields are null; no controlled grade/density/strength values are available.,Supplier certification + controlled drawing/material spec,Critical,Controlled material specification/certificate
elongation,110L,,%,V7_R5_MATERIAL,V7-RC-005,MISSING,MATERIAL_DEFINITION_PENDING,None,Left longitudinal load path material definition,Current material register fields are null; no controlled grade/density/strength values are available.,Supplier certification + controlled drawing/material spec,Critical,Controlled material specification/certificate
fatigue data,110L,,definition,V7_R5_MATERIAL,V7-RC-005,MISSING,MATERIAL_DEFINITION_PENDING,None,Left longitudinal load path material definition,Current material register fields are null; no controlled grade/density/strength values are available.,Supplier certification + controlled drawing/material spec,Critical,Controlled material specification/certificate
strain-rate sensitivity,110L,,definition,V7_R5_MATERIAL,V7-RC-005,MISSING,MATERIAL_DEFINITION_PENDING,None,Left longitudinal load path material definition,Current material register fields are null; no controlled grade/density/strength values are available.,Supplier certification + controlled drawing/material spec,Critical,Controlled material specification/certificate
temperature dependence,110L,,definition,V7_R5_MATERIAL,V7-RC-005,MISSING,MATERIAL_DEFINITION_PENDING,None,Left longitudinal load path material definition,Current material register fields are null; no controlled grade/density/strength values are available.,Supplier certification + controlled drawing/material spec,Critical,Controlled material specification/certificate
friction coefficient,110L,,dimensionless,V7_R5_MATERIAL,V7-RC-005,MISSING,MATERIAL_DEFINITION_PENDING,None,Left longitudinal load path material definition,Current material register fields are null; no controlled grade/density/strength values are available.,Supplier certification + controlled drawing/material spec,Critical,Controlled material specification/certificate
certificate,110L,,document,V7_R5_MATERIAL,V7-RC-005,SUPPLIER_INPUT_REQUIRED,MATERIAL_DEFINITION_PENDING,None,Left longitudinal load path material definition,Current material register fields are null; no controlled grade/density/strength values are available.,Supplier certification + controlled drawing/material spec,Critical,Controlled material specification/certificate
supplier/source,110L,,document,V7_R5_MATERIAL,V7-RC-005,SUPPLIER_INPUT_REQUIRED,MATERIAL_DEFINITION_PENDING,None,Left longitudinal load path material definition,Current material register fields are null; no controlled grade/density/strength values are available.,Supplier certification + controlled drawing/material spec,Critical,Controlled material specification/certificate
lot/traceability,110L,,document,V7_R5_MATERIAL,V7-RC-005,SUPPLIER_INPUT_REQUIRED,MATERIAL_DEFINITION_PENDING,None,Left longitudinal load path material definition,Current material register fields are null; no controlled grade/density/strength values are available.,Supplier certification + controlled drawing/material spec,Critical,Controlled material specification/certificate
material family,110R,,,V7_R5_MATERIAL,V7-RC-005,SUPPLIER_INPUT_REQUIRED,MATERIAL_DEFINITION_PENDING,None,Right longitudinal load path material definition,Current material register fields are null; no controlled grade/density/strength values are available.,Supplier certification + controlled drawing/material spec,Critical,Controlled material specification/certificate
exact grade,110R,,,V7_R5_MATERIAL,V7-RC-005,SUPPLIER_INPUT_REQUIRED,MATERIAL_DEFINITION_PENDING,None,Right longitudinal load path material definition,Current material register fields are null; no controlled grade/density/strength values are available.,Supplier certification + controlled drawing/material spec,Critical,Controlled material specification/certificate
condition,110R,,,V7_R5_MATERIAL,V7-RC-005,SUPPLIER_INPUT_REQUIRED,MATERIAL_DEFINITION_PENDING,None,Right longitudinal load path material definition,Current material register fields are null; no controlled grade/density/strength values are available.,Supplier certification + controlled drawing/material spec,Critical,Controlled material specification/certificate
thickness,110R,,mm,V7_R5_MATERIAL,V7-RC-005,MISSING,MATERIAL_DEFINITION_PENDING,None,Right longitudinal load path material definition,Current material register fields are null; no controlled grade/density/strength values are available.,Supplier certification + controlled drawing/material spec,Critical,Controlled material specification/certificate
density,110R,,kg/m3,V7_R5_MATERIAL,V7-RC-005,MISSING,MATERIAL_DEFINITION_PENDING,None,Right longitudinal load path material definition,Current material register fields are null; no controlled grade/density/strength values are available.,Supplier certification + controlled drawing/material spec,Critical,Controlled material specification/certificate
Young modulus,110R,,Pa,V7_R5_MATERIAL,V7-RC-005,MISSING,MATERIAL_DEFINITION_PENDING,None,Right longitudinal load path material definition,Current material register fields are null; no controlled grade/density/strength values are available.,Supplier certification + controlled drawing/material spec,Critical,Controlled material specification/certificate
Poisson ratio,110R,,dimensionless,V7_R5_MATERIAL,V7-RC-005,MISSING,MATERIAL_DEFINITION_PENDING,None,Right longitudinal load path material definition,Current material register fields are null; no controlled grade/density/strength values are available.,Supplier certification + controlled drawing/material spec,Critical,Controlled material specification/certificate
yield strength,110R,,Pa,V7_R5_MATERIAL,V7-RC-005,MISSING,MATERIAL_DEFINITION_PENDING,None,Right longitudinal load path material definition,Current material register fields are null; no controlled grade/density/strength values are available.,Supplier certification + controlled drawing/material spec,Critical,Controlled material specification/certificate
ultimate strength,110R,,Pa,V7_R5_MATERIAL,V7-RC-005,MISSING,MATERIAL_DEFINITION_PENDING,None,Right longitudinal load path material definition,Current material register fields are null; no controlled grade/density/strength values are available.,Supplier certification + controlled drawing/material spec,Critical,Controlled material specification/certificate
elongation,110R,,%,V7_R5_MATERIAL,V7-RC-005,MISSING,MATERIAL_DEFINITION_PENDING,None,Right longitudinal load path material definition,Current material register fields are null; no controlled grade/density/strength values are available.,Supplier certification + controlled drawing/material spec,Critical,Controlled material specification/certificate
fatigue data,110R,,definition,V7_R5_MATERIAL,V7-RC-005,MISSING,MATERIAL_DEFINITION_PENDING,None,Right longitudinal load path material definition,Current material register fields are null; no controlled grade/density/strength values are available.,Supplier certification + controlled drawing/material spec,Critical,Controlled material specification/certificate
strain-rate sensitivity,110R,,definition,V7_R5_MATERIAL,V7-RC-005,MISSING,MATERIAL_DEFINITION_PENDING,None,Right longitudinal load path material definition,Current material register fields are null; no controlled grade/density/strength values are available.,Supplier certification + controlled drawing/material spec,Critical,Controlled material specification/certificate
temperature dependence,110R,,definition,V7_R5_MATERIAL,V7-RC-005,MISSING,MATERIAL_DEFINITION_PENDING,None,Right longitudinal load path material definition,Current material register fields are null; no controlled grade/density/strength values are available.,Supplier certification + controlled drawing/material spec,Critical,Controlled material specification/certificate
friction coefficient,110R,,dimensionless,V7_R5_MATERIAL,V7-RC-005,MISSING,MATERIAL_DEFINITION_PENDING,None,Right longitudinal load path material definition,Current material register fields are null; no controlled grade/density/strength values are available.,Supplier certification + controlled drawing/material spec,Critical,Controlled material specification/certificate
certificate,110R,,document,V7_R5_MATERIAL,V7-RC-005,SUPPLIER_INPUT_REQUIRED,MATERIAL_DEFINITION_PENDING,None,Right longitudinal load path material definition,Current material register fields are null; no controlled grade/density/strength values are available.,Supplier certification + controlled drawing/material spec,Critical,Controlled material specification/certificate
supplier/source,110R,,document,V7_R5_MATERIAL,V7-RC-005,SUPPLIER_INPUT_REQUIRED,MATERIAL_DEFINITION_PENDING,None,Right longitudinal load path material definition,Current material register fields are null; no controlled grade/density/strength values are available.,Supplier certification + controlled drawing/material spec,Critical,Controlled material specification/certificate
lot/traceability,110R,,document,V7_R5_MATERIAL,V7-RC-005,SUPPLIER_INPUT_REQUIRED,MATERIAL_DEFINITION_PENDING,None,Right longitudinal load path material definition,Current material register fields are null; no controlled grade/density/strength values are available.,Supplier certification + controlled drawing/material spec,Critical,Controlled material specification/certificate
material family,120,,,V7_R5_MATERIAL,V7-RC-005,SUPPLIER_INPUT_REQUIRED,MATERIAL_DEFINITION_PENDING,None,Seat carriage material definition,Current material register fields are null; no controlled grade/density/strength values are available.,Supplier certification + controlled drawing/material spec,Critical,Controlled material specification/certificate
exact grade,120,,,V7_R5_MATERIAL,V7-RC-005,SUPPLIER_INPUT_REQUIRED,MATERIAL_DEFINITION_PENDING,None,Seat carriage material definition,Current material register fields are null; no controlled grade/density/strength values are available.,Supplier certification + controlled drawing/material spec,Critical,Controlled material specification/certificate
condition,120,,,V7_R5_MATERIAL,V7-RC-005,SUPPLIER_INPUT_REQUIRED,MATERIAL_DEFINITION_PENDING,None,Seat carriage material definition,Current material register fields are null; no controlled grade/density/strength values are available.,Supplier certification + controlled drawing/material spec,Critical,Controlled material specification/certificate
thickness,120,,mm,V7_R5_MATERIAL,V7-RC-005,MISSING,MATERIAL_DEFINITION_PENDING,None,Seat carriage material definition,Current material register fields are null; no controlled grade/density/strength values are available.,Supplier certification + controlled drawing/material spec,Critical,Controlled material specification/certificate
density,120,,kg/m3,V7_R5_MATERIAL,V7-RC-005,MISSING,MATERIAL_DEFINITION_PENDING,None,Seat carriage material definition,Current material register fields are null; no controlled grade/density/strength values are available.,Supplier certification + controlled drawing/material spec,Critical,Controlled material specification/certificate
Young modulus,120,,Pa,V7_R5_MATERIAL,V7-RC-005,MISSING,MATERIAL_DEFINITION_PENDING,None,Seat carriage material definition,Current material register fields are null; no controlled grade/density/strength values are available.,Supplier certification + controlled drawing/material spec,Critical,Controlled material specification/certificate
Poisson ratio,120,,dimensionless,V7_R5_MATERIAL,V7-RC-005,MISSING,MATERIAL_DEFINITION_PENDING,None,Seat carriage material definition,Current material register fields are null; no controlled grade/density/strength values are available.,Supplier certification + controlled drawing/material spec,Critical,Controlled material specification/certificate
yield strength,120,,Pa,V7_R5_MATERIAL,V7-RC-005,MISSING,MATERIAL_DEFINITION_PENDING,None,Seat carriage material definition,Current material register fields are null; no controlled grade/density/strength values are available.,Supplier certification + controlled drawing/material spec,Critical,Controlled material specification/certificate
ultimate strength,120,,Pa,V7_R5_MATERIAL,V7-RC-005,MISSING,MATERIAL_DEFINITION_PENDING,None,Seat carriage material definition,Current material register fields are null; no controlled grade/density/strength values are available.,Supplier certification + controlled drawing/material spec,Critical,Controlled material specification/certificate
elongation,120,,%,V7_R5_MATERIAL,V7-RC-005,MISSING,MATERIAL_DEFINITION_PENDING,None,Seat carriage material definition,Current material register fields are null; no controlled grade/density/strength values are available.,Supplier certification + controlled drawing/material spec,Critical,Controlled material specification/certificate
fatigue data,120,,definition,V7_R5_MATERIAL,V7-RC-005,MISSING,MATERIAL_DEFINITION_PENDING,None,Seat carriage material definition,Current material register fields are null; no controlled grade/density/strength values are available.,Supplier certification + controlled drawing/material spec,Critical,Controlled material specification/certificate
strain-rate sensitivity,120,,definition,V7_R5_MATERIAL,V7-RC-005,MISSING,MATERIAL_DEFINITION_PENDING,None,Seat carriage material definition,Current material register fields are null; no controlled grade/density/strength values are available.,Supplier certification + controlled drawing/material spec,Critical,Controlled material specification/certificate
temperature dependence,120,,definition,V7_R5_MATERIAL,V7-RC-005,MISSING,MATERIAL_DEFINITION_PENDING,None,Seat carriage material definition,Current material register fields are null; no controlled grade/density/strength values are available.,Supplier certification + controlled drawing/material spec,Critical,Controlled material specification/certificate
friction coefficient,120,,dimensionless,V7_R5_MATERIAL,V7-RC-005,MISSING,MATERIAL_DEFINITION_PENDING,None,Seat carriage material definition,Current material register fields are null; no controlled grade/density/strength values are available.,Supplier certification + controlled drawing/material spec,Critical,Controlled material specification/certificate
certificate,120,,document,V7_R5_MATERIAL,V7-RC-005,SUPPLIER_INPUT_REQUIRED,MATERIAL_DEFINITION_PENDING,None,Seat carriage material definition,Current material register fields are null; no controlled grade/density/strength values are available.,Supplier certification + controlled drawing/material spec,Critical,Controlled material specification/certificate
supplier/source,120,,document,V7_R5_MATERIAL,V7-RC-005,SUPPLIER_INPUT_REQUIRED,MATERIAL_DEFINITION_PENDING,None,Seat carriage material definition,Current material register fields are null; no controlled grade/density/strength values are available.,Supplier certification + controlled drawing/material spec,Critical,Controlled material specification/certificate
lot/traceability,120,,document,V7_R5_MATERIAL,V7-RC-005,SUPPLIER_INPUT_REQUIRED,MATERIAL_DEFINITION_PENDING,None,Seat carriage material definition,Current material register fields are null; no controlled grade/density/strength values are available.,Supplier certification + controlled drawing/material spec,Critical,Controlled material specification/certificate
material family,130L,,,V7_R5_MATERIAL,V7-RC-005,SUPPLIER_INPUT_REQUIRED,MATERIAL_DEFINITION_PENDING,None,Left ride-down energy-management module material definition,Current material register fields are null; no controlled grade/density/strength values are available.,Supplier certification + controlled drawing/material spec,Critical,Controlled material specification/certificate
exact grade,130L,,,V7_R5_MATERIAL,V7-RC-005,SUPPLIER_INPUT_REQUIRED,MATERIAL_DEFINITION_PENDING,None,Left ride-down energy-management module material definition,Current material register fields are null; no controlled grade/density/strength values are available.,Supplier certification + controlled drawing/material spec,Critical,Controlled material specification/certificate
condition,130L,,,V7_R5_MATERIAL,V7-RC-005,SUPPLIER_INPUT_REQUIRED,MATERIAL_DEFINITION_PENDING,None,Left ride-down energy-management module material definition,Current material register fields are null; no controlled grade/density/strength values are available.,Supplier certification + controlled drawing/material spec,Critical,Controlled material specification/certificate
thickness,130L,,mm,V7_R5_MATERIAL,V7-RC-005,MISSING,MATERIAL_DEFINITION_PENDING,None,Left ride-down energy-management module material definition,Current material register fields are null; no controlled grade/density/strength values are available.,Supplier certification + controlled drawing/material spec,Critical,Controlled material specification/certificate
density,130L,,kg/m3,V7_R5_MATERIAL,V7-RC-005,MISSING,MATERIAL_DEFINITION_PENDING,None,Left ride-down energy-management module material definition,Current material register fields are null; no controlled grade/density/strength values are available.,Supplier certification + controlled drawing/material spec,Critical,Controlled material specification/certificate
Young modulus,130L,,Pa,V7_R5_MATERIAL,V7-RC-005,MISSING,MATERIAL_DEFINITION_PENDING,None,Left ride-down energy-management module material definition,Current material register fields are null; no controlled grade/density/strength values are available.,Supplier certification + controlled drawing/material spec,Critical,Controlled material specification/certificate
Poisson ratio,130L,,dimensionless,V7_R5_MATERIAL,V7-RC-005,MISSING,MATERIAL_DEFINITION_PENDING,None,Left ride-down energy-management module material definition,Current material register fields are null; no controlled grade/density/strength values are available.,Supplier certification + controlled drawing/material spec,Critical,Controlled material specification/certificate
yield strength,130L,,Pa,V7_R5_MATERIAL,V7-RC-005,MISSING,MATERIAL_DEFINITION_PENDING,None,Left ride-down energy-management module material definition,Current material register fields are null; no controlled grade/density/strength values are available.,Supplier certification + controlled drawing/material spec,Critical,Controlled material specification/certificate
ultimate strength,130L,,Pa,V7_R5_MATERIAL,V7-RC-005,MISSING,MATERIAL_DEFINITION_PENDING,None,Left ride-down energy-management module material definition,Current material register fields are null; no controlled grade/density/strength values are available.,Supplier certification + controlled drawing/material spec,Critical,Controlled material specification/certificate
elongation,130L,,%,V7_R5_MATERIAL,V7-RC-005,MISSING,MATERIAL_DEFINITION_PENDING,None,Left ride-down energy-management module material definition,Current material register fields are null; no controlled grade/density/strength values are available.,Supplier certification + controlled drawing/material spec,Critical,Controlled material specification/certificate
fatigue data,130L,,definition,V7_R5_MATERIAL,V7-RC-005,MISSING,MATERIAL_DEFINITION_PENDING,None,Left ride-down energy-management module material definition,Current material register fields are null; no controlled grade/density/strength values are available.,Supplier certification + controlled drawing/material spec,Critical,Controlled material specification/certificate
strain-rate sensitivity,130L,,definition,V7_R5_MATERIAL,V7-RC-005,MISSING,MATERIAL_DEFINITION_PENDING,None,Left ride-down energy-management module material definition,Current material register fields are null; no controlled grade/density/strength values are available.,Supplier certification + controlled drawing/material spec,Critical,Controlled material specification/certificate
temperature dependence,130L,,definition,V7_R5_MATERIAL,V7-RC-005,MISSING,MATERIAL_DEFINITION_PENDING,None,Left ride-down energy-management module material definition,Current material register fields are null; no controlled grade/density/strength values are available.,Supplier certification + controlled drawing/material spec,Critical,Controlled material specification/certificate
friction coefficient,130L,,dimensionless,V7_R5_MATERIAL,V7-RC-005,MISSING,MATERIAL_DEFINITION_PENDING,None,Left ride-down energy-management module material definition,Current material register fields are null; no controlled grade/density/strength values are available.,Supplier certification + controlled drawing/material spec,Critical,Controlled material specification/certificate
certificate,130L,,document,V7_R5_MATERIAL,V7-RC-005,SUPPLIER_INPUT_REQUIRED,MATERIAL_DEFINITION_PENDING,None,Left ride-down energy-management module material definition,Current material register fields are null; no controlled grade/density/strength values are available.,Supplier certification + controlled drawing/material spec,Critical,Controlled material specification/certificate
supplier/source,130L,,document,V7_R5_MATERIAL,V7-RC-005,SUPPLIER_INPUT_REQUIRED,MATERIAL_DEFINITION_PENDING,None,Left ride-down energy-management module material definition,Current material register fields are null; no controlled grade/density/strength values are available.,Supplier certification + controlled drawing/material spec,Critical,Controlled material specification/certificate
lot/traceability,130L,,document,V7_R5_MATERIAL,V7-RC-005,SUPPLIER_INPUT_REQUIRED,MATERIAL_DEFINITION_PENDING,None,Left ride-down energy-management module material definition,Current material register fields are null; no controlled grade/density/strength values are available.,Supplier certification + controlled drawing/material spec,Critical,Controlled material specification/certificate
material family,130R,,,V7_R5_MATERIAL,V7-RC-005,SUPPLIER_INPUT_REQUIRED,MATERIAL_DEFINITION_PENDING,None,Right ride-down energy-management module material definition,Current material register fields are null; no controlled grade/density/strength values are available.,Supplier certification + controlled drawing/material spec,Critical,Controlled material specification/certificate
exact grade,130R,,,V7_R5_MATERIAL,V7-RC-005,SUPPLIER_INPUT_REQUIRED,MATERIAL_DEFINITION_PENDING,None,Right ride-down energy-management module material definition,Current material register fields are null; no controlled grade/density/strength values are available.,Supplier certification + controlled drawing/material spec,Critical,Controlled material specification/certificate
condition,130R,,,V7_R5_MATERIAL,V7-RC-005,SUPPLIER_INPUT_REQUIRED,MATERIAL_DEFINITION_PENDING,None,Right ride-down energy-management module material definition,Current material register fields are null; no controlled grade/density/strength values are available.,Supplier certification + controlled drawing/material spec,Critical,Controlled material specification/certificate
thickness,130R,,mm,V7_R5_MATERIAL,V7-RC-005,MISSING,MATERIAL_DEFINITION_PENDING,None,Right ride-down energy-management module material definition,Current material register fields are null; no controlled grade/density/strength values are available.,Supplier certification + controlled drawing/material spec,Critical,Controlled material specification/certificate
density,130R,,kg/m3,V7_R5_MATERIAL,V7-RC-005,MISSING,MATERIAL_DEFINITION_PENDING,None,Right ride-down energy-management module material definition,Current material register fields are null; no controlled grade/density/strength values are available.,Supplier certification + controlled drawing/material spec,Critical,Controlled material specification/certificate
Young modulus,130R,,Pa,V7_R5_MATERIAL,V7-RC-005,MISSING,MATERIAL_DEFINITION_PENDING,None,Right ride-down energy-management module material definition,Current material register fields are null; no controlled grade/density/strength values are available.,Supplier certification + controlled drawing/material spec,Critical,Controlled material specification/certificate
Poisson ratio,130R,,dimensionless,V7_R5_MATERIAL,V7-RC-005,MISSING,MATERIAL_DEFINITION_PENDING,None,Right ride-down energy-management module material definition,Current material register fields are null; no controlled grade/density/strength values are available.,Supplier certification + controlled drawing/material spec,Critical,Controlled material specification/certificate
yield strength,130R,,Pa,V7_R5_MATERIAL,V7-RC-005,MISSING,MATERIAL_DEFINITION_PENDING,None,Right ride-down energy-management module material definition,Current material register fields are null; no controlled grade/density/strength values are available.,Supplier certification + controlled drawing/material spec,Critical,Controlled material specification/certificate
ultimate strength,130R,,Pa,V7_R5_MATERIAL,V7-RC-005,MISSING,MATERIAL_DEFINITION_PENDING,None,Right ride-down energy-management module material definition,Current material register fields are null; no controlled grade/density/strength values are available.,Supplier certification + controlled drawing/material spec,Critical,Controlled material specification/certificate
elongation,130R,,%,V7_R5_MATERIAL,V7-RC-005,MISSING,MATERIAL_DEFINITION_PENDING,None,Right ride-down energy-management module material definition,Current material register fields are null; no controlled grade/density/strength values are available.,Supplier certification + controlled drawing/material spec,Critical,Controlled material specification/certificate
fatigue data,130R,,definition,V7_R5_MATERIAL,V7-RC-005,MISSING,MATERIAL_DEFINITION_PENDING,None,Right ride-down energy-management module material definition,Current material register fields are null; no controlled grade/density/strength values are available.,Supplier certification + controlled drawing/material spec,Critical,Controlled material specification/certificate
strain-rate sensitivity,130R,,definition,V7_R5_MATERIAL,V7-RC-005,MISSING,MATERIAL_DEFINITION_PENDING,None,Right ride-down energy-management module material definition,Current material register fields are null; no controlled grade/density/strength values are available.,Supplier certification + controlled drawing/material spec,Critical,Controlled material specification/certificate
temperature dependence,130R,,definition,V7_R5_MATERIAL,V7-RC-005,MISSING,MATERIAL_DEFINITION_PENDING,None,Right ride-down energy-management module material definition,Current material register fields are null; no controlled grade/density/strength values are available.,Supplier certification + controlled drawing/material spec,Critical,Controlled material specification/certificate
friction coefficient,130R,,dimensionless,V7_R5_MATERIAL,V7-RC-005,MISSING,MATERIAL_DEFINITION_PENDING,None,Right ride-down energy-management module material definition,Current material register fields are null; no controlled grade/density/strength values are available.,Supplier certification + controlled drawing/material spec,Critical,Controlled material specification/certificate
certificate,130R,,document,V7_R5_MATERIAL,V7-RC-005,SUPPLIER_INPUT_REQUIRED,MATERIAL_DEFINITION_PENDING,None,Right ride-down energy-management module material definition,Current material register fields are null; no controlled grade/density/strength values are available.,Supplier certification + controlled drawing/material spec,Critical,Controlled material specification/certificate
supplier/source,130R,,document,V7_R5_MATERIAL,V7-RC-005,SUPPLIER_INPUT_REQUIRED,MATERIAL_DEFINITION_PENDING,None,Right ride-down energy-management module material definition,Current material register fields are null; no controlled grade/density/strength values are available.,Supplier certification + controlled drawing/material spec,Critical,Controlled material specification/certificate
lot/traceability,130R,,document,V7_R5_MATERIAL,V7-RC-005,SUPPLIER_INPUT_REQUIRED,MATERIAL_DEFINITION_PENDING,None,Right ride-down energy-management module material definition,Current material register fields are null; no controlled grade/density/strength values are available.,Supplier certification + controlled drawing/material spec,Critical,Controlled material specification/certificate
material family,140,,,V7_R5_MATERIAL,V7-RC-005,SUPPLIER_INPUT_REQUIRED,MATERIAL_DEFINITION_PENDING,None,Pelvic-control / anti-submarining pan material definition,Current material register fields are null; no controlled grade/density/strength values are available.,Supplier certification + controlled drawing/material spec,Critical,Controlled material specification/certificate
exact grade,140,,,V7_R5_MATERIAL,V7-RC-005,SUPPLIER_INPUT_REQUIRED,MATERIAL_DEFINITION_PENDING,None,Pelvic-control / anti-submarining pan material definition,Current material register fields are null; no controlled grade/density/strength values are available.,Supplier certification + controlled drawing/material spec,Critical,Controlled material specification/certificate
condition,140,,,V7_R5_MATERIAL,V7-RC-005,SUPPLIER_INPUT_REQUIRED,MATERIAL_DEFINITION_PENDING,None,Pelvic-control / anti-submarining pan material definition,Current material register fields are null; no controlled grade/density/strength values are available.,Supplier certification + controlled drawing/material spec,Critical,Controlled material specification/certificate
thickness,140,,mm,V7_R5_MATERIAL,V7-RC-005,MISSING,MATERIAL_DEFINITION_PENDING,None,Pelvic-control / anti-submarining pan material definition,Current material register fields are null; no controlled grade/density/strength values are available.,Supplier certification + controlled drawing/material spec,Critical,Controlled material specification/certificate
density,140,,kg/m3,V7_R5_MATERIAL,V7-RC-005,MISSING,MATERIAL_DEFINITION_PENDING,None,Pelvic-control / anti-submarining pan material definition,Current material register fields are null; no controlled grade/density/strength values are available.,Supplier certification + controlled drawing/material spec,Critical,Controlled material specification/certificate
Young modulus,140,,Pa,V7_R5_MATERIAL,V7-RC-005,MISSING,MATERIAL_DEFINITION_PENDING,None,Pelvic-control / anti-submarining pan material definition,Current material register fields are null; no controlled grade/density/strength values are available.,Supplier certification + controlled drawing/material spec,Critical,Controlled material specification/certificate
Poisson ratio,140,,dimensionless,V7_R5_MATERIAL,V7-RC-005,MISSING,MATERIAL_DEFINITION_PENDING,None,Pelvic-control / anti-submarining pan material definition,Current material register fields are null; no controlled grade/density/strength values are available.,Supplier certification + controlled drawing/material spec,Critical,Controlled material specification/certificate
yield strength,140,,Pa,V7_R5_MATERIAL,V7-RC-005,MISSING,MATERIAL_DEFINITION_PENDING,None,Pelvic-control / anti-submarining pan material definition,Current material register fields are null; no controlled grade/density/strength values are available.,Supplier certification + controlled drawing/material spec,Critical,Controlled material specification/certificate
ultimate strength,140,,Pa,V7_R5_MATERIAL,V7-RC-005,MISSING,MATERIAL_DEFINITION_PENDING,None,Pelvic-control / anti-submarining pan material definition,Current material register fields are null; no controlled grade/density/strength values are available.,Supplier certification + controlled drawing/material spec,Critical,Controlled material specification/certificate
elongation,140,,%,V7_R5_MATERIAL,V7-RC-005,MISSING,MATERIAL_DEFINITION_PENDING,None,Pelvic-control / anti-submarining pan material definition,Current material register fields are null; no controlled grade/density/strength values are available.,Supplier certification + controlled drawing/material spec,Critical,Controlled material specification/certificate
fatigue data,140,,definition,V7_R5_MATERIAL,V7-RC-005,MISSING,MATERIAL_DEFINITION_PENDING,None,Pelvic-control / anti-submarining pan material definition,Current material register fields are null; no controlled grade/density/strength values are available.,Supplier certification + controlled drawing/material spec,Critical,Controlled material specification/certificate
strain-rate sensitivity,140,,definition,V7_R5_MATERIAL,V7-RC-005,MISSING,MATERIAL_DEFINITION_PENDING,None,Pelvic-control / anti-submarining pan material definition,Current material register fields are null; no controlled grade/density/strength values are available.,Supplier certification + controlled drawing/material spec,Critical,Controlled material specification/certificate
temperature dependence,140,,definition,V7_R5_MATERIAL,V7-RC-005,MISSING,MATERIAL_DEFINITION_PENDING,None,Pelvic-control / anti-submarining pan material definition,Current material register fields are null; no controlled grade/density/strength values are available.,Supplier certification + controlled drawing/material spec,Critical,Controlled material specification/certificate
friction coefficient,140,,dimensionless,V7_R5_MATERIAL,V7-RC-005,MISSING,MATERIAL_DEFINITION_PENDING,None,Pelvic-control / anti-submarining pan material definition,Current material register fields are null; no controlled grade/density/strength values are available.,Supplier certification + controlled drawing/material spec,Critical,Controlled material specification/certificate
certificate,140,,document,V7_R5_MATERIAL,V7-RC-005,SUPPLIER_INPUT_REQUIRED,MATERIAL_DEFINITION_PENDING,None,Pelvic-control / anti-submarining pan material definition,Current material register fields are null; no controlled grade/density/strength values are available.,Supplier certification + controlled drawing/material spec,Critical,Controlled material specification/certificate
supplier/source,140,,document,V7_R5_MATERIAL,V7-RC-005,SUPPLIER_INPUT_REQUIRED,MATERIAL_DEFINITION_PENDING,None,Pelvic-control / anti-submarining pan material definition,Current material register fields are null; no controlled grade/density/strength values are available.,Supplier certification + controlled drawing/material spec,Critical,Controlled material specification/certificate
lot/traceability,140,,document,V7_R5_MATERIAL,V7-RC-005,SUPPLIER_INPUT_REQUIRED,MATERIAL_DEFINITION_PENDING,None,Pelvic-control / anti-submarining pan material definition,Current material register fields are null; no controlled grade/density/strength values are available.,Supplier certification + controlled drawing/material spec,Critical,Controlled material specification/certificate
material family,150L,,,V7_R5_MATERIAL,V7-RC-005,SUPPLIER_INPUT_REQUIRED,MATERIAL_DEFINITION_PENDING,None,Left seatback rotation-control link material definition,Current material register fields are null; no controlled grade/density/strength values are available.,Supplier certification + controlled drawing/material spec,Critical,Controlled material specification/certificate
exact grade,150L,,,V7_R5_MATERIAL,V7-RC-005,SUPPLIER_INPUT_REQUIRED,MATERIAL_DEFINITION_PENDING,None,Left seatback rotation-control link material definition,Current material register fields are null; no controlled grade/density/strength values are available.,Supplier certification + controlled drawing/material spec,Critical,Controlled material specification/certificate
condition,150L,,,V7_R5_MATERIAL,V7-RC-005,SUPPLIER_INPUT_REQUIRED,MATERIAL_DEFINITION_PENDING,None,Left seatback rotation-control link material definition,Current material register fields are null; no controlled grade/density/strength values are available.,Supplier certification + controlled drawing/material spec,Critical,Controlled material specification/certificate
thickness,150L,,mm,V7_R5_MATERIAL,V7-RC-005,MISSING,MATERIAL_DEFINITION_PENDING,None,Left seatback rotation-control link material definition,Current material register fields are null; no controlled grade/density/strength values are available.,Supplier certification + controlled drawing/material spec,Critical,Controlled material specification/certificate
density,150L,,kg/m3,V7_R5_MATERIAL,V7-RC-005,MISSING,MATERIAL_DEFINITION_PENDING,None,Left seatback rotation-control link material definition,Current material register fields are null; no controlled grade/density/strength values are available.,Supplier certification + controlled drawing/material spec,Critical,Controlled material specification/certificate
Young modulus,150L,,Pa,V7_R5_MATERIAL,V7-RC-005,MISSING,MATERIAL_DEFINITION_PENDING,None,Left seatback rotation-control link material definition,Current material register fields are null; no controlled grade/density/strength values are available.,Supplier certification + controlled drawing/material spec,Critical,Controlled material specification/certificate
Poisson ratio,150L,,dimensionless,V7_R5_MATERIAL,V7-RC-005,MISSING,MATERIAL_DEFINITION_PENDING,None,Left seatback rotation-control link material definition,Current material register fields are null; no controlled grade/density/strength values are available.,Supplier certification + controlled drawing/material spec,Critical,Controlled material specification/certificate
yield strength,150L,,Pa,V7_R5_MATERIAL,V7-RC-005,MISSING,MATERIAL_DEFINITION_PENDING,None,Left seatback rotation-control link material definition,Current material register fields are null; no controlled grade/density/strength values are available.,Supplier certification + controlled drawing/material spec,Critical,Controlled material specification/certificate
ultimate strength,150L,,Pa,V7_R5_MATERIAL,V7-RC-005,MISSING,MATERIAL_DEFINITION_PENDING,None,Left seatback rotation-control link material definition,Current material register fields are null; no controlled grade/density/strength values are available.,Supplier certification + controlled drawing/material spec,Critical,Controlled material specification/certificate
elongation,150L,,%,V7_R5_MATERIAL,V7-RC-005,MISSING,MATERIAL_DEFINITION_PENDING,None,Left seatback rotation-control link material definition,Current material register fields are null; no controlled grade/density/strength values are available.,Supplier certification + controlled drawing/material spec,Critical,Controlled material specification/certificate
fatigue data,150L,,definition,V7_R5_MATERIAL,V7-RC-005,MISSING,MATERIAL_DEFINITION_PENDING,None,Left seatback rotation-control link material definition,Current material register fields are null; no controlled grade/density/strength values are available.,Supplier certification + controlled drawing/material spec,Critical,Controlled material specification/certificate
strain-rate sensitivity,150L,,definition,V7_R5_MATERIAL,V7-RC-005,MISSING,MATERIAL_DEFINITION_PENDING,None,Left seatback rotation-control link material definition,Current material register fields are null; no controlled grade/density/strength values are available.,Supplier certification + controlled drawing/material spec,Critical,Controlled material specification/certificate
temperature dependence,150L,,definition,V7_R5_MATERIAL,V7-RC-005,MISSING,MATERIAL_DEFINITION_PENDING,None,Left seatback rotation-control link material definition,Current material register fields are null; no controlled grade/density/strength values are available.,Supplier certification + controlled drawing/material spec,Critical,Controlled material specification/certificate
friction coefficient,150L,,dimensionless,V7_R5_MATERIAL,V7-RC-005,MISSING,MATERIAL_DEFINITION_PENDING,None,Left seatback rotation-control link material definition,Current material register fields are null; no controlled grade/density/strength values are available.,Supplier certification + controlled drawing/material spec,Critical,Controlled material specification/certificate
certificate,150L,,document,V7_R5_MATERIAL,V7-RC-005,SUPPLIER_INPUT_REQUIRED,MATERIAL_DEFINITION_PENDING,None,Left seatback rotation-control link material definition,Current material register fields are null; no controlled grade/density/strength values are available.,Supplier certification + controlled drawing/material spec,Critical,Controlled material specification/certificate
supplier/source,150L,,document,V7_R5_MATERIAL,V7-RC-005,SUPPLIER_INPUT_REQUIRED,MATERIAL_DEFINITION_PENDING,None,Left seatback rotation-control link material definition,Current material register fields are null; no controlled grade/density/strength values are available.,Supplier certification + controlled drawing/material spec,Critical,Controlled material specification/certificate
lot/traceability,150L,,document,V7_R5_MATERIAL,V7-RC-005,SUPPLIER_INPUT_REQUIRED,MATERIAL_DEFINITION_PENDING,None,Left seatback rotation-control link material definition,Current material register fields are null; no controlled grade/density/strength values are available.,Supplier certification + controlled drawing/material spec,Critical,Controlled material specification/certificate
material family,150R,,,V7_R5_MATERIAL,V7-RC-005,SUPPLIER_INPUT_REQUIRED,MATERIAL_DEFINITION_PENDING,None,Right seatback rotation-control link material definition,Current material register fields are null; no controlled grade/density/strength values are available.,Supplier certification + controlled drawing/material spec,Critical,Controlled material specification/certificate
exact grade,150R,,,V7_R5_MATERIAL,V7-RC-005,SUPPLIER_INPUT_REQUIRED,MATERIAL_DEFINITION_PENDING,None,Right seatback rotation-control link material definition,Current material register fields are null; no controlled grade/density/strength values are available.,Supplier certification + controlled drawing/material spec,Critical,Controlled material specification/certificate
condition,150R,,,V7_R5_MATERIAL,V7-RC-005,SUPPLIER_INPUT_REQUIRED,MATERIAL_DEFINITION_PENDING,None,Right seatback rotation-control link material definition,Current material register fields are null; no controlled grade/density/strength values are available.,Supplier certification + controlled drawing/material spec,Critical,Controlled material specification/certificate
thickness,150R,,mm,V7_R5_MATERIAL,V7-RC-005,MISSING,MATERIAL_DEFINITION_PENDING,None,Right seatback rotation-control link material definition,Current material register fields are null; no controlled grade/density/strength values are available.,Supplier certification + controlled drawing/material spec,Critical,Controlled material specification/certificate
density,150R,,kg/m3,V7_R5_MATERIAL,V7-RC-005,MISSING,MATERIAL_DEFINITION_PENDING,None,Right seatback rotation-control link material definition,Current material register fields are null; no controlled grade/density/strength values are available.,Supplier certification + controlled drawing/material spec,Critical,Controlled material specification/certificate
Young modulus,150R,,Pa,V7_R5_MATERIAL,V7-RC-005,MISSING,MATERIAL_DEFINITION_PENDING,None,Right seatback rotation-control link material definition,Current material register fields are null; no controlled grade/density/strength values are available.,Supplier certification + controlled drawing/material spec,Critical,Controlled material specification/certificate
Poisson ratio,150R,,dimensionless,V7_R5_MATERIAL,V7-RC-005,MISSING,MATERIAL_DEFINITION_PENDING,None,Right seatback rotation-control link material definition,Current material register fields are null; no controlled grade/density/strength values are available.,Supplier certification + controlled drawing/material spec,Critical,Controlled material specification/certificate
yield strength,150R,,Pa,V7_R5_MATERIAL,V7-RC-005,MISSING,MATERIAL_DEFINITION_PENDING,None,Right seatback rotation-control link material definition,Current material register fields are null; no controlled grade/density/strength values are available.,Supplier certification + controlled drawing/material spec,Critical,Controlled material specification/certificate
ultimate strength,150R,,Pa,V7_R5_MATERIAL,V7-RC-005,MISSING,MATERIAL_DEFINITION_PENDING,None,Right seatback rotation-control link material definition,Current material register fields are null; no controlled grade/density/strength values are available.,Supplier certification + controlled drawing/material spec,Critical,Controlled material specification/certificate
elongation,150R,,%,V7_R5_MATERIAL,V7-RC-005,MISSING,MATERIAL_DEFINITION_PENDING,None,Right seatback rotation-control link material definition,Current material register fields are null; no controlled grade/density/strength values are available.,Supplier certification + controlled drawing/material spec,Critical,Controlled material specification/certificate
fatigue data,150R,,definition,V7_R5_MATERIAL,V7-RC-005,MISSING,MATERIAL_DEFINITION_PENDING,None,Right seatback rotation-control link material definition,Current material register fields are null; no controlled grade/density/strength values are available.,Supplier certification + controlled drawing/material spec,Critical,Controlled material specification/certificate
strain-rate sensitivity,150R,,definition,V7_R5_MATERIAL,V7-RC-005,MISSING,MATERIAL_DEFINITION_PENDING,None,Right seatback rotation-control link material definition,Current material register fields are null; no controlled grade/density/strength values are available.,Supplier certification + controlled drawing/material spec,Critical,Controlled material specification/certificate
temperature dependence,150R,,definition,V7_R5_MATERIAL,V7-RC-005,MISSING,MATERIAL_DEFINITION_PENDING,None,Right seatback rotation-control link material definition,Current material register fields are null; no controlled grade/density/strength values are available.,Supplier certification + controlled drawing/material spec,Critical,Controlled material specification/certificate
friction coefficient,150R,,dimensionless,V7_R5_MATERIAL,V7-RC-005,MISSING,MATERIAL_DEFINITION_PENDING,None,Right seatback rotation-control link material definition,Current material register fields are null; no controlled grade/density/strength values are available.,Supplier certification + controlled drawing/material spec,Critical,Controlled material specification/certificate
certificate,150R,,document,V7_R5_MATERIAL,V7-RC-005,SUPPLIER_INPUT_REQUIRED,MATERIAL_DEFINITION_PENDING,None,Right seatback rotation-control link material definition,Current material register fields are null; no controlled grade/density/strength values are available.,Supplier certification + controlled drawing/material spec,Critical,Controlled material specification/certificate
supplier/source,150R,,document,V7_R5_MATERIAL,V7-RC-005,SUPPLIER_INPUT_REQUIRED,MATERIAL_DEFINITION_PENDING,None,Right seatback rotation-control link material definition,Current material register fields are null; no controlled grade/density/strength values are available.,Supplier certification + controlled drawing/material spec,Critical,Controlled material specification/certificate
lot/traceability,150R,,document,V7_R5_MATERIAL,V7-RC-005,SUPPLIER_INPUT_REQUIRED,MATERIAL_DEFINITION_PENDING,None,Right seatback rotation-control link material definition,Current material register fields are null; no controlled grade/density/strength values are available.,Supplier certification + controlled drawing/material spec,Critical,Controlled material specification/certificate
material family,160,,,V7_R5_MATERIAL,V7-RC-005,SUPPLIER_INPUT_REQUIRED,MATERIAL_DEFINITION_PENDING,None,Seatback frame material definition,Current material register fields are null; no controlled grade/density/strength values are available.,Supplier certification + controlled drawing/material spec,Critical,Controlled material specification/certificate
exact grade,160,,,V7_R5_MATERIAL,V7-RC-005,SUPPLIER_INPUT_REQUIRED,MATERIAL_DEFINITION_PENDING,None,Seatback frame material definition,Current material register fields are null; no controlled grade/density/strength values are available.,Supplier certification + controlled drawing/material spec,Critical,Controlled material specification/certificate
condition,160,,,V7_R5_MATERIAL,V7-RC-005,SUPPLIER_INPUT_REQUIRED,MATERIAL_DEFINITION_PENDING,None,Seatback frame material definition,Current material register fields are null; no controlled grade/density/strength values are available.,Supplier certification + controlled drawing/material spec,Critical,Controlled material specification/certificate
thickness,160,,mm,V7_R5_MATERIAL,V7-RC-005,MISSING,MATERIAL_DEFINITION_PENDING,None,Seatback frame material definition,Current material register fields are null; no controlled grade/density/strength values are available.,Supplier certification + controlled drawing/material spec,Critical,Controlled material specification/certificate
density,160,,kg/m3,V7_R5_MATERIAL,V7-RC-005,MISSING,MATERIAL_DEFINITION_PENDING,None,Seatback frame material definition,Current material register fields are null; no controlled grade/density/strength values are available.,Supplier certification + controlled drawing/material spec,Critical,Controlled material specification/certificate
Young modulus,160,,Pa,V7_R5_MATERIAL,V7-RC-005,MISSING,MATERIAL_DEFINITION_PENDING,None,Seatback frame material definition,Current material register fields are null; no controlled grade/density/strength values are available.,Supplier certification + controlled drawing/material spec,Critical,Controlled material specification/certificate
Poisson ratio,160,,dimensionless,V7_R5_MATERIAL,V7-RC-005,MISSING,MATERIAL_DEFINITION_PENDING,None,Seatback frame material definition,Current material register fields are null; no controlled grade/density/strength values are available.,Supplier certification + controlled drawing/material spec,Critical,Controlled material specification/certificate
yield strength,160,,Pa,V7_R5_MATERIAL,V7-RC-005,MISSING,MATERIAL_DEFINITION_PENDING,None,Seatback frame material definition,Current material register fields are null; no controlled grade/density/strength values are available.,Supplier certification + controlled drawing/material spec,Critical,Controlled material specification/certificate
ultimate strength,160,,Pa,V7_R5_MATERIAL,V7-RC-005,MISSING,MATERIAL_DEFINITION_PENDING,None,Seatback frame material definition,Current material register fields are null; no controlled grade/density/strength values are available.,Supplier certification + controlled drawing/material spec,Critical,Controlled material specification/certificate
elongation,160,,%,V7_R5_MATERIAL,V7-RC-005,MISSING,MATERIAL_DEFINITION_PENDING,None,Seatback frame material definition,Current material register fields are null; no controlled grade/density/strength values are available.,Supplier certification + controlled drawing/material spec,Critical,Controlled material specification/certificate
fatigue data,160,,definition,V7_R5_MATERIAL,V7-RC-005,MISSING,MATERIAL_DEFINITION_PENDING,None,Seatback frame material definition,Current material register fields are null; no controlled grade/density/strength values are available.,Supplier certification + controlled drawing/material spec,Critical,Controlled material specification/certificate
strain-rate sensitivity,160,,definition,V7_R5_MATERIAL,V7-RC-005,MISSING,MATERIAL_DEFINITION_PENDING,None,Seatback frame material definition,Current material register fields are null; no controlled grade/density/strength values are available.,Supplier certification + controlled drawing/material spec,Critical,Controlled material specification/certificate
temperature dependence,160,,definition,V7_R5_MATERIAL,V7-RC-005,MISSING,MATERIAL_DEFINITION_PENDING,None,Seatback frame material definition,Current material register fields are null; no controlled grade/density/strength values are available.,Supplier certification + controlled drawing/material spec,Critical,Controlled material specification/certificate
friction coefficient,160,,dimensionless,V7_R5_MATERIAL,V7-RC-005,MISSING,MATERIAL_DEFINITION_PENDING,None,Seatback frame material definition,Current material register fields are null; no controlled grade/density/strength values are available.,Supplier certification + controlled drawing/material spec,Critical,Controlled material specification/certificate
certificate,160,,document,V7_R5_MATERIAL,V7-RC-005,SUPPLIER_INPUT_REQUIRED,MATERIAL_DEFINITION_PENDING,None,Seatback frame material definition,Current material register fields are null; no controlled grade/density/strength values are available.,Supplier certification + controlled drawing/material spec,Critical,Controlled material specification/certificate
supplier/source,160,,document,V7_R5_MATERIAL,V7-RC-005,SUPPLIER_INPUT_REQUIRED,MATERIAL_DEFINITION_PENDING,None,Seatback frame material definition,Current material register fields are null; no controlled grade/density/strength values are available.,Supplier certification + controlled drawing/material spec,Critical,Controlled material specification/certificate
lot/traceability,160,,document,V7_R5_MATERIAL,V7-RC-005,SUPPLIER_INPUT_REQUIRED,MATERIAL_DEFINITION_PENDING,None,Seatback frame material definition,Current material register fields are null; no controlled grade/density/strength values are available.,Supplier certification + controlled drawing/material spec,Critical,Controlled material specification/certificate
material family,170,,,V7_R5_MATERIAL,V7-RC-005,SUPPLIER_INPUT_REQUIRED,MATERIAL_DEFINITION_PENDING,None,Multi-state lock material definition,Current material register fields are null; no controlled grade/density/strength values are available.,Supplier certification + controlled drawing/material spec,Critical,Controlled material specification/certificate
exact grade,170,,,V7_R5_MATERIAL,V7-RC-005,SUPPLIER_INPUT_REQUIRED,MATERIAL_DEFINITION_PENDING,None,Multi-state lock material definition,Current material register fields are null; no controlled grade/density/strength values are available.,Supplier certification + controlled drawing/material spec,Critical,Controlled material specification/certificate
condition,170,,,V7_R5_MATERIAL,V7-RC-005,SUPPLIER_INPUT_REQUIRED,MATERIAL_DEFINITION_PENDING,None,Multi-state lock material definition,Current material register fields are null; no controlled grade/density/strength values are available.,Supplier certification + controlled drawing/material spec,Critical,Controlled material specification/certificate
thickness,170,,mm,V7_R5_MATERIAL,V7-RC-005,MISSING,MATERIAL_DEFINITION_PENDING,None,Multi-state lock material definition,Current material register fields are null; no controlled grade/density/strength values are available.,Supplier certification + controlled drawing/material spec,Critical,Controlled material specification/certificate
density,170,,kg/m3,V7_R5_MATERIAL,V7-RC-005,MISSING,MATERIAL_DEFINITION_PENDING,None,Multi-state lock material definition,Current material register fields are null; no controlled grade/density/strength values are available.,Supplier certification + controlled drawing/material spec,Critical,Controlled material specification/certificate
Young modulus,170,,Pa,V7_R5_MATERIAL,V7-RC-005,MISSING,MATERIAL_DEFINITION_PENDING,None,Multi-state lock material definition,Current material register fields are null; no controlled grade/density/strength values are available.,Supplier certification + controlled drawing/material spec,Critical,Controlled material specification/certificate
Poisson ratio,170,,dimensionless,V7_R5_MATERIAL,V7-RC-005,MISSING,MATERIAL_DEFINITION_PENDING,None,Multi-state lock material definition,Current material register fields are null; no controlled grade/density/strength values are available.,Supplier certification + controlled drawing/material spec,Critical,Controlled material specification/certificate
yield strength,170,,Pa,V7_R5_MATERIAL,V7-RC-005,MISSING,MATERIAL_DEFINITION_PENDING,None,Multi-state lock material definition,Current material register fields are null; no controlled grade/density/strength values are available.,Supplier certification + controlled drawing/material spec,Critical,Controlled material specification/certificate
ultimate strength,170,,Pa,V7_R5_MATERIAL,V7-RC-005,MISSING,MATERIAL_DEFINITION_PENDING,None,Multi-state lock material definition,Current material register fields are null; no controlled grade/density/strength values are available.,Supplier certification + controlled drawing/material spec,Critical,Controlled material specification/certificate
elongation,170,,%,V7_R5_MATERIAL,V7-RC-005,MISSING,MATERIAL_DEFINITION_PENDING,None,Multi-state lock material definition,Current material register fields are null; no controlled grade/density/strength values are available.,Supplier certification + controlled drawing/material spec,Critical,Controlled material specification/certificate
fatigue data,170,,definition,V7_R5_MATERIAL,V7-RC-005,MISSING,MATERIAL_DEFINITION_PENDING,None,Multi-state lock material definition,Current material register fields are null; no controlled grade/density/strength values are available.,Supplier certification + controlled drawing/material spec,Critical,Controlled material specification/certificate
strain-rate sensitivity,170,,definition,V7_R5_MATERIAL,V7-RC-005,MISSING,MATERIAL_DEFINITION_PENDING,None,Multi-state lock material definition,Current material register fields are null; no controlled grade/density/strength values are available.,Supplier certification + controlled drawing/material spec,Critical,Controlled material specification/certificate
temperature dependence,170,,definition,V7_R5_MATERIAL,V7-RC-005,MISSING,MATERIAL_DEFINITION_PENDING,None,Multi-state lock material definition,Current material register fields are null; no controlled grade/density/strength values are available.,Supplier certification + controlled drawing/material spec,Critical,Controlled material specification/certificate
friction coefficient,170,,dimensionless,V7_R5_MATERIAL,V7-RC-005,MISSING,MATERIAL_DEFINITION_PENDING,None,Multi-state lock material definition,Current material register fields are null; no controlled grade/density/strength values are available.,Supplier certification + controlled drawing/material spec,Critical,Controlled material specification/certificate
certificate,170,,document,V7_R5_MATERIAL,V7-RC-005,SUPPLIER_INPUT_REQUIRED,MATERIAL_DEFINITION_PENDING,None,Multi-state lock material definition,Current material register fields are null; no controlled grade/density/strength values are available.,Supplier certification + controlled drawing/material spec,Critical,Controlled material specification/certificate
supplier/source,170,,document,V7_R5_MATERIAL,V7-RC-005,SUPPLIER_INPUT_REQUIRED,MATERIAL_DEFINITION_PENDING,None,Multi-state lock material definition,Current material register fields are null; no controlled grade/density/strength values are available.,Supplier certification + controlled drawing/material spec,Critical,Controlled material specification/certificate
lot/traceability,170,,document,V7_R5_MATERIAL,V7-RC-005,SUPPLIER_INPUT_REQUIRED,MATERIAL_DEFINITION_PENDING,None,Multi-state lock material definition,Current material register fields are null; no controlled grade/density/strength values are available.,Supplier certification + controlled drawing/material spec,Critical,Controlled material specification/certificate
material family,180,,,V7_R5_MATERIAL,V7-RC-005,SUPPLIER_INPUT_REQUIRED,MATERIAL_DEFINITION_PENDING,None,Rebound-control module material definition,Current material register fields are null; no controlled grade/density/strength values are available.,Supplier certification + controlled drawing/material spec,Critical,Controlled material specification/certificate
exact grade,180,,,V7_R5_MATERIAL,V7-RC-005,SUPPLIER_INPUT_REQUIRED,MATERIAL_DEFINITION_PENDING,None,Rebound-control module material definition,Current material register fields are null; no controlled grade/density/strength values are available.,Supplier certification + controlled drawing/material spec,Critical,Controlled material specification/certificate
condition,180,,,V7_R5_MATERIAL,V7-RC-005,SUPPLIER_INPUT_REQUIRED,MATERIAL_DEFINITION_PENDING,None,Rebound-control module material definition,Current material register fields are null; no controlled grade/density/strength values are available.,Supplier certification + controlled drawing/material spec,Critical,Controlled material specification/certificate
thickness,180,,mm,V7_R5_MATERIAL,V7-RC-005,MISSING,MATERIAL_DEFINITION_PENDING,None,Rebound-control module material definition,Current material register fields are null; no controlled grade/density/strength values are available.,Supplier certification + controlled drawing/material spec,Critical,Controlled material specification/certificate
density,180,,kg/m3,V7_R5_MATERIAL,V7-RC-005,MISSING,MATERIAL_DEFINITION_PENDING,None,Rebound-control module material definition,Current material register fields are null; no controlled grade/density/strength values are available.,Supplier certification + controlled drawing/material spec,Critical,Controlled material specification/certificate
Young modulus,180,,Pa,V7_R5_MATERIAL,V7-RC-005,MISSING,MATERIAL_DEFINITION_PENDING,None,Rebound-control module material definition,Current material register fields are null; no controlled grade/density/strength values are available.,Supplier certification + controlled drawing/material spec,Critical,Controlled material specification/certificate
Poisson ratio,180,,dimensionless,V7_R5_MATERIAL,V7-RC-005,MISSING,MATERIAL_DEFINITION_PENDING,None,Rebound-control module material definition,Current material register fields are null; no controlled grade/density/strength values are available.,Supplier certification + controlled drawing/material spec,Critical,Controlled material specification/certificate
yield strength,180,,Pa,V7_R5_MATERIAL,V7-RC-005,MISSING,MATERIAL_DEFINITION_PENDING,None,Rebound-control module material definition,Current material register fields are null; no controlled grade/density/strength values are available.,Supplier certification + controlled drawing/material spec,Critical,Controlled material specification/certificate
ultimate strength,180,,Pa,V7_R5_MATERIAL,V7-RC-005,MISSING,MATERIAL_DEFINITION_PENDING,None,Rebound-control module material definition,Current material register fields are null; no controlled grade/density/strength values are available.,Supplier certification + controlled drawing/material spec,Critical,Controlled material specification/certificate
elongation,180,,%,V7_R5_MATERIAL,V7-RC-005,MISSING,MATERIAL_DEFINITION_PENDING,None,Rebound-control module material definition,Current material register fields are null; no controlled grade/density/strength values are available.,Supplier certification + controlled drawing/material spec,Critical,Controlled material specification/certificate
fatigue data,180,,definition,V7_R5_MATERIAL,V7-RC-005,MISSING,MATERIAL_DEFINITION_PENDING,None,Rebound-control module material definition,Current material register fields are null; no controlled grade/density/strength values are available.,Supplier certification + controlled drawing/material spec,Critical,Controlled material specification/certificate
strain-rate sensitivity,180,,definition,V7_R5_MATERIAL,V7-RC-005,MISSING,MATERIAL_DEFINITION_PENDING,None,Rebound-control module material definition,Current material register fields are null; no controlled grade/density/strength values are available.,Supplier certification + controlled drawing/material spec,Critical,Controlled material specification/certificate
temperature dependence,180,,definition,V7_R5_MATERIAL,V7-RC-005,MISSING,MATERIAL_DEFINITION_PENDING,None,Rebound-control module material definition,Current material register fields are null; no controlled grade/density/strength values are available.,Supplier certification + controlled drawing/material spec,Critical,Controlled material specification/certificate
friction coefficient,180,,dimensionless,V7_R5_MATERIAL,V7-RC-005,MISSING,MATERIAL_DEFINITION_PENDING,None,Rebound-control module material definition,Current material register fields are null; no controlled grade/density/strength values are available.,Supplier certification + controlled drawing/material spec,Critical,Controlled material specification/certificate
certificate,180,,document,V7_R5_MATERIAL,V7-RC-005,SUPPLIER_INPUT_REQUIRED,MATERIAL_DEFINITION_PENDING,None,Rebound-control module material definition,Current material register fields are null; no controlled grade/density/strength values are available.,Supplier certification + controlled drawing/material spec,Critical,Controlled material specification/certificate
supplier/source,180,,document,V7_R5_MATERIAL,V7-RC-005,SUPPLIER_INPUT_REQUIRED,MATERIAL_DEFINITION_PENDING,None,Rebound-control module material definition,Current material register fields are null; no controlled grade/density/strength values are available.,Supplier certification + controlled drawing/material spec,Critical,Controlled material specification/certificate
lot/traceability,180,,document,V7_R5_MATERIAL,V7-RC-005,SUPPLIER_INPUT_REQUIRED,MATERIAL_DEFINITION_PENDING,None,Rebound-control module material definition,Current material register fields are null; no controlled grade/density/strength values are available.,Supplier certification + controlled drawing/material spec,Critical,Controlled material specification/certificate
material family,190,,,V7_R5_MATERIAL,V7-RC-005,SUPPLIER_INPUT_REQUIRED,MATERIAL_DEFINITION_PENDING,None,Occupant restraint interface material definition,Current material register fields are null; no controlled grade/density/strength values are available.,Supplier certification + controlled drawing/material spec,Critical,Controlled material specification/certificate
exact grade,190,,,V7_R5_MATERIAL,V7-RC-005,SUPPLIER_INPUT_REQUIRED,MATERIAL_DEFINITION_PENDING,None,Occupant restraint interface material definition,Current material register fields are null; no controlled grade/density/strength values are available.,Supplier certification + controlled drawing/material spec,Critical,Controlled material specification/certificate
condition,190,,,V7_R5_MATERIAL,V7-RC-005,SUPPLIER_INPUT_REQUIRED,MATERIAL_DEFINITION_PENDING,None,Occupant restraint interface material definition,Current material register fields are null; no controlled grade/density/strength values are available.,Supplier certification + controlled drawing/material spec,Critical,Controlled material specification/certificate
thickness,190,,mm,V7_R5_MATERIAL,V7-RC-005,MISSING,MATERIAL_DEFINITION_PENDING,None,Occupant restraint interface material definition,Current material register fields are null; no controlled grade/density/strength values are available.,Supplier certification + controlled drawing/material spec,Critical,Controlled material specification/certificate
density,190,,kg/m3,V7_R5_MATERIAL,V7-RC-005,MISSING,MATERIAL_DEFINITION_PENDING,None,Occupant restraint interface material definition,Current material register fields are null; no controlled grade/density/strength values are available.,Supplier certification + controlled drawing/material spec,Critical,Controlled material specification/certificate
Young modulus,190,,Pa,V7_R5_MATERIAL,V7-RC-005,MISSING,MATERIAL_DEFINITION_PENDING,None,Occupant restraint interface material definition,Current material register fields are null; no controlled grade/density/strength values are available.,Supplier certification + controlled drawing/material spec,Critical,Controlled material specification/certificate
Poisson ratio,190,,dimensionless,V7_R5_MATERIAL,V7-RC-005,MISSING,MATERIAL_DEFINITION_PENDING,None,Occupant restraint interface material definition,Current material register fields are null; no controlled grade/density/strength values are available.,Supplier certification + controlled drawing/material spec,Critical,Controlled material specification/certificate
yield strength,190,,Pa,V7_R5_MATERIAL,V7-RC-005,MISSING,MATERIAL_DEFINITION_PENDING,None,Occupant restraint interface material definition,Current material register fields are null; no controlled grade/density/strength values are available.,Supplier certification + controlled drawing/material spec,Critical,Controlled material specification/certificate
ultimate strength,190,,Pa,V7_R5_MATERIAL,V7-RC-005,MISSING,MATERIAL_DEFINITION_PENDING,None,Occupant restraint interface material definition,Current material register fields are null; no controlled grade/density/strength values are available.,Supplier certification + controlled drawing/material spec,Critical,Controlled material specification/certificate
elongation,190,,%,V7_R5_MATERIAL,V7-RC-005,MISSING,MATERIAL_DEFINITION_PENDING,None,Occupant restraint interface material definition,Current material register fields are null; no controlled grade/density/strength values are available.,Supplier certification + controlled drawing/material spec,Critical,Controlled material specification/certificate
fatigue data,190,,definition,V7_R5_MATERIAL,V7-RC-005,MISSING,MATERIAL_DEFINITION_PENDING,None,Occupant restraint interface material definition,Current material register fields are null; no controlled grade/density/strength values are available.,Supplier certification + controlled drawing/material spec,Critical,Controlled material specification/certificate
strain-rate sensitivity,190,,definition,V7_R5_MATERIAL,V7-RC-005,MISSING,MATERIAL_DEFINITION_PENDING,None,Occupant restraint interface material definition,Current material register fields are null; no controlled grade/density/strength values are available.,Supplier certification + controlled drawing/material spec,Critical,Controlled material specification/certificate
temperature dependence,190,,definition,V7_R5_MATERIAL,V7-RC-005,MISSING,MATERIAL_DEFINITION_PENDING,None,Occupant restraint interface material definition,Current material register fields are null; no controlled grade/density/strength values are available.,Supplier certification + controlled drawing/material spec,Critical,Controlled material specification/certificate
friction coefficient,190,,dimensionless,V7_R5_MATERIAL,V7-RC-005,MISSING,MATERIAL_DEFINITION_PENDING,None,Occupant restraint interface material definition,Current material register fields are null; no controlled grade/density/strength values are available.,Supplier certification + controlled drawing/material spec,Critical,Controlled material specification/certificate
certificate,190,,document,V7_R5_MATERIAL,V7-RC-005,SUPPLIER_INPUT_REQUIRED,MATERIAL_DEFINITION_PENDING,None,Occupant restraint interface material definition,Current material register fields are null; no controlled grade/density/strength values are available.,Supplier certification + controlled drawing/material spec,Critical,Controlled material specification/certificate
supplier/source,190,,document,V7_R5_MATERIAL,V7-RC-005,SUPPLIER_INPUT_REQUIRED,MATERIAL_DEFINITION_PENDING,None,Occupant restraint interface material definition,Current material register fields are null; no controlled grade/density/strength values are available.,Supplier certification + controlled drawing/material spec,Critical,Controlled material specification/certificate
lot/traceability,190,,document,V7_R5_MATERIAL,V7-RC-005,SUPPLIER_INPUT_REQUIRED,MATERIAL_DEFINITION_PENDING,None,Occupant restraint interface material definition,Current material register fields are null; no controlled grade/density/strength values are available.,Supplier certification + controlled drawing/material spec,Critical,Controlled material specification/certificate
material family,200,,,V7_R5_MATERIAL,V7-RC-005,SUPPLIER_INPUT_REQUIRED,MATERIAL_DEFINITION_PENDING,None,Torso/head guidance material definition,Current material register fields are null; no controlled grade/density/strength values are available.,Supplier certification + controlled drawing/material spec,Critical,Controlled material specification/certificate
exact grade,200,,,V7_R5_MATERIAL,V7-RC-005,SUPPLIER_INPUT_REQUIRED,MATERIAL_DEFINITION_PENDING,None,Torso/head guidance material definition,Current material register fields are null; no controlled grade/density/strength values are available.,Supplier certification + controlled drawing/material spec,Critical,Controlled material specification/certificate
condition,200,,,V7_R5_MATERIAL,V7-RC-005,SUPPLIER_INPUT_REQUIRED,MATERIAL_DEFINITION_PENDING,None,Torso/head guidance material definition,Current material register fields are null; no controlled grade/density/strength values are available.,Supplier certification + controlled drawing/material spec,Critical,Controlled material specification/certificate
thickness,200,,mm,V7_R5_MATERIAL,V7-RC-005,MISSING,MATERIAL_DEFINITION_PENDING,None,Torso/head guidance material definition,Current material register fields are null; no controlled grade/density/strength values are available.,Supplier certification + controlled drawing/material spec,Critical,Controlled material specification/certificate
density,200,,kg/m3,V7_R5_MATERIAL,V7-RC-005,MISSING,MATERIAL_DEFINITION_PENDING,None,Torso/head guidance material definition,Current material register fields are null; no controlled grade/density/strength values are available.,Supplier certification + controlled drawing/material spec,Critical,Controlled material specification/certificate
Young modulus,200,,Pa,V7_R5_MATERIAL,V7-RC-005,MISSING,MATERIAL_DEFINITION_PENDING,None,Torso/head guidance material definition,Current material register fields are null; no controlled grade/density/strength values are available.,Supplier certification + controlled drawing/material spec,Critical,Controlled material specification/certificate
Poisson ratio,200,,dimensionless,V7_R5_MATERIAL,V7-RC-005,MISSING,MATERIAL_DEFINITION_PENDING,None,Torso/head guidance material definition,Current material register fields are null; no controlled grade/density/strength values are available.,Supplier certification + controlled drawing/material spec,Critical,Controlled material specification/certificate
yield strength,200,,Pa,V7_R5_MATERIAL,V7-RC-005,MISSING,MATERIAL_DEFINITION_PENDING,None,Torso/head guidance material definition,Current material register fields are null; no controlled grade/density/strength values are available.,Supplier certification + controlled drawing/material spec,Critical,Controlled material specification/certificate
ultimate strength,200,,Pa,V7_R5_MATERIAL,V7-RC-005,MISSING,MATERIAL_DEFINITION_PENDING,None,Torso/head guidance material definition,Current material register fields are null; no controlled grade/density/strength values are available.,Supplier certification + controlled drawing/material spec,Critical,Controlled material specification/certificate
elongation,200,,%,V7_R5_MATERIAL,V7-RC-005,MISSING,MATERIAL_DEFINITION_PENDING,None,Torso/head guidance material definition,Current material register fields are null; no controlled grade/density/strength values are available.,Supplier certification + controlled drawing/material spec,Critical,Controlled material specification/certificate
fatigue data,200,,definition,V7_R5_MATERIAL,V7-RC-005,MISSING,MATERIAL_DEFINITION_PENDING,None,Torso/head guidance material definition,Current material register fields are null; no controlled grade/density/strength values are available.,Supplier certification + controlled drawing/material spec,Critical,Controlled material specification/certificate
strain-rate sensitivity,200,,definition,V7_R5_MATERIAL,V7-RC-005,MISSING,MATERIAL_DEFINITION_PENDING,None,Torso/head guidance material definition,Current material register fields are null; no controlled grade/density/strength values are available.,Supplier certification + controlled drawing/material spec,Critical,Controlled material specification/certificate
temperature dependence,200,,definition,V7_R5_MATERIAL,V7-RC-005,MISSING,MATERIAL_DEFINITION_PENDING,None,Torso/head guidance material definition,Current material register fields are null; no controlled grade/density/strength values are available.,Supplier certification + controlled drawing/material spec,Critical,Controlled material specification/certificate
friction coefficient,200,,dimensionless,V7_R5_MATERIAL,V7-RC-005,MISSING,MATERIAL_DEFINITION_PENDING,None,Torso/head guidance material definition,Current material register fields are null; no controlled grade/density/strength values are available.,Supplier certification + controlled drawing/material spec,Critical,Controlled material specification/certificate
certificate,200,,document,V7_R5_MATERIAL,V7-RC-005,SUPPLIER_INPUT_REQUIRED,MATERIAL_DEFINITION_PENDING,None,Torso/head guidance material definition,Current material register fields are null; no controlled grade/density/strength values are available.,Supplier certification + controlled drawing/material spec,Critical,Controlled material specification/certificate
supplier/source,200,,document,V7_R5_MATERIAL,V7-RC-005,SUPPLIER_INPUT_REQUIRED,MATERIAL_DEFINITION_PENDING,None,Torso/head guidance material definition,Current material register fields are null; no controlled grade/density/strength values are available.,Supplier certification + controlled drawing/material spec,Critical,Controlled material specification/certificate
lot/traceability,200,,document,V7_R5_MATERIAL,V7-RC-005,SUPPLIER_INPUT_REQUIRED,MATERIAL_DEFINITION_PENDING,None,Torso/head guidance material definition,Current material register fields are null; no controlled grade/density/strength values are available.,Supplier certification + controlled drawing/material spec,Critical,Controlled material specification/certificate
material family,210,,,V7_R5_MATERIAL,V7-RC-005,SUPPLIER_INPUT_REQUIRED,MATERIAL_DEFINITION_PENDING,None,Sensor/trigger interface material definition,Current material register fields are null; no controlled grade/density/strength values are available.,Supplier certification + controlled drawing/material spec,Critical,Controlled material specification/certificate
exact grade,210,,,V7_R5_MATERIAL,V7-RC-005,SUPPLIER_INPUT_REQUIRED,MATERIAL_DEFINITION_PENDING,None,Sensor/trigger interface material definition,Current material register fields are null; no controlled grade/density/strength values are available.,Supplier certification + controlled drawing/material spec,Critical,Controlled material specification/certificate
condition,210,,,V7_R5_MATERIAL,V7-RC-005,SUPPLIER_INPUT_REQUIRED,MATERIAL_DEFINITION_PENDING,None,Sensor/trigger interface material definition,Current material register fields are null; no controlled grade/density/strength values are available.,Supplier certification + controlled drawing/material spec,Critical,Controlled material specification/certificate
thickness,210,,mm,V7_R5_MATERIAL,V7-RC-005,MISSING,MATERIAL_DEFINITION_PENDING,None,Sensor/trigger interface material definition,Current material register fields are null; no controlled grade/density/strength values are available.,Supplier certification + controlled drawing/material spec,Critical,Controlled material specification/certificate
density,210,,kg/m3,V7_R5_MATERIAL,V7-RC-005,MISSING,MATERIAL_DEFINITION_PENDING,None,Sensor/trigger interface material definition,Current material register fields are null; no controlled grade/density/strength values are available.,Supplier certification + controlled drawing/material spec,Critical,Controlled material specification/certificate
Young modulus,210,,Pa,V7_R5_MATERIAL,V7-RC-005,MISSING,MATERIAL_DEFINITION_PENDING,None,Sensor/trigger interface material definition,Current material register fields are null; no controlled grade/density/strength values are available.,Supplier certification + controlled drawing/material spec,Critical,Controlled material specification/certificate
Poisson ratio,210,,dimensionless,V7_R5_MATERIAL,V7-RC-005,MISSING,MATERIAL_DEFINITION_PENDING,None,Sensor/trigger interface material definition,Current material register fields are null; no controlled grade/density/strength values are available.,Supplier certification + controlled drawing/material spec,Critical,Controlled material specification/certificate
yield strength,210,,Pa,V7_R5_MATERIAL,V7-RC-005,MISSING,MATERIAL_DEFINITION_PENDING,None,Sensor/trigger interface material definition,Current material register fields are null; no controlled grade/density/strength values are available.,Supplier certification + controlled drawing/material spec,Critical,Controlled material specification/certificate
ultimate strength,210,,Pa,V7_R5_MATERIAL,V7-RC-005,MISSING,MATERIAL_DEFINITION_PENDING,None,Sensor/trigger interface material definition,Current material register fields are null; no controlled grade/density/strength values are available.,Supplier certification + controlled drawing/material spec,Critical,Controlled material specification/certificate
elongation,210,,%,V7_R5_MATERIAL,V7-RC-005,MISSING,MATERIAL_DEFINITION_PENDING,None,Sensor/trigger interface material definition,Current material register fields are null; no controlled grade/density/strength values are available.,Supplier certification + controlled drawing/material spec,Critical,Controlled material specification/certificate
fatigue data,210,,definition,V7_R5_MATERIAL,V7-RC-005,MISSING,MATERIAL_DEFINITION_PENDING,None,Sensor/trigger interface material definition,Current material register fields are null; no controlled grade/density/strength values are available.,Supplier certification + controlled drawing/material spec,Critical,Controlled material specification/certificate
strain-rate sensitivity,210,,definition,V7_R5_MATERIAL,V7-RC-005,MISSING,MATERIAL_DEFINITION_PENDING,None,Sensor/trigger interface material definition,Current material register fields are null; no controlled grade/density/strength values are available.,Supplier certification + controlled drawing/material spec,Critical,Controlled material specification/certificate
temperature dependence,210,,definition,V7_R5_MATERIAL,V7-RC-005,MISSING,MATERIAL_DEFINITION_PENDING,None,Sensor/trigger interface material definition,Current material register fields are null; no controlled grade/density/strength values are available.,Supplier certification + controlled drawing/material spec,Critical,Controlled material specification/certificate
friction coefficient,210,,dimensionless,V7_R5_MATERIAL,V7-RC-005,MISSING,MATERIAL_DEFINITION_PENDING,None,Sensor/trigger interface material definition,Current material register fields are null; no controlled grade/density/strength values are available.,Supplier certification + controlled drawing/material spec,Critical,Controlled material specification/certificate
certificate,210,,document,V7_R5_MATERIAL,V7-RC-005,SUPPLIER_INPUT_REQUIRED,MATERIAL_DEFINITION_PENDING,None,Sensor/trigger interface material definition,Current material register fields are null; no controlled grade/density/strength values are available.,Supplier certification + controlled drawing/material spec,Critical,Controlled material specification/certificate
supplier/source,210,,document,V7_R5_MATERIAL,V7-RC-005,SUPPLIER_INPUT_REQUIRED,MATERIAL_DEFINITION_PENDING,None,Sensor/trigger interface material definition,Current material register fields are null; no controlled grade/density/strength values are available.,Supplier certification + controlled drawing/material spec,Critical,Controlled material specification/certificate
lot/traceability,210,,document,V7_R5_MATERIAL,V7-RC-005,SUPPLIER_INPUT_REQUIRED,MATERIAL_DEFINITION_PENDING,None,Sensor/trigger interface material definition,Current material register fields are null; no controlled grade/density/strength values are available.,Supplier certification + controlled drawing/material spec,Critical,Controlled material specification/certificate
material family,J,,,V7_R5_MATERIAL,V7-RC-005,SUPPLIER_INPUT_REQUIRED,MATERIAL_DEFINITION_PENDING,None,Hinge/pivot/joint hardware material definition,Current material register fields are null; no controlled grade/density/strength values are available.,Supplier certification + controlled drawing/material spec,Critical,Controlled material specification/certificate
exact grade,J,,,V7_R5_MATERIAL,V7-RC-005,SUPPLIER_INPUT_REQUIRED,MATERIAL_DEFINITION_PENDING,None,Hinge/pivot/joint hardware material definition,Current material register fields are null; no controlled grade/density/strength values are available.,Supplier certification + controlled drawing/material spec,Critical,Controlled material specification/certificate
condition,J,,,V7_R5_MATERIAL,V7-RC-005,SUPPLIER_INPUT_REQUIRED,MATERIAL_DEFINITION_PENDING,None,Hinge/pivot/joint hardware material definition,Current material register fields are null; no controlled grade/density/strength values are available.,Supplier certification + controlled drawing/material spec,Critical,Controlled material specification/certificate
thickness,J,,mm,V7_R5_MATERIAL,V7-RC-005,MISSING,MATERIAL_DEFINITION_PENDING,None,Hinge/pivot/joint hardware material definition,Current material register fields are null; no controlled grade/density/strength values are available.,Supplier certification + controlled drawing/material spec,Critical,Controlled material specification/certificate
density,J,,kg/m3,V7_R5_MATERIAL,V7-RC-005,MISSING,MATERIAL_DEFINITION_PENDING,None,Hinge/pivot/joint hardware material definition,Current material register fields are null; no controlled grade/density/strength values are available.,Supplier certification + controlled drawing/material spec,Critical,Controlled material specification/certificate
Young modulus,J,,Pa,V7_R5_MATERIAL,V7-RC-005,MISSING,MATERIAL_DEFINITION_PENDING,None,Hinge/pivot/joint hardware material definition,Current material register fields are null; no controlled grade/density/strength values are available.,Supplier certification + controlled drawing/material spec,Critical,Controlled material specification/certificate
Poisson ratio,J,,dimensionless,V7_R5_MATERIAL,V7-RC-005,MISSING,MATERIAL_DEFINITION_PENDING,None,Hinge/pivot/joint hardware material definition,Current material register fields are null; no controlled grade/density/strength values are available.,Supplier certification + controlled drawing/material spec,Critical,Controlled material specification/certificate
yield strength,J,,Pa,V7_R5_MATERIAL,V7-RC-005,MISSING,MATERIAL_DEFINITION_PENDING,None,Hinge/pivot/joint hardware material definition,Current material register fields are null; no controlled grade/density/strength values are available.,Supplier certification + controlled drawing/material spec,Critical,Controlled material specification/certificate
ultimate strength,J,,Pa,V7_R5_MATERIAL,V7-RC-005,MISSING,MATERIAL_DEFINITION_PENDING,None,Hinge/pivot/joint hardware material definition,Current material register fields are null; no controlled grade/density/strength values are available.,Supplier certification + controlled drawing/material spec,Critical,Controlled material specification/certificate
elongation,J,,%,V7_R5_MATERIAL,V7-RC-005,MISSING,MATERIAL_DEFINITION_PENDING,None,Hinge/pivot/joint hardware material definition,Current material register fields are null; no controlled grade/density/strength values are available.,Supplier certification + controlled drawing/material spec,Critical,Controlled material specification/certificate
fatigue data,J,,definition,V7_R5_MATERIAL,V7-RC-005,MISSING,MATERIAL_DEFINITION_PENDING,None,Hinge/pivot/joint hardware material definition,Current material register fields are null; no controlled grade/density/strength values are available.,Supplier certification + controlled drawing/material spec,Critical,Controlled material specification/certificate
strain-rate sensitivity,J,,definition,V7_R5_MATERIAL,V7-RC-005,MISSING,MATERIAL_DEFINITION_PENDING,None,Hinge/pivot/joint hardware material definition,Current material register fields are null; no controlled grade/density/strength values are available.,Supplier certification + controlled drawing/material spec,Critical,Controlled material specification/certificate
temperature dependence,J,,definition,V7_R5_MATERIAL,V7-RC-005,MISSING,MATERIAL_DEFINITION_PENDING,None,Hinge/pivot/joint hardware material definition,Current material register fields are null; no controlled grade/density/strength values are available.,Supplier certification + controlled drawing/material spec,Critical,Controlled material specification/certificate
friction coefficient,J,,dimensionless,V7_R5_MATERIAL,V7-RC-005,MISSING,MATERIAL_DEFINITION_PENDING,None,Hinge/pivot/joint hardware material definition,Current material register fields are null; no controlled grade/density/strength values are available.,Supplier certification + controlled drawing/material spec,Critical,Controlled material specification/certificate
certificate,J,,document,V7_R5_MATERIAL,V7-RC-005,SUPPLIER_INPUT_REQUIRED,MATERIAL_DEFINITION_PENDING,None,Hinge/pivot/joint hardware material definition,Current material register fields are null; no controlled grade/density/strength values are available.,Supplier certification + controlled drawing/material spec,Critical,Controlled material specification/certificate
supplier/source,J,,document,V7_R5_MATERIAL,V7-RC-005,SUPPLIER_INPUT_REQUIRED,MATERIAL_DEFINITION_PENDING,None,Hinge/pivot/joint hardware material definition,Current material register fields are null; no controlled grade/density/strength values are available.,Supplier certification + controlled drawing/material spec,Critical,Controlled material specification/certificate
lot/traceability,J,,document,V7_R5_MATERIAL,V7-RC-005,SUPPLIER_INPUT_REQUIRED,MATERIAL_DEFINITION_PENDING,None,Hinge/pivot/joint hardware material definition,Current material register fields are null; no controlled grade/density/strength values are available.,Supplier certification + controlled drawing/material spec,Critical,Controlled material specification/certificate
legacy material concept,160,DP980 / hot-stamped,grade/family,V7_R0_PACKAGE,V7-R0,DESIGN_ASSUMPTION,Concept selection only,Medium,Material concept,Not current controlled material assignment; not suitable for release/CAE without evidence.,Supplier/manufacturer certification + released drawing,Critical,Controlled material mapping
legacy nominal thickness concept,160,1.6–2.0,mm / class,V7_R0_PACKAGE,V7-R0,DESIGN_ASSUMPTION,Concept dimension,Medium,Structural sizing concept,Not production tolerance or material proof.,Released drawing + material spec,Critical,Controlled section/thickness
legacy material concept,140,DP780 / AHSS,grade/family,V7_R0_PACKAGE,V7-R0,DESIGN_ASSUMPTION,Concept selection only,Medium,Material concept,Not current controlled material assignment; not suitable for release/CAE without evidence.,Supplier/manufacturer certification + released drawing,Critical,Controlled material mapping
legacy nominal thickness concept,140,1.2–1.6,mm / class,V7_R0_PACKAGE,V7-R0,DESIGN_ASSUMPTION,Concept dimension,Medium,Structural sizing concept,Not production tolerance or material proof.,Released drawing + material spec,Critical,Controlled section/thickness
legacy material concept,110L/110R,22MnB5 / Q&P concept,grade/family,V7_R0_PACKAGE,V7-R0,DESIGN_ASSUMPTION,Concept selection only,Medium,Material concept,Not current controlled material assignment; not suitable for release/CAE without evidence.,Supplier/manufacturer certification + released drawing,Critical,Controlled material mapping
legacy nominal thickness concept,110L/110R,2.0–2.5,mm / class,V7_R0_PACKAGE,V7-R0,DESIGN_ASSUMPTION,Concept dimension,Medium,Structural sizing concept,Not production tolerance or material proof.,Released drawing + material spec,Critical,Controlled section/thickness
legacy material concept,100/120,DP590,grade/family,V7_R0_PACKAGE,V7-R0,DESIGN_ASSUMPTION,Concept selection only,Medium,Material concept,Not current controlled material assignment; not suitable for release/CAE without evidence.,Supplier/manufacturer certification + released drawing,Critical,Controlled material mapping
legacy nominal thickness concept,100/120,2.0,mm / class,V7_R0_PACKAGE,V7-R0,DESIGN_ASSUMPTION,Concept dimension,Medium,Structural sizing concept,Not production tolerance or material proof.,Released drawing + material spec,Critical,Controlled section/thickness
legacy material concept,side brackets,DP590,grade/family,V7_R0_PACKAGE,V7-R0,DESIGN_ASSUMPTION,Concept selection only,Medium,Material concept,Not current controlled material assignment; not suitable for release/CAE without evidence.,Supplier/manufacturer certification + released drawing,Critical,Controlled material mapping
legacy nominal thickness concept,side brackets,3.0,mm / class,V7_R0_PACKAGE,V7-R0,DESIGN_ASSUMPTION,Concept dimension,Medium,Structural sizing concept,Not production tolerance or material proof.,Released drawing + material spec,Critical,Controlled section/thickness
legacy material concept,130,Al 5052 / honeycomb concept,grade/family,V7_R0_PACKAGE,V7-R0,DESIGN_ASSUMPTION,Concept selection only,Medium,Material concept,Not current controlled material assignment; not suitable for release/CAE without evidence.,Supplier/manufacturer certification + released drawing,Critical,Controlled material mapping
legacy nominal thickness concept,130,geometry-dependent,mm / class,V7_R0_PACKAGE,V7-R0,DESIGN_ASSUMPTION,Concept dimension,Medium,Structural sizing concept,Not production tolerance or material proof.,Released drawing + material spec,Critical,Controlled section/thickness
legacy material concept,fasteners,10.9 class steel,grade/family,V7_R0_PACKAGE,V7-R0,DESIGN_ASSUMPTION,Concept selection only,Medium,Material concept,Not current controlled material assignment; not suitable for release/CAE without evidence.,Supplier/manufacturer certification + released drawing,Critical,Controlled material mapping
legacy nominal thickness concept,fasteners,M8/M10/M12 concept,mm / class,V7_R0_PACKAGE,V7-R0,DESIGN_ASSUMPTION,Concept dimension,Medium,Structural sizing concept,Not production tolerance or material proof.,Released drawing + material spec,Critical,Controlled section/thickness
legacy material concept,J hinge pin,SCM440 concept,grade/family,V7_R0_PACKAGE,V7-R0,DESIGN_ASSUMPTION,Concept selection only,Medium,Material concept,Not current controlled material assignment; not suitable for release/CAE without evidence.,Supplier/manufacturer certification + released drawing,Critical,Controlled material mapping
legacy nominal thickness concept,J hinge pin,Ø12–20 class,mm / class,V7_R0_PACKAGE,V7-R0,DESIGN_ASSUMPTION,Concept dimension,Medium,Structural sizing concept,Not production tolerance or material proof.,Released drawing + material spec,Critical,Controlled section/thickness
welding concept,100/120/160/etc,"MIG/GMAW, ER70S-6",process,V7_R0_PACKAGE,V7-R0,DESIGN_ASSUMPTION,Concept manufacturing method,Medium,Joining concept,Weld size/quality/qualification not defined.,WPS/PQR + weld drawing + inspection,Critical,Qualified joining specification
fastener type,IF-R4-01,,,V7_R5_FASTENER,V7-RC-005,SUPPLIER_INPUT_REQUIRED,FASTENER_JOINT_PENDING,None,Structural interface joint definition,Current fields are null / not released. No common fastener assumption allowed.,Released joint drawing + supplier fastener data + installation process,Critical,Controlled fastener/joint specification
diameter,IF-R4-01,,mm,V7_R5_FASTENER,V7-RC-005,SUPPLIER_INPUT_REQUIRED,FASTENER_JOINT_PENDING,None,Structural interface joint definition,Current fields are null / not released. No common fastener assumption allowed.,Released joint drawing + supplier fastener data + installation process,Critical,Controlled fastener/joint specification
grade,IF-R4-01,,,V7_R5_FASTENER,V7-RC-005,SUPPLIER_INPUT_REQUIRED,FASTENER_JOINT_PENDING,None,Structural interface joint definition,Current fields are null / not released. No common fastener assumption allowed.,Released joint drawing + supplier fastener data + installation process,Critical,Controlled fastener/joint specification
quantity,IF-R4-01,,count,V7_R5_FASTENER,V7-RC-005,SUPPLIER_INPUT_REQUIRED,FASTENER_JOINT_PENDING,None,Structural interface joint definition,Current fields are null / not released. No common fastener assumption allowed.,Released joint drawing + supplier fastener data + installation process,Critical,Controlled fastener/joint specification
spacing,IF-R4-01,,mm,V7_R5_FASTENER,V7-RC-005,MISSING,FASTENER_JOINT_PENDING,None,Structural interface joint definition,Current fields are null / not released. No common fastener assumption allowed.,Released joint drawing + supplier fastener data + installation process,Critical,Controlled fastener/joint specification
washer/nut,IF-R4-01,,,V7_R5_FASTENER,V7-RC-005,SUPPLIER_INPUT_REQUIRED,FASTENER_JOINT_PENDING,None,Structural interface joint definition,Current fields are null / not released. No common fastener assumption allowed.,Released joint drawing + supplier fastener data + installation process,Critical,Controlled fastener/joint specification
hole size,IF-R4-01,,mm,V7_R5_FASTENER,V7-RC-005,MISSING,FASTENER_JOINT_PENDING,None,Structural interface joint definition,Current fields are null / not released. No common fastener assumption allowed.,Released joint drawing + supplier fastener data + installation process,Critical,Controlled fastener/joint specification
preload,IF-R4-01,,N,V7_R5_FASTENER,V7-RC-005,MISSING,FASTENER_JOINT_PENDING,None,Structural interface joint definition,Current fields are null / not released. No common fastener assumption allowed.,Released joint drawing + supplier fastener data + installation process,Critical,Controlled fastener/joint specification
torque,IF-R4-01,,N·m,V7_R5_FASTENER,V7-RC-005,MISSING,FASTENER_JOINT_PENDING,None,Structural interface joint definition,Current fields are null / not released. No common fastener assumption allowed.,Released joint drawing + supplier fastener data + installation process,Critical,Controlled fastener/joint specification
friction,IF-R4-01,,dimensionless,V7_R5_FASTENER,V7-RC-005,MISSING,FASTENER_JOINT_PENDING,None,Structural interface joint definition,Current fields are null / not released. No common fastener assumption allowed.,Released joint drawing + supplier fastener data + installation process,Critical,Controlled fastener/joint specification
clamp load,IF-R4-01,,N,V7_R5_FASTENER,V7-RC-005,MISSING,FASTENER_JOINT_PENDING,None,Structural interface joint definition,Current fields are null / not released. No common fastener assumption allowed.,Released joint drawing + supplier fastener data + installation process,Critical,Controlled fastener/joint specification
joint stiffness,IF-R4-01,,N/mm or N·m/rad,V7_R5_FASTENER,V7-RC-005,MISSING,FASTENER_JOINT_PENDING,None,Structural interface joint definition,Current fields are null / not released. No common fastener assumption allowed.,Released joint drawing + supplier fastener data + installation process,Critical,Controlled fastener/joint specification
slip,IF-R4-01,,mm,V7_R5_FASTENER,V7-RC-005,MISSING,FASTENER_JOINT_PENDING,None,Structural interface joint definition,Current fields are null / not released. No common fastener assumption allowed.,Released joint drawing + supplier fastener data + installation process,Critical,Controlled fastener/joint specification
bearing capacity,IF-R4-01,,N,V7_R5_FASTENER,V7-RC-005,MISSING,FASTENER_JOINT_PENDING,None,Structural interface joint definition,Current fields are null / not released. No common fastener assumption allowed.,Released joint drawing + supplier fastener data + installation process,Critical,Controlled fastener/joint specification
shear capacity,IF-R4-01,,N,V7_R5_FASTENER,V7-RC-005,MISSING,FASTENER_JOINT_PENDING,None,Structural interface joint definition,Current fields are null / not released. No common fastener assumption allowed.,Released joint drawing + supplier fastener data + installation process,Critical,Controlled fastener/joint specification
tension capacity,IF-R4-01,,N,V7_R5_FASTENER,V7-RC-005,MISSING,FASTENER_JOINT_PENDING,None,Structural interface joint definition,Current fields are null / not released. No common fastener assumption allowed.,Released joint drawing + supplier fastener data + installation process,Critical,Controlled fastener/joint specification
failure mode,IF-R4-01,,definition,V7_R5_FASTENER,V7-RC-005,MISSING,FASTENER_JOINT_PENDING,None,Structural interface joint definition,Current fields are null / not released. No common fastener assumption allowed.,Released joint drawing + supplier fastener data + installation process,Critical,Controlled fastener/joint specification
fastener type,IF-R4-02,,,V7_R5_FASTENER,V7-RC-005,SUPPLIER_INPUT_REQUIRED,FASTENER_JOINT_PENDING,None,Structural interface joint definition,Current fields are null / not released. No common fastener assumption allowed.,Released joint drawing + supplier fastener data + installation process,Critical,Controlled fastener/joint specification
diameter,IF-R4-02,,mm,V7_R5_FASTENER,V7-RC-005,SUPPLIER_INPUT_REQUIRED,FASTENER_JOINT_PENDING,None,Structural interface joint definition,Current fields are null / not released. No common fastener assumption allowed.,Released joint drawing + supplier fastener data + installation process,Critical,Controlled fastener/joint specification
grade,IF-R4-02,,,V7_R5_FASTENER,V7-RC-005,SUPPLIER_INPUT_REQUIRED,FASTENER_JOINT_PENDING,None,Structural interface joint definition,Current fields are null / not released. No common fastener assumption allowed.,Released joint drawing + supplier fastener data + installation process,Critical,Controlled fastener/joint specification
quantity,IF-R4-02,,count,V7_R5_FASTENER,V7-RC-005,SUPPLIER_INPUT_REQUIRED,FASTENER_JOINT_PENDING,None,Structural interface joint definition,Current fields are null / not released. No common fastener assumption allowed.,Released joint drawing + supplier fastener data + installation process,Critical,Controlled fastener/joint specification
spacing,IF-R4-02,,mm,V7_R5_FASTENER,V7-RC-005,MISSING,FASTENER_JOINT_PENDING,None,Structural interface joint definition,Current fields are null / not released. No common fastener assumption allowed.,Released joint drawing + supplier fastener data + installation process,Critical,Controlled fastener/joint specification
washer/nut,IF-R4-02,,,V7_R5_FASTENER,V7-RC-005,SUPPLIER_INPUT_REQUIRED,FASTENER_JOINT_PENDING,None,Structural interface joint definition,Current fields are null / not released. No common fastener assumption allowed.,Released joint drawing + supplier fastener data + installation process,Critical,Controlled fastener/joint specification
hole size,IF-R4-02,,mm,V7_R5_FASTENER,V7-RC-005,MISSING,FASTENER_JOINT_PENDING,None,Structural interface joint definition,Current fields are null / not released. No common fastener assumption allowed.,Released joint drawing + supplier fastener data + installation process,Critical,Controlled fastener/joint specification
preload,IF-R4-02,,N,V7_R5_FASTENER,V7-RC-005,MISSING,FASTENER_JOINT_PENDING,None,Structural interface joint definition,Current fields are null / not released. No common fastener assumption allowed.,Released joint drawing + supplier fastener data + installation process,Critical,Controlled fastener/joint specification
torque,IF-R4-02,,N·m,V7_R5_FASTENER,V7-RC-005,MISSING,FASTENER_JOINT_PENDING,None,Structural interface joint definition,Current fields are null / not released. No common fastener assumption allowed.,Released joint drawing + supplier fastener data + installation process,Critical,Controlled fastener/joint specification
friction,IF-R4-02,,dimensionless,V7_R5_FASTENER,V7-RC-005,MISSING,FASTENER_JOINT_PENDING,None,Structural interface joint definition,Current fields are null / not released. No common fastener assumption allowed.,Released joint drawing + supplier fastener data + installation process,Critical,Controlled fastener/joint specification
clamp load,IF-R4-02,,N,V7_R5_FASTENER,V7-RC-005,MISSING,FASTENER_JOINT_PENDING,None,Structural interface joint definition,Current fields are null / not released. No common fastener assumption allowed.,Released joint drawing + supplier fastener data + installation process,Critical,Controlled fastener/joint specification
joint stiffness,IF-R4-02,,N/mm or N·m/rad,V7_R5_FASTENER,V7-RC-005,MISSING,FASTENER_JOINT_PENDING,None,Structural interface joint definition,Current fields are null / not released. No common fastener assumption allowed.,Released joint drawing + supplier fastener data + installation process,Critical,Controlled fastener/joint specification
slip,IF-R4-02,,mm,V7_R5_FASTENER,V7-RC-005,MISSING,FASTENER_JOINT_PENDING,None,Structural interface joint definition,Current fields are null / not released. No common fastener assumption allowed.,Released joint drawing + supplier fastener data + installation process,Critical,Controlled fastener/joint specification
bearing capacity,IF-R4-02,,N,V7_R5_FASTENER,V7-RC-005,MISSING,FASTENER_JOINT_PENDING,None,Structural interface joint definition,Current fields are null / not released. No common fastener assumption allowed.,Released joint drawing + supplier fastener data + installation process,Critical,Controlled fastener/joint specification
shear capacity,IF-R4-02,,N,V7_R5_FASTENER,V7-RC-005,MISSING,FASTENER_JOINT_PENDING,None,Structural interface joint definition,Current fields are null / not released. No common fastener assumption allowed.,Released joint drawing + supplier fastener data + installation process,Critical,Controlled fastener/joint specification
tension capacity,IF-R4-02,,N,V7_R5_FASTENER,V7-RC-005,MISSING,FASTENER_JOINT_PENDING,None,Structural interface joint definition,Current fields are null / not released. No common fastener assumption allowed.,Released joint drawing + supplier fastener data + installation process,Critical,Controlled fastener/joint specification
failure mode,IF-R4-02,,definition,V7_R5_FASTENER,V7-RC-005,MISSING,FASTENER_JOINT_PENDING,None,Structural interface joint definition,Current fields are null / not released. No common fastener assumption allowed.,Released joint drawing + supplier fastener data + installation process,Critical,Controlled fastener/joint specification
fastener type,IF-R4-03,,,V7_R5_FASTENER,V7-RC-005,SUPPLIER_INPUT_REQUIRED,FASTENER_JOINT_PENDING,None,Structural interface joint definition,Current fields are null / not released. No common fastener assumption allowed.,Released joint drawing + supplier fastener data + installation process,Critical,Controlled fastener/joint specification
diameter,IF-R4-03,,mm,V7_R5_FASTENER,V7-RC-005,SUPPLIER_INPUT_REQUIRED,FASTENER_JOINT_PENDING,None,Structural interface joint definition,Current fields are null / not released. No common fastener assumption allowed.,Released joint drawing + supplier fastener data + installation process,Critical,Controlled fastener/joint specification
grade,IF-R4-03,,,V7_R5_FASTENER,V7-RC-005,SUPPLIER_INPUT_REQUIRED,FASTENER_JOINT_PENDING,None,Structural interface joint definition,Current fields are null / not released. No common fastener assumption allowed.,Released joint drawing + supplier fastener data + installation process,Critical,Controlled fastener/joint specification
quantity,IF-R4-03,,count,V7_R5_FASTENER,V7-RC-005,SUPPLIER_INPUT_REQUIRED,FASTENER_JOINT_PENDING,None,Structural interface joint definition,Current fields are null / not released. No common fastener assumption allowed.,Released joint drawing + supplier fastener data + installation process,Critical,Controlled fastener/joint specification
spacing,IF-R4-03,,mm,V7_R5_FASTENER,V7-RC-005,MISSING,FASTENER_JOINT_PENDING,None,Structural interface joint definition,Current fields are null / not released. No common fastener assumption allowed.,Released joint drawing + supplier fastener data + installation process,Critical,Controlled fastener/joint specification
washer/nut,IF-R4-03,,,V7_R5_FASTENER,V7-RC-005,SUPPLIER_INPUT_REQUIRED,FASTENER_JOINT_PENDING,None,Structural interface joint definition,Current fields are null / not released. No common fastener assumption allowed.,Released joint drawing + supplier fastener data + installation process,Critical,Controlled fastener/joint specification
hole size,IF-R4-03,,mm,V7_R5_FASTENER,V7-RC-005,MISSING,FASTENER_JOINT_PENDING,None,Structural interface joint definition,Current fields are null / not released. No common fastener assumption allowed.,Released joint drawing + supplier fastener data + installation process,Critical,Controlled fastener/joint specification
preload,IF-R4-03,,N,V7_R5_FASTENER,V7-RC-005,MISSING,FASTENER_JOINT_PENDING,None,Structural interface joint definition,Current fields are null / not released. No common fastener assumption allowed.,Released joint drawing + supplier fastener data + installation process,Critical,Controlled fastener/joint specification
torque,IF-R4-03,,N·m,V7_R5_FASTENER,V7-RC-005,MISSING,FASTENER_JOINT_PENDING,None,Structural interface joint definition,Current fields are null / not released. No common fastener assumption allowed.,Released joint drawing + supplier fastener data + installation process,Critical,Controlled fastener/joint specification
friction,IF-R4-03,,dimensionless,V7_R5_FASTENER,V7-RC-005,MISSING,FASTENER_JOINT_PENDING,None,Structural interface joint definition,Current fields are null / not released. No common fastener assumption allowed.,Released joint drawing + supplier fastener data + installation process,Critical,Controlled fastener/joint specification
clamp load,IF-R4-03,,N,V7_R5_FASTENER,V7-RC-005,MISSING,FASTENER_JOINT_PENDING,None,Structural interface joint definition,Current fields are null / not released. No common fastener assumption allowed.,Released joint drawing + supplier fastener data + installation process,Critical,Controlled fastener/joint specification
joint stiffness,IF-R4-03,,N/mm or N·m/rad,V7_R5_FASTENER,V7-RC-005,MISSING,FASTENER_JOINT_PENDING,None,Structural interface joint definition,Current fields are null / not released. No common fastener assumption allowed.,Released joint drawing + supplier fastener data + installation process,Critical,Controlled fastener/joint specification
slip,IF-R4-03,,mm,V7_R5_FASTENER,V7-RC-005,MISSING,FASTENER_JOINT_PENDING,None,Structural interface joint definition,Current fields are null / not released. No common fastener assumption allowed.,Released joint drawing + supplier fastener data + installation process,Critical,Controlled fastener/joint specification
bearing capacity,IF-R4-03,,N,V7_R5_FASTENER,V7-RC-005,MISSING,FASTENER_JOINT_PENDING,None,Structural interface joint definition,Current fields are null / not released. No common fastener assumption allowed.,Released joint drawing + supplier fastener data + installation process,Critical,Controlled fastener/joint specification
shear capacity,IF-R4-03,,N,V7_R5_FASTENER,V7-RC-005,MISSING,FASTENER_JOINT_PENDING,None,Structural interface joint definition,Current fields are null / not released. No common fastener assumption allowed.,Released joint drawing + supplier fastener data + installation process,Critical,Controlled fastener/joint specification
tension capacity,IF-R4-03,,N,V7_R5_FASTENER,V7-RC-005,MISSING,FASTENER_JOINT_PENDING,None,Structural interface joint definition,Current fields are null / not released. No common fastener assumption allowed.,Released joint drawing + supplier fastener data + installation process,Critical,Controlled fastener/joint specification
failure mode,IF-R4-03,,definition,V7_R5_FASTENER,V7-RC-005,MISSING,FASTENER_JOINT_PENDING,None,Structural interface joint definition,Current fields are null / not released. No common fastener assumption allowed.,Released joint drawing + supplier fastener data + installation process,Critical,Controlled fastener/joint specification
fastener type,IF-R4-04,,,V7_R5_FASTENER,V7-RC-005,SUPPLIER_INPUT_REQUIRED,FASTENER_JOINT_PENDING,None,Structural interface joint definition,Current fields are null / not released. No common fastener assumption allowed.,Released joint drawing + supplier fastener data + installation process,Critical,Controlled fastener/joint specification
diameter,IF-R4-04,,mm,V7_R5_FASTENER,V7-RC-005,SUPPLIER_INPUT_REQUIRED,FASTENER_JOINT_PENDING,None,Structural interface joint definition,Current fields are null / not released. No common fastener assumption allowed.,Released joint drawing + supplier fastener data + installation process,Critical,Controlled fastener/joint specification
grade,IF-R4-04,,,V7_R5_FASTENER,V7-RC-005,SUPPLIER_INPUT_REQUIRED,FASTENER_JOINT_PENDING,None,Structural interface joint definition,Current fields are null / not released. No common fastener assumption allowed.,Released joint drawing + supplier fastener data + installation process,Critical,Controlled fastener/joint specification
quantity,IF-R4-04,,count,V7_R5_FASTENER,V7-RC-005,SUPPLIER_INPUT_REQUIRED,FASTENER_JOINT_PENDING,None,Structural interface joint definition,Current fields are null / not released. No common fastener assumption allowed.,Released joint drawing + supplier fastener data + installation process,Critical,Controlled fastener/joint specification
spacing,IF-R4-04,,mm,V7_R5_FASTENER,V7-RC-005,MISSING,FASTENER_JOINT_PENDING,None,Structural interface joint definition,Current fields are null / not released. No common fastener assumption allowed.,Released joint drawing + supplier fastener data + installation process,Critical,Controlled fastener/joint specification
washer/nut,IF-R4-04,,,V7_R5_FASTENER,V7-RC-005,SUPPLIER_INPUT_REQUIRED,FASTENER_JOINT_PENDING,None,Structural interface joint definition,Current fields are null / not released. No common fastener assumption allowed.,Released joint drawing + supplier fastener data + installation process,Critical,Controlled fastener/joint specification
hole size,IF-R4-04,,mm,V7_R5_FASTENER,V7-RC-005,MISSING,FASTENER_JOINT_PENDING,None,Structural interface joint definition,Current fields are null / not released. No common fastener assumption allowed.,Released joint drawing + supplier fastener data + installation process,Critical,Controlled fastener/joint specification
preload,IF-R4-04,,N,V7_R5_FASTENER,V7-RC-005,MISSING,FASTENER_JOINT_PENDING,None,Structural interface joint definition,Current fields are null / not released. No common fastener assumption allowed.,Released joint drawing + supplier fastener data + installation process,Critical,Controlled fastener/joint specification
torque,IF-R4-04,,N·m,V7_R5_FASTENER,V7-RC-005,MISSING,FASTENER_JOINT_PENDING,None,Structural interface joint definition,Current fields are null / not released. No common fastener assumption allowed.,Released joint drawing + supplier fastener data + installation process,Critical,Controlled fastener/joint specification
friction,IF-R4-04,,dimensionless,V7_R5_FASTENER,V7-RC-005,MISSING,FASTENER_JOINT_PENDING,None,Structural interface joint definition,Current fields are null / not released. No common fastener assumption allowed.,Released joint drawing + supplier fastener data + installation process,Critical,Controlled fastener/joint specification
clamp load,IF-R4-04,,N,V7_R5_FASTENER,V7-RC-005,MISSING,FASTENER_JOINT_PENDING,None,Structural interface joint definition,Current fields are null / not released. No common fastener assumption allowed.,Released joint drawing + supplier fastener data + installation process,Critical,Controlled fastener/joint specification
joint stiffness,IF-R4-04,,N/mm or N·m/rad,V7_R5_FASTENER,V7-RC-005,MISSING,FASTENER_JOINT_PENDING,None,Structural interface joint definition,Current fields are null / not released. No common fastener assumption allowed.,Released joint drawing + supplier fastener data + installation process,Critical,Controlled fastener/joint specification
slip,IF-R4-04,,mm,V7_R5_FASTENER,V7-RC-005,MISSING,FASTENER_JOINT_PENDING,None,Structural interface joint definition,Current fields are null / not released. No common fastener assumption allowed.,Released joint drawing + supplier fastener data + installation process,Critical,Controlled fastener/joint specification
bearing capacity,IF-R4-04,,N,V7_R5_FASTENER,V7-RC-005,MISSING,FASTENER_JOINT_PENDING,None,Structural interface joint definition,Current fields are null / not released. No common fastener assumption allowed.,Released joint drawing + supplier fastener data + installation process,Critical,Controlled fastener/joint specification
shear capacity,IF-R4-04,,N,V7_R5_FASTENER,V7-RC-005,MISSING,FASTENER_JOINT_PENDING,None,Structural interface joint definition,Current fields are null / not released. No common fastener assumption allowed.,Released joint drawing + supplier fastener data + installation process,Critical,Controlled fastener/joint specification
tension capacity,IF-R4-04,,N,V7_R5_FASTENER,V7-RC-005,MISSING,FASTENER_JOINT_PENDING,None,Structural interface joint definition,Current fields are null / not released. No common fastener assumption allowed.,Released joint drawing + supplier fastener data + installation process,Critical,Controlled fastener/joint specification
failure mode,IF-R4-04,,definition,V7_R5_FASTENER,V7-RC-005,MISSING,FASTENER_JOINT_PENDING,None,Structural interface joint definition,Current fields are null / not released. No common fastener assumption allowed.,Released joint drawing + supplier fastener data + installation process,Critical,Controlled fastener/joint specification
fastener type,IF-R4-05,,,V7_R5_FASTENER,V7-RC-005,SUPPLIER_INPUT_REQUIRED,FASTENER_JOINT_PENDING,None,Structural interface joint definition,Current fields are null / not released. No common fastener assumption allowed.,Released joint drawing + supplier fastener data + installation process,Critical,Controlled fastener/joint specification
diameter,IF-R4-05,,mm,V7_R5_FASTENER,V7-RC-005,SUPPLIER_INPUT_REQUIRED,FASTENER_JOINT_PENDING,None,Structural interface joint definition,Current fields are null / not released. No common fastener assumption allowed.,Released joint drawing + supplier fastener data + installation process,Critical,Controlled fastener/joint specification
grade,IF-R4-05,,,V7_R5_FASTENER,V7-RC-005,SUPPLIER_INPUT_REQUIRED,FASTENER_JOINT_PENDING,None,Structural interface joint definition,Current fields are null / not released. No common fastener assumption allowed.,Released joint drawing + supplier fastener data + installation process,Critical,Controlled fastener/joint specification
quantity,IF-R4-05,,count,V7_R5_FASTENER,V7-RC-005,SUPPLIER_INPUT_REQUIRED,FASTENER_JOINT_PENDING,None,Structural interface joint definition,Current fields are null / not released. No common fastener assumption allowed.,Released joint drawing + supplier fastener data + installation process,Critical,Controlled fastener/joint specification
spacing,IF-R4-05,,mm,V7_R5_FASTENER,V7-RC-005,MISSING,FASTENER_JOINT_PENDING,None,Structural interface joint definition,Current fields are null / not released. No common fastener assumption allowed.,Released joint drawing + supplier fastener data + installation process,Critical,Controlled fastener/joint specification
washer/nut,IF-R4-05,,,V7_R5_FASTENER,V7-RC-005,SUPPLIER_INPUT_REQUIRED,FASTENER_JOINT_PENDING,None,Structural interface joint definition,Current fields are null / not released. No common fastener assumption allowed.,Released joint drawing + supplier fastener data + installation process,Critical,Controlled fastener/joint specification
hole size,IF-R4-05,,mm,V7_R5_FASTENER,V7-RC-005,MISSING,FASTENER_JOINT_PENDING,None,Structural interface joint definition,Current fields are null / not released. No common fastener assumption allowed.,Released joint drawing + supplier fastener data + installation process,Critical,Controlled fastener/joint specification
preload,IF-R4-05,,N,V7_R5_FASTENER,V7-RC-005,MISSING,FASTENER_JOINT_PENDING,None,Structural interface joint definition,Current fields are null / not released. No common fastener assumption allowed.,Released joint drawing + supplier fastener data + installation process,Critical,Controlled fastener/joint specification
torque,IF-R4-05,,N·m,V7_R5_FASTENER,V7-RC-005,MISSING,FASTENER_JOINT_PENDING,None,Structural interface joint definition,Current fields are null / not released. No common fastener assumption allowed.,Released joint drawing + supplier fastener data + installation process,Critical,Controlled fastener/joint specification
friction,IF-R4-05,,dimensionless,V7_R5_FASTENER,V7-RC-005,MISSING,FASTENER_JOINT_PENDING,None,Structural interface joint definition,Current fields are null / not released. No common fastener assumption allowed.,Released joint drawing + supplier fastener data + installation process,Critical,Controlled fastener/joint specification
clamp load,IF-R4-05,,N,V7_R5_FASTENER,V7-RC-005,MISSING,FASTENER_JOINT_PENDING,None,Structural interface joint definition,Current fields are null / not released. No common fastener assumption allowed.,Released joint drawing + supplier fastener data + installation process,Critical,Controlled fastener/joint specification
joint stiffness,IF-R4-05,,N/mm or N·m/rad,V7_R5_FASTENER,V7-RC-005,MISSING,FASTENER_JOINT_PENDING,None,Structural interface joint definition,Current fields are null / not released. No common fastener assumption allowed.,Released joint drawing + supplier fastener data + installation process,Critical,Controlled fastener/joint specification
slip,IF-R4-05,,mm,V7_R5_FASTENER,V7-RC-005,MISSING,FASTENER_JOINT_PENDING,None,Structural interface joint definition,Current fields are null / not released. No common fastener assumption allowed.,Released joint drawing + supplier fastener data + installation process,Critical,Controlled fastener/joint specification
bearing capacity,IF-R4-05,,N,V7_R5_FASTENER,V7-RC-005,MISSING,FASTENER_JOINT_PENDING,None,Structural interface joint definition,Current fields are null / not released. No common fastener assumption allowed.,Released joint drawing + supplier fastener data + installation process,Critical,Controlled fastener/joint specification
shear capacity,IF-R4-05,,N,V7_R5_FASTENER,V7-RC-005,MISSING,FASTENER_JOINT_PENDING,None,Structural interface joint definition,Current fields are null / not released. No common fastener assumption allowed.,Released joint drawing + supplier fastener data + installation process,Critical,Controlled fastener/joint specification
tension capacity,IF-R4-05,,N,V7_R5_FASTENER,V7-RC-005,MISSING,FASTENER_JOINT_PENDING,None,Structural interface joint definition,Current fields are null / not released. No common fastener assumption allowed.,Released joint drawing + supplier fastener data + installation process,Critical,Controlled fastener/joint specification
failure mode,IF-R4-05,,definition,V7_R5_FASTENER,V7-RC-005,MISSING,FASTENER_JOINT_PENDING,None,Structural interface joint definition,Current fields are null / not released. No common fastener assumption allowed.,Released joint drawing + supplier fastener data + installation process,Critical,Controlled fastener/joint specification
fastener type,IF-R4-06,,,V7_R5_FASTENER,V7-RC-005,SUPPLIER_INPUT_REQUIRED,FASTENER_JOINT_PENDING,None,Structural interface joint definition,Current fields are null / not released. No common fastener assumption allowed.,Released joint drawing + supplier fastener data + installation process,Critical,Controlled fastener/joint specification
diameter,IF-R4-06,,mm,V7_R5_FASTENER,V7-RC-005,SUPPLIER_INPUT_REQUIRED,FASTENER_JOINT_PENDING,None,Structural interface joint definition,Current fields are null / not released. No common fastener assumption allowed.,Released joint drawing + supplier fastener data + installation process,Critical,Controlled fastener/joint specification
grade,IF-R4-06,,,V7_R5_FASTENER,V7-RC-005,SUPPLIER_INPUT_REQUIRED,FASTENER_JOINT_PENDING,None,Structural interface joint definition,Current fields are null / not released. No common fastener assumption allowed.,Released joint drawing + supplier fastener data + installation process,Critical,Controlled fastener/joint specification
quantity,IF-R4-06,,count,V7_R5_FASTENER,V7-RC-005,SUPPLIER_INPUT_REQUIRED,FASTENER_JOINT_PENDING,None,Structural interface joint definition,Current fields are null / not released. No common fastener assumption allowed.,Released joint drawing + supplier fastener data + installation process,Critical,Controlled fastener/joint specification
spacing,IF-R4-06,,mm,V7_R5_FASTENER,V7-RC-005,MISSING,FASTENER_JOINT_PENDING,None,Structural interface joint definition,Current fields are null / not released. No common fastener assumption allowed.,Released joint drawing + supplier fastener data + installation process,Critical,Controlled fastener/joint specification
washer/nut,IF-R4-06,,,V7_R5_FASTENER,V7-RC-005,SUPPLIER_INPUT_REQUIRED,FASTENER_JOINT_PENDING,None,Structural interface joint definition,Current fields are null / not released. No common fastener assumption allowed.,Released joint drawing + supplier fastener data + installation process,Critical,Controlled fastener/joint specification
hole size,IF-R4-06,,mm,V7_R5_FASTENER,V7-RC-005,MISSING,FASTENER_JOINT_PENDING,None,Structural interface joint definition,Current fields are null / not released. No common fastener assumption allowed.,Released joint drawing + supplier fastener data + installation process,Critical,Controlled fastener/joint specification
preload,IF-R4-06,,N,V7_R5_FASTENER,V7-RC-005,MISSING,FASTENER_JOINT_PENDING,None,Structural interface joint definition,Current fields are null / not released. No common fastener assumption allowed.,Released joint drawing + supplier fastener data + installation process,Critical,Controlled fastener/joint specification
torque,IF-R4-06,,N·m,V7_R5_FASTENER,V7-RC-005,MISSING,FASTENER_JOINT_PENDING,None,Structural interface joint definition,Current fields are null / not released. No common fastener assumption allowed.,Released joint drawing + supplier fastener data + installation process,Critical,Controlled fastener/joint specification
friction,IF-R4-06,,dimensionless,V7_R5_FASTENER,V7-RC-005,MISSING,FASTENER_JOINT_PENDING,None,Structural interface joint definition,Current fields are null / not released. No common fastener assumption allowed.,Released joint drawing + supplier fastener data + installation process,Critical,Controlled fastener/joint specification
clamp load,IF-R4-06,,N,V7_R5_FASTENER,V7-RC-005,MISSING,FASTENER_JOINT_PENDING,None,Structural interface joint definition,Current fields are null / not released. No common fastener assumption allowed.,Released joint drawing + supplier fastener data + installation process,Critical,Controlled fastener/joint specification
joint stiffness,IF-R4-06,,N/mm or N·m/rad,V7_R5_FASTENER,V7-RC-005,MISSING,FASTENER_JOINT_PENDING,None,Structural interface joint definition,Current fields are null / not released. No common fastener assumption allowed.,Released joint drawing + supplier fastener data + installation process,Critical,Controlled fastener/joint specification
slip,IF-R4-06,,mm,V7_R5_FASTENER,V7-RC-005,MISSING,FASTENER_JOINT_PENDING,None,Structural interface joint definition,Current fields are null / not released. No common fastener assumption allowed.,Released joint drawing + supplier fastener data + installation process,Critical,Controlled fastener/joint specification
bearing capacity,IF-R4-06,,N,V7_R5_FASTENER,V7-RC-005,MISSING,FASTENER_JOINT_PENDING,None,Structural interface joint definition,Current fields are null / not released. No common fastener assumption allowed.,Released joint drawing + supplier fastener data + installation process,Critical,Controlled fastener/joint specification
shear capacity,IF-R4-06,,N,V7_R5_FASTENER,V7-RC-005,MISSING,FASTENER_JOINT_PENDING,None,Structural interface joint definition,Current fields are null / not released. No common fastener assumption allowed.,Released joint drawing + supplier fastener data + installation process,Critical,Controlled fastener/joint specification
tension capacity,IF-R4-06,,N,V7_R5_FASTENER,V7-RC-005,MISSING,FASTENER_JOINT_PENDING,None,Structural interface joint definition,Current fields are null / not released. No common fastener assumption allowed.,Released joint drawing + supplier fastener data + installation process,Critical,Controlled fastener/joint specification
failure mode,IF-R4-06,,definition,V7_R5_FASTENER,V7-RC-005,MISSING,FASTENER_JOINT_PENDING,None,Structural interface joint definition,Current fields are null / not released. No common fastener assumption allowed.,Released joint drawing + supplier fastener data + installation process,Critical,Controlled fastener/joint specification
fastener type,IF-R4-07,,,V7_R5_FASTENER,V7-RC-005,SUPPLIER_INPUT_REQUIRED,FASTENER_JOINT_PENDING,None,Structural interface joint definition,Current fields are null / not released. No common fastener assumption allowed.,Released joint drawing + supplier fastener data + installation process,Critical,Controlled fastener/joint specification
diameter,IF-R4-07,,mm,V7_R5_FASTENER,V7-RC-005,SUPPLIER_INPUT_REQUIRED,FASTENER_JOINT_PENDING,None,Structural interface joint definition,Current fields are null / not released. No common fastener assumption allowed.,Released joint drawing + supplier fastener data + installation process,Critical,Controlled fastener/joint specification
grade,IF-R4-07,,,V7_R5_FASTENER,V7-RC-005,SUPPLIER_INPUT_REQUIRED,FASTENER_JOINT_PENDING,None,Structural interface joint definition,Current fields are null / not released. No common fastener assumption allowed.,Released joint drawing + supplier fastener data + installation process,Critical,Controlled fastener/joint specification
quantity,IF-R4-07,,count,V7_R5_FASTENER,V7-RC-005,SUPPLIER_INPUT_REQUIRED,FASTENER_JOINT_PENDING,None,Structural interface joint definition,Current fields are null / not released. No common fastener assumption allowed.,Released joint drawing + supplier fastener data + installation process,Critical,Controlled fastener/joint specification
spacing,IF-R4-07,,mm,V7_R5_FASTENER,V7-RC-005,MISSING,FASTENER_JOINT_PENDING,None,Structural interface joint definition,Current fields are null / not released. No common fastener assumption allowed.,Released joint drawing + supplier fastener data + installation process,Critical,Controlled fastener/joint specification
washer/nut,IF-R4-07,,,V7_R5_FASTENER,V7-RC-005,SUPPLIER_INPUT_REQUIRED,FASTENER_JOINT_PENDING,None,Structural interface joint definition,Current fields are null / not released. No common fastener assumption allowed.,Released joint drawing + supplier fastener data + installation process,Critical,Controlled fastener/joint specification
hole size,IF-R4-07,,mm,V7_R5_FASTENER,V7-RC-005,MISSING,FASTENER_JOINT_PENDING,None,Structural interface joint definition,Current fields are null / not released. No common fastener assumption allowed.,Released joint drawing + supplier fastener data + installation process,Critical,Controlled fastener/joint specification
preload,IF-R4-07,,N,V7_R5_FASTENER,V7-RC-005,MISSING,FASTENER_JOINT_PENDING,None,Structural interface joint definition,Current fields are null / not released. No common fastener assumption allowed.,Released joint drawing + supplier fastener data + installation process,Critical,Controlled fastener/joint specification
torque,IF-R4-07,,N·m,V7_R5_FASTENER,V7-RC-005,MISSING,FASTENER_JOINT_PENDING,None,Structural interface joint definition,Current fields are null / not released. No common fastener assumption allowed.,Released joint drawing + supplier fastener data + installation process,Critical,Controlled fastener/joint specification
friction,IF-R4-07,,dimensionless,V7_R5_FASTENER,V7-RC-005,MISSING,FASTENER_JOINT_PENDING,None,Structural interface joint definition,Current fields are null / not released. No common fastener assumption allowed.,Released joint drawing + supplier fastener data + installation process,Critical,Controlled fastener/joint specification
clamp load,IF-R4-07,,N,V7_R5_FASTENER,V7-RC-005,MISSING,FASTENER_JOINT_PENDING,None,Structural interface joint definition,Current fields are null / not released. No common fastener assumption allowed.,Released joint drawing + supplier fastener data + installation process,Critical,Controlled fastener/joint specification
joint stiffness,IF-R4-07,,N/mm or N·m/rad,V7_R5_FASTENER,V7-RC-005,MISSING,FASTENER_JOINT_PENDING,None,Structural interface joint definition,Current fields are null / not released. No common fastener assumption allowed.,Released joint drawing + supplier fastener data + installation process,Critical,Controlled fastener/joint specification
slip,IF-R4-07,,mm,V7_R5_FASTENER,V7-RC-005,MISSING,FASTENER_JOINT_PENDING,None,Structural interface joint definition,Current fields are null / not released. No common fastener assumption allowed.,Released joint drawing + supplier fastener data + installation process,Critical,Controlled fastener/joint specification
bearing capacity,IF-R4-07,,N,V7_R5_FASTENER,V7-RC-005,MISSING,FASTENER_JOINT_PENDING,None,Structural interface joint definition,Current fields are null / not released. No common fastener assumption allowed.,Released joint drawing + supplier fastener data + installation process,Critical,Controlled fastener/joint specification
shear capacity,IF-R4-07,,N,V7_R5_FASTENER,V7-RC-005,MISSING,FASTENER_JOINT_PENDING,None,Structural interface joint definition,Current fields are null / not released. No common fastener assumption allowed.,Released joint drawing + supplier fastener data + installation process,Critical,Controlled fastener/joint specification
tension capacity,IF-R4-07,,N,V7_R5_FASTENER,V7-RC-005,MISSING,FASTENER_JOINT_PENDING,None,Structural interface joint definition,Current fields are null / not released. No common fastener assumption allowed.,Released joint drawing + supplier fastener data + installation process,Critical,Controlled fastener/joint specification
failure mode,IF-R4-07,,definition,V7_R5_FASTENER,V7-RC-005,MISSING,FASTENER_JOINT_PENDING,None,Structural interface joint definition,Current fields are null / not released. No common fastener assumption allowed.,Released joint drawing + supplier fastener data + installation process,Critical,Controlled fastener/joint specification
fastener type,IF-R4-08,,,V7_R5_FASTENER,V7-RC-005,SUPPLIER_INPUT_REQUIRED,FASTENER_JOINT_PENDING,None,Structural interface joint definition,Current fields are null / not released. No common fastener assumption allowed.,Released joint drawing + supplier fastener data + installation process,Critical,Controlled fastener/joint specification
diameter,IF-R4-08,,mm,V7_R5_FASTENER,V7-RC-005,SUPPLIER_INPUT_REQUIRED,FASTENER_JOINT_PENDING,None,Structural interface joint definition,Current fields are null / not released. No common fastener assumption allowed.,Released joint drawing + supplier fastener data + installation process,Critical,Controlled fastener/joint specification
grade,IF-R4-08,,,V7_R5_FASTENER,V7-RC-005,SUPPLIER_INPUT_REQUIRED,FASTENER_JOINT_PENDING,None,Structural interface joint definition,Current fields are null / not released. No common fastener assumption allowed.,Released joint drawing + supplier fastener data + installation process,Critical,Controlled fastener/joint specification
quantity,IF-R4-08,,count,V7_R5_FASTENER,V7-RC-005,SUPPLIER_INPUT_REQUIRED,FASTENER_JOINT_PENDING,None,Structural interface joint definition,Current fields are null / not released. No common fastener assumption allowed.,Released joint drawing + supplier fastener data + installation process,Critical,Controlled fastener/joint specification
spacing,IF-R4-08,,mm,V7_R5_FASTENER,V7-RC-005,MISSING,FASTENER_JOINT_PENDING,None,Structural interface joint definition,Current fields are null / not released. No common fastener assumption allowed.,Released joint drawing + supplier fastener data + installation process,Critical,Controlled fastener/joint specification
washer/nut,IF-R4-08,,,V7_R5_FASTENER,V7-RC-005,SUPPLIER_INPUT_REQUIRED,FASTENER_JOINT_PENDING,None,Structural interface joint definition,Current fields are null / not released. No common fastener assumption allowed.,Released joint drawing + supplier fastener data + installation process,Critical,Controlled fastener/joint specification
hole size,IF-R4-08,,mm,V7_R5_FASTENER,V7-RC-005,MISSING,FASTENER_JOINT_PENDING,None,Structural interface joint definition,Current fields are null / not released. No common fastener assumption allowed.,Released joint drawing + supplier fastener data + installation process,Critical,Controlled fastener/joint specification
preload,IF-R4-08,,N,V7_R5_FASTENER,V7-RC-005,MISSING,FASTENER_JOINT_PENDING,None,Structural interface joint definition,Current fields are null / not released. No common fastener assumption allowed.,Released joint drawing + supplier fastener data + installation process,Critical,Controlled fastener/joint specification
torque,IF-R4-08,,N·m,V7_R5_FASTENER,V7-RC-005,MISSING,FASTENER_JOINT_PENDING,None,Structural interface joint definition,Current fields are null / not released. No common fastener assumption allowed.,Released joint drawing + supplier fastener data + installation process,Critical,Controlled fastener/joint specification
friction,IF-R4-08,,dimensionless,V7_R5_FASTENER,V7-RC-005,MISSING,FASTENER_JOINT_PENDING,None,Structural interface joint definition,Current fields are null / not released. No common fastener assumption allowed.,Released joint drawing + supplier fastener data + installation process,Critical,Controlled fastener/joint specification
clamp load,IF-R4-08,,N,V7_R5_FASTENER,V7-RC-005,MISSING,FASTENER_JOINT_PENDING,None,Structural interface joint definition,Current fields are null / not released. No common fastener assumption allowed.,Released joint drawing + supplier fastener data + installation process,Critical,Controlled fastener/joint specification
joint stiffness,IF-R4-08,,N/mm or N·m/rad,V7_R5_FASTENER,V7-RC-005,MISSING,FASTENER_JOINT_PENDING,None,Structural interface joint definition,Current fields are null / not released. No common fastener assumption allowed.,Released joint drawing + supplier fastener data + installation process,Critical,Controlled fastener/joint specification
slip,IF-R4-08,,mm,V7_R5_FASTENER,V7-RC-005,MISSING,FASTENER_JOINT_PENDING,None,Structural interface joint definition,Current fields are null / not released. No common fastener assumption allowed.,Released joint drawing + supplier fastener data + installation process,Critical,Controlled fastener/joint specification
bearing capacity,IF-R4-08,,N,V7_R5_FASTENER,V7-RC-005,MISSING,FASTENER_JOINT_PENDING,None,Structural interface joint definition,Current fields are null / not released. No common fastener assumption allowed.,Released joint drawing + supplier fastener data + installation process,Critical,Controlled fastener/joint specification
shear capacity,IF-R4-08,,N,V7_R5_FASTENER,V7-RC-005,MISSING,FASTENER_JOINT_PENDING,None,Structural interface joint definition,Current fields are null / not released. No common fastener assumption allowed.,Released joint drawing + supplier fastener data + installation process,Critical,Controlled fastener/joint specification
tension capacity,IF-R4-08,,N,V7_R5_FASTENER,V7-RC-005,MISSING,FASTENER_JOINT_PENDING,None,Structural interface joint definition,Current fields are null / not released. No common fastener assumption allowed.,Released joint drawing + supplier fastener data + installation process,Critical,Controlled fastener/joint specification
failure mode,IF-R4-08,,definition,V7_R5_FASTENER,V7-RC-005,MISSING,FASTENER_JOINT_PENDING,None,Structural interface joint definition,Current fields are null / not released. No common fastener assumption allowed.,Released joint drawing + supplier fastener data + installation process,Critical,Controlled fastener/joint specification
fastener type,IF-R4-09,,,V7_R5_FASTENER,V7-RC-005,SUPPLIER_INPUT_REQUIRED,FASTENER_JOINT_PENDING,None,Structural interface joint definition,Current fields are null / not released. No common fastener assumption allowed.,Released joint drawing + supplier fastener data + installation process,Critical,Controlled fastener/joint specification
diameter,IF-R4-09,,mm,V7_R5_FASTENER,V7-RC-005,SUPPLIER_INPUT_REQUIRED,FASTENER_JOINT_PENDING,None,Structural interface joint definition,Current fields are null / not released. No common fastener assumption allowed.,Released joint drawing + supplier fastener data + installation process,Critical,Controlled fastener/joint specification
grade,IF-R4-09,,,V7_R5_FASTENER,V7-RC-005,SUPPLIER_INPUT_REQUIRED,FASTENER_JOINT_PENDING,None,Structural interface joint definition,Current fields are null / not released. No common fastener assumption allowed.,Released joint drawing + supplier fastener data + installation process,Critical,Controlled fastener/joint specification
quantity,IF-R4-09,,count,V7_R5_FASTENER,V7-RC-005,SUPPLIER_INPUT_REQUIRED,FASTENER_JOINT_PENDING,None,Structural interface joint definition,Current fields are null / not released. No common fastener assumption allowed.,Released joint drawing + supplier fastener data + installation process,Critical,Controlled fastener/joint specification
spacing,IF-R4-09,,mm,V7_R5_FASTENER,V7-RC-005,MISSING,FASTENER_JOINT_PENDING,None,Structural interface joint definition,Current fields are null / not released. No common fastener assumption allowed.,Released joint drawing + supplier fastener data + installation process,Critical,Controlled fastener/joint specification
washer/nut,IF-R4-09,,,V7_R5_FASTENER,V7-RC-005,SUPPLIER_INPUT_REQUIRED,FASTENER_JOINT_PENDING,None,Structural interface joint definition,Current fields are null / not released. No common fastener assumption allowed.,Released joint drawing + supplier fastener data + installation process,Critical,Controlled fastener/joint specification
hole size,IF-R4-09,,mm,V7_R5_FASTENER,V7-RC-005,MISSING,FASTENER_JOINT_PENDING,None,Structural interface joint definition,Current fields are null / not released. No common fastener assumption allowed.,Released joint drawing + supplier fastener data + installation process,Critical,Controlled fastener/joint specification
preload,IF-R4-09,,N,V7_R5_FASTENER,V7-RC-005,MISSING,FASTENER_JOINT_PENDING,None,Structural interface joint definition,Current fields are null / not released. No common fastener assumption allowed.,Released joint drawing + supplier fastener data + installation process,Critical,Controlled fastener/joint specification
torque,IF-R4-09,,N·m,V7_R5_FASTENER,V7-RC-005,MISSING,FASTENER_JOINT_PENDING,None,Structural interface joint definition,Current fields are null / not released. No common fastener assumption allowed.,Released joint drawing + supplier fastener data + installation process,Critical,Controlled fastener/joint specification
friction,IF-R4-09,,dimensionless,V7_R5_FASTENER,V7-RC-005,MISSING,FASTENER_JOINT_PENDING,None,Structural interface joint definition,Current fields are null / not released. No common fastener assumption allowed.,Released joint drawing + supplier fastener data + installation process,Critical,Controlled fastener/joint specification
clamp load,IF-R4-09,,N,V7_R5_FASTENER,V7-RC-005,MISSING,FASTENER_JOINT_PENDING,None,Structural interface joint definition,Current fields are null / not released. No common fastener assumption allowed.,Released joint drawing + supplier fastener data + installation process,Critical,Controlled fastener/joint specification
joint stiffness,IF-R4-09,,N/mm or N·m/rad,V7_R5_FASTENER,V7-RC-005,MISSING,FASTENER_JOINT_PENDING,None,Structural interface joint definition,Current fields are null / not released. No common fastener assumption allowed.,Released joint drawing + supplier fastener data + installation process,Critical,Controlled fastener/joint specification
slip,IF-R4-09,,mm,V7_R5_FASTENER,V7-RC-005,MISSING,FASTENER_JOINT_PENDING,None,Structural interface joint definition,Current fields are null / not released. No common fastener assumption allowed.,Released joint drawing + supplier fastener data + installation process,Critical,Controlled fastener/joint specification
bearing capacity,IF-R4-09,,N,V7_R5_FASTENER,V7-RC-005,MISSING,FASTENER_JOINT_PENDING,None,Structural interface joint definition,Current fields are null / not released. No common fastener assumption allowed.,Released joint drawing + supplier fastener data + installation process,Critical,Controlled fastener/joint specification
shear capacity,IF-R4-09,,N,V7_R5_FASTENER,V7-RC-005,MISSING,FASTENER_JOINT_PENDING,None,Structural interface joint definition,Current fields are null / not released. No common fastener assumption allowed.,Released joint drawing + supplier fastener data + installation process,Critical,Controlled fastener/joint specification
tension capacity,IF-R4-09,,N,V7_R5_FASTENER,V7-RC-005,MISSING,FASTENER_JOINT_PENDING,None,Structural interface joint definition,Current fields are null / not released. No common fastener assumption allowed.,Released joint drawing + supplier fastener data + installation process,Critical,Controlled fastener/joint specification
failure mode,IF-R4-09,,definition,V7_R5_FASTENER,V7-RC-005,MISSING,FASTENER_JOINT_PENDING,None,Structural interface joint definition,Current fields are null / not released. No common fastener assumption allowed.,Released joint drawing + supplier fastener data + installation process,Critical,Controlled fastener/joint specification
architecture,130L,,definition,V7_R5_ABSORBER,V7-RC-005,MISSING,ABSORBER_TEST_SPEC,None,Ride-down absorber,Required characterization not executed.,Selected hardware + component test + calibrated instrumentation,Critical,Component characterization and acceptance specification
mounting geometry,130L,,definition,V7_R5_ABSORBER,V7-RC-005,MISSING,ABSORBER_TEST_SPEC,None,Ride-down absorber,Required characterization not executed.,Selected hardware + component test + calibrated instrumentation,Critical,Component characterization and acceptance specification
axis,130L,,vector,V7_R5_ABSORBER,V7-RC-005,MISSING,ABSORBER_TEST_SPEC,None,Ride-down absorber,Required characterization not executed.,Selected hardware + component test + calibrated instrumentation,Critical,Component characterization and acceptance specification
stroke,130L,180,mm,V7_R5_ABSORBER,V7-RC-005,DESIGN_ASSUMPTION,ABSORBER_TEST_SPEC,High,Ride-down absorber,No validated component law; 180 mm is design reference only.,Selected hardware + component test + calibrated instrumentation,Critical,Component characterization and acceptance specification
initial preload,130L,,N,V7_R5_ABSORBER,V7-RC-005,TEST_REQUIRED,ABSORBER_TEST_SPEC,None,Ride-down absorber,Required characterization not executed.,Selected hardware + component test + calibrated instrumentation,Critical,Component characterization and acceptance specification
F-x,130L,,N vs mm,V7_R5_ABSORBER,V7-RC-005,TEST_REQUIRED,ABSORBER_TEST_SPEC,None,Ride-down absorber,Required characterization not executed.,Selected hardware + component test + calibrated instrumentation,Critical,Component characterization and acceptance specification
F-v,130L,,N vs mm/s,V7_R5_ABSORBER,V7-RC-005,TEST_REQUIRED,ABSORBER_TEST_SPEC,None,Ride-down absorber,Required characterization not executed.,Selected hardware + component test + calibrated instrumentation,Critical,Component characterization and acceptance specification
F-t,130L,,N vs s,V7_R5_ABSORBER,V7-RC-005,TEST_REQUIRED,ABSORBER_TEST_SPEC,None,Ride-down absorber,Required characterization not executed.,Selected hardware + component test + calibrated instrumentation,Critical,Component characterization and acceptance specification
hysteresis,130L,,definition,V7_R5_ABSORBER,V7-RC-005,TEST_REQUIRED,ABSORBER_TEST_SPEC,None,Ride-down absorber,Required characterization not executed.,Selected hardware + component test + calibrated instrumentation,Critical,Component characterization and acceptance specification
energy dissipation,130L,,J,V7_R5_ABSORBER,V7-RC-005,TEST_REQUIRED,ABSORBER_TEST_SPEC,None,Ride-down absorber,Required characterization not executed.,Selected hardware + component test + calibrated instrumentation,Critical,Component characterization and acceptance specification
rate dependence,130L,,definition,V7_R5_ABSORBER,V7-RC-005,TEST_REQUIRED,ABSORBER_TEST_SPEC,None,Ride-down absorber,Required characterization not executed.,Selected hardware + component test + calibrated instrumentation,Critical,Component characterization and acceptance specification
temperature dependence,130L,,definition,V7_R5_ABSORBER,V7-RC-005,TEST_REQUIRED,ABSORBER_TEST_SPEC,None,Ride-down absorber,Required characterization not executed.,Selected hardware + component test + calibrated instrumentation,Critical,Component characterization and acceptance specification
repeatability,130L,,definition,V7_R5_ABSORBER,V7-RC-005,TEST_REQUIRED,ABSORBER_TEST_SPEC,None,Ride-down absorber,Required characterization not executed.,Selected hardware + component test + calibrated instrumentation,Critical,Component characterization and acceptance specification
tolerance sensitivity,130L,,definition,V7_R5_ABSORBER,V7-RC-005,TEST_REQUIRED,ABSORBER_TEST_SPEC,None,Ride-down absorber,Required characterization not executed.,Selected hardware + component test + calibrated instrumentation,Critical,Component characterization and acceptance specification
L/R matching,130L,,definition,V7_R5_ABSORBER,V7-RC-005,TEST_REQUIRED,ABSORBER_TEST_SPEC,None,Ride-down absorber,Required characterization not executed.,Selected hardware + component test + calibrated instrumentation,Critical,Component characterization and acceptance specification
serviceability,130L,,definition,V7_R5_ABSORBER,V7-RC-005,TEST_REQUIRED,ABSORBER_TEST_SPEC,None,Ride-down absorber,Required characterization not executed.,Selected hardware + component test + calibrated instrumentation,Critical,Component characterization and acceptance specification
replaceability,130L,,definition,V7_R5_ABSORBER,V7-RC-005,TEST_REQUIRED,ABSORBER_TEST_SPEC,None,Ride-down absorber,Required characterization not executed.,Selected hardware + component test + calibrated instrumentation,Critical,Component characterization and acceptance specification
test acceptance criterion,130L,,definition,V7_R5_ABSORBER,V7-RC-005,MISSING,ABSORBER_TEST_SPEC,None,Ride-down absorber,Required characterization not executed.,Selected hardware + component test + calibrated instrumentation,Critical,Component characterization and acceptance specification
architecture,130R,,definition,V7_R5_ABSORBER,V7-RC-005,MISSING,ABSORBER_TEST_SPEC,None,Ride-down absorber,Required characterization not executed.,Selected hardware + component test + calibrated instrumentation,Critical,Component characterization and acceptance specification
mounting geometry,130R,,definition,V7_R5_ABSORBER,V7-RC-005,MISSING,ABSORBER_TEST_SPEC,None,Ride-down absorber,Required characterization not executed.,Selected hardware + component test + calibrated instrumentation,Critical,Component characterization and acceptance specification
axis,130R,,vector,V7_R5_ABSORBER,V7-RC-005,MISSING,ABSORBER_TEST_SPEC,None,Ride-down absorber,Required characterization not executed.,Selected hardware + component test + calibrated instrumentation,Critical,Component characterization and acceptance specification
stroke,130R,180,mm,V7_R5_ABSORBER,V7-RC-005,DESIGN_ASSUMPTION,ABSORBER_TEST_SPEC,High,Ride-down absorber,No validated component law; 180 mm is design reference only.,Selected hardware + component test + calibrated instrumentation,Critical,Component characterization and acceptance specification
initial preload,130R,,N,V7_R5_ABSORBER,V7-RC-005,TEST_REQUIRED,ABSORBER_TEST_SPEC,None,Ride-down absorber,Required characterization not executed.,Selected hardware + component test + calibrated instrumentation,Critical,Component characterization and acceptance specification
F-x,130R,,N vs mm,V7_R5_ABSORBER,V7-RC-005,TEST_REQUIRED,ABSORBER_TEST_SPEC,None,Ride-down absorber,Required characterization not executed.,Selected hardware + component test + calibrated instrumentation,Critical,Component characterization and acceptance specification
F-v,130R,,N vs mm/s,V7_R5_ABSORBER,V7-RC-005,TEST_REQUIRED,ABSORBER_TEST_SPEC,None,Ride-down absorber,Required characterization not executed.,Selected hardware + component test + calibrated instrumentation,Critical,Component characterization and acceptance specification
F-t,130R,,N vs s,V7_R5_ABSORBER,V7-RC-005,TEST_REQUIRED,ABSORBER_TEST_SPEC,None,Ride-down absorber,Required characterization not executed.,Selected hardware + component test + calibrated instrumentation,Critical,Component characterization and acceptance specification
hysteresis,130R,,definition,V7_R5_ABSORBER,V7-RC-005,TEST_REQUIRED,ABSORBER_TEST_SPEC,None,Ride-down absorber,Required characterization not executed.,Selected hardware + component test + calibrated instrumentation,Critical,Component characterization and acceptance specification
energy dissipation,130R,,J,V7_R5_ABSORBER,V7-RC-005,TEST_REQUIRED,ABSORBER_TEST_SPEC,None,Ride-down absorber,Required characterization not executed.,Selected hardware + component test + calibrated instrumentation,Critical,Component characterization and acceptance specification
rate dependence,130R,,definition,V7_R5_ABSORBER,V7-RC-005,TEST_REQUIRED,ABSORBER_TEST_SPEC,None,Ride-down absorber,Required characterization not executed.,Selected hardware + component test + calibrated instrumentation,Critical,Component characterization and acceptance specification
temperature dependence,130R,,definition,V7_R5_ABSORBER,V7-RC-005,TEST_REQUIRED,ABSORBER_TEST_SPEC,None,Ride-down absorber,Required characterization not executed.,Selected hardware + component test + calibrated instrumentation,Critical,Component characterization and acceptance specification
repeatability,130R,,definition,V7_R5_ABSORBER,V7-RC-005,TEST_REQUIRED,ABSORBER_TEST_SPEC,None,Ride-down absorber,Required characterization not executed.,Selected hardware + component test + calibrated instrumentation,Critical,Component characterization and acceptance specification
tolerance sensitivity,130R,,definition,V7_R5_ABSORBER,V7-RC-005,TEST_REQUIRED,ABSORBER_TEST_SPEC,None,Ride-down absorber,Required characterization not executed.,Selected hardware + component test + calibrated instrumentation,Critical,Component characterization and acceptance specification
L/R matching,130R,,definition,V7_R5_ABSORBER,V7-RC-005,TEST_REQUIRED,ABSORBER_TEST_SPEC,None,Ride-down absorber,Required characterization not executed.,Selected hardware + component test + calibrated instrumentation,Critical,Component characterization and acceptance specification
serviceability,130R,,definition,V7_R5_ABSORBER,V7-RC-005,TEST_REQUIRED,ABSORBER_TEST_SPEC,None,Ride-down absorber,Required characterization not executed.,Selected hardware + component test + calibrated instrumentation,Critical,Component characterization and acceptance specification
replaceability,130R,,definition,V7_R5_ABSORBER,V7-RC-005,TEST_REQUIRED,ABSORBER_TEST_SPEC,None,Ride-down absorber,Required characterization not executed.,Selected hardware + component test + calibrated instrumentation,Critical,Component characterization and acceptance specification
test acceptance criterion,130R,,definition,V7_R5_ABSORBER,V7-RC-005,MISSING,ABSORBER_TEST_SPEC,None,Ride-down absorber,Required characterization not executed.,Selected hardware + component test + calibrated instrumentation,Critical,Component characterization and acceptance specification
normal state,170,,state,V7_R5_LOCK / P0 state implementation,V7-RC-005/P0,MISSING,LOCK_TEST_SPEC,None,Safety-critical lock behavior,"Model state representation exists, but physical lock implementation and fault behavior are not validated.",Physical lock article + fault matrix + load/timing test,Critical,Component lock characterization
armed state,170,,state,V7_R5_LOCK / P0 state implementation,V7-RC-005/P0,MISSING,LOCK_TEST_SPEC,None,Safety-critical lock behavior,"Model state representation exists, but physical lock implementation and fault behavior are not validated.",Physical lock article + fault matrix + load/timing test,Critical,Component lock characterization
capture state,170,,state,V7_R5_LOCK / P0 state implementation,V7-RC-005/P0,MISSING,LOCK_TEST_SPEC,None,Safety-critical lock behavior,"Model state representation exists, but physical lock implementation and fault behavior are not validated.",Physical lock article + fault matrix + load/timing test,Critical,Component lock characterization
ride-down state,170,,state,V7_R5_LOCK / P0 state implementation,V7-RC-005/P0,MISSING,LOCK_TEST_SPEC,None,Safety-critical lock behavior,"Model state representation exists, but physical lock implementation and fault behavior are not validated.",Physical lock article + fault matrix + load/timing test,Critical,Component lock characterization
rebound state,170,,state,V7_R5_LOCK / P0 state implementation,V7-RC-005/P0,MISSING,LOCK_TEST_SPEC,None,Safety-critical lock behavior,"Model state representation exists, but physical lock implementation and fault behavior are not validated.",Physical lock article + fault matrix + load/timing test,Critical,Component lock characterization
secure state,170,,state,V7_R5_LOCK / P0 state implementation,V7-RC-005/P0,MISSING,LOCK_TEST_SPEC,None,Safety-critical lock behavior,"Model state representation exists, but physical lock implementation and fault behavior are not validated.",Physical lock article + fault matrix + load/timing test,Critical,Component lock characterization
trigger,170,,definition,V7_R5_LOCK / P0 state implementation,V7-RC-005/P0,MISSING,LOCK_TEST_SPEC,None,Safety-critical lock behavior,"Model state representation exists, but physical lock implementation and fault behavior are not validated.",Physical lock article + fault matrix + load/timing test,Critical,Component lock characterization
threshold,170,,g/condition,V7_R5_LOCK / P0 state implementation,V7-RC-005/P0,TEST_REQUIRED,LOCK_TEST_SPEC,None,Safety-critical lock behavior,"Model state representation exists, but physical lock implementation and fault behavior are not validated.",Physical lock article + fault matrix + load/timing test,Critical,Component lock characterization
timing,170,,ms,V7_R5_LOCK / P0 state implementation,V7-RC-005/P0,TEST_REQUIRED,LOCK_TEST_SPEC,None,Safety-critical lock behavior,"Model state representation exists, but physical lock implementation and fault behavior are not validated.",Physical lock article + fault matrix + load/timing test,Critical,Component lock characterization
engagement,170,,definition,V7_R5_LOCK / P0 state implementation,V7-RC-005/P0,TEST_REQUIRED,LOCK_TEST_SPEC,None,Safety-critical lock behavior,"Model state representation exists, but physical lock implementation and fault behavior are not validated.",Physical lock article + fault matrix + load/timing test,Critical,Component lock characterization
disengagement,170,,definition,V7_R5_LOCK / P0 state implementation,V7-RC-005/P0,TEST_REQUIRED,LOCK_TEST_SPEC,None,Safety-critical lock behavior,"Model state representation exists, but physical lock implementation and fault behavior are not validated.",Physical lock article + fault matrix + load/timing test,Critical,Component lock characterization
reset,170,,definition,V7_R5_LOCK / P0 state implementation,V7-RC-005/P0,TEST_REQUIRED,LOCK_TEST_SPEC,None,Safety-critical lock behavior,"Model state representation exists, but physical lock implementation and fault behavior are not validated.",Physical lock article + fault matrix + load/timing test,Critical,Component lock characterization
fault state,170,,definition,V7_R5_LOCK / P0 state implementation,V7-RC-005/P0,MISSING,LOCK_TEST_SPEC,None,Safety-critical lock behavior,"Model state representation exists, but physical lock implementation and fault behavior are not validated.",Physical lock article + fault matrix + load/timing test,Critical,Component lock characterization
unintended release,170,,test condition,V7_R5_LOCK / P0 state implementation,V7-RC-005/P0,TEST_REQUIRED,LOCK_TEST_SPEC,None,Safety-critical lock behavior,"Model state representation exists, but physical lock implementation and fault behavior are not validated.",Physical lock article + fault matrix + load/timing test,Critical,Component lock characterization
premature release,170,,test condition,V7_R5_LOCK / P0 state implementation,V7-RC-005/P0,TEST_REQUIRED,LOCK_TEST_SPEC,None,Safety-critical lock behavior,"Model state representation exists, but physical lock implementation and fault behavior are not validated.",Physical lock article + fault matrix + load/timing test,Critical,Component lock characterization
partial engagement,170,,test condition,V7_R5_LOCK / P0 state implementation,V7-RC-005/P0,TEST_REQUIRED,LOCK_TEST_SPEC,None,Safety-critical lock behavior,"Model state representation exists, but physical lock implementation and fault behavior are not validated.",Physical lock article + fault matrix + load/timing test,Critical,Component lock characterization
jammed,170,,test condition,V7_R5_LOCK / P0 state implementation,V7-RC-005/P0,TEST_REQUIRED,LOCK_TEST_SPEC,None,Safety-critical lock behavior,"Model state representation exists, but physical lock implementation and fault behavior are not validated.",Physical lock article + fault matrix + load/timing test,Critical,Component lock characterization
strength,170,,N/N·m,V7_R5_LOCK / P0 state implementation,V7-RC-005/P0,TEST_REQUIRED,LOCK_TEST_SPEC,None,Safety-critical lock behavior,"Model state representation exists, but physical lock implementation and fault behavior are not validated.",Physical lock article + fault matrix + load/timing test,Critical,Component lock characterization
wear/cycle requirement,170,,cycles,V7_R5_LOCK / P0 state implementation,V7-RC-005/P0,TEST_REQUIRED,LOCK_TEST_SPEC,None,Safety-critical lock behavior,"Model state representation exists, but physical lock implementation and fault behavior are not validated.",Physical lock article + fault matrix + load/timing test,Critical,Component lock characterization
fail-safe path,170,,definition,V7_R5_LOCK / P0 state implementation,V7-RC-005/P0,MISSING,LOCK_TEST_SPEC,None,Safety-critical lock behavior,"Model state representation exists, but physical lock implementation and fault behavior are not validated.",Physical lock article + fault matrix + load/timing test,Critical,Component lock characterization
rebound axis,180,,vector,V7_R5_REBOUND,V7-RC-005,TEST_REQUIRED,REBOUND_TEST_SPEC,None,Rebound control,No physical characterization or validated law.,Selected mechanism + component/bench test,Critical,Rebound characterization
mechanism,180,,definition,V7_R5_REBOUND,V7-RC-005,TEST_REQUIRED,REBOUND_TEST_SPEC,None,Rebound control,No physical characterization or validated law.,Selected mechanism + component/bench test,Critical,Rebound characterization
damping,180,,N·s/m,V7_R5_REBOUND,V7-RC-005,TEST_REQUIRED,REBOUND_TEST_SPEC,None,Rebound control,No physical characterization or validated law.,Selected mechanism + component/bench test,Critical,Rebound characterization
locking,180,,definition,V7_R5_REBOUND,V7-RC-005,TEST_REQUIRED,REBOUND_TEST_SPEC,None,Rebound control,No physical characterization or validated law.,Selected mechanism + component/bench test,Critical,Rebound characterization
reverse velocity,180,,m/s,V7_R5_REBOUND,V7-RC-005,TEST_REQUIRED,REBOUND_TEST_SPEC,None,Rebound control,No physical characterization or validated law.,Selected mechanism + component/bench test,Critical,Rebound characterization
energy return,180,,J,V7_R5_REBOUND,V7-RC-005,TEST_REQUIRED,REBOUND_TEST_SPEC,None,Rebound control,No physical characterization or validated law.,Selected mechanism + component/bench test,Critical,Rebound characterization
end-stop,180,,definition,V7_R5_REBOUND,V7-RC-005,TEST_REQUIRED,REBOUND_TEST_SPEC,None,Rebound control,No physical characterization or validated law.,Selected mechanism + component/bench test,Critical,Rebound characterization
secondary excursion,180,,mm,V7_R5_REBOUND,V7-RC-005,TEST_REQUIRED,REBOUND_TEST_SPEC,None,Rebound control,No physical characterization or validated law.,Selected mechanism + component/bench test,Critical,Rebound characterization
reset,180,,definition,V7_R5_REBOUND,V7-RC-005,TEST_REQUIRED,REBOUND_TEST_SPEC,None,Rebound control,No physical characterization or validated law.,Selected mechanism + component/bench test,Critical,Rebound characterization
failure modes,180,,definition,V7_R5_REBOUND,V7-RC-005,TEST_REQUIRED,REBOUND_TEST_SPEC,None,Rebound control,No physical characterization or validated law.,Selected mechanism + component/bench test,Critical,Rebound characterization
belt anchor geometry,190/200,,mm/coordinate,V7_R5_VEHICLE + V7 disclosure,V7-RC-005/V7.0,OEM_INPUT_REQUIRED,RESTRAINT/PACKAGING_PENDING,None,Occupant restraint / guidance,Vehicle-specific anchor geometry and dynamic occupant evidence are absent.,OEM vehicle package + selected restraint/ATD + test,Critical,Controlled restraint/occupant package
restraint routing,190/200,,definition,V7_R5_VEHICLE + V7 disclosure,V7-RC-005/V7.0,OEM_INPUT_REQUIRED,RESTRAINT/PACKAGING_PENDING,None,Occupant restraint / guidance,Vehicle-specific anchor geometry and dynamic occupant evidence are absent.,OEM vehicle package + selected restraint/ATD + test,Critical,Controlled restraint/occupant package
restraint load path,190/200,,definition,V7_R5_VEHICLE + V7 disclosure,V7-RC-005/V7.0,MISSING,RESTRAINT/PACKAGING_PENDING,None,Occupant restraint / guidance,Vehicle-specific anchor geometry and dynamic occupant evidence are absent.,OEM vehicle package + selected restraint/ATD + test,Critical,Controlled restraint/occupant package
occupant guidance surface geometry,190/200,,mm,V7_R5_VEHICLE + V7 disclosure,V7-RC-005/V7.0,MISSING,RESTRAINT/PACKAGING_PENDING,None,Occupant restraint / guidance,Vehicle-specific anchor geometry and dynamic occupant evidence are absent.,OEM vehicle package + selected restraint/ATD + test,Critical,Controlled restraint/occupant package
head guidance geometry,190/200,,mm,V7_R5_VEHICLE + V7 disclosure,V7-RC-005/V7.0,MISSING,RESTRAINT/PACKAGING_PENDING,None,Occupant restraint / guidance,Vehicle-specific anchor geometry and dynamic occupant evidence are absent.,OEM vehicle package + selected restraint/ATD + test,Critical,Controlled restraint/occupant package
torso guidance geometry,190/200,,mm,V7_R5_VEHICLE + V7 disclosure,V7-RC-005/V7.0,MISSING,RESTRAINT/PACKAGING_PENDING,None,Occupant restraint / guidance,Vehicle-specific anchor geometry and dynamic occupant evidence are absent.,OEM vehicle package + selected restraint/ATD + test,Critical,Controlled restraint/occupant package
pelvis guidance geometry,190/200,,mm,V7_R5_VEHICLE + V7 disclosure,V7-RC-005/V7.0,MISSING,RESTRAINT/PACKAGING_PENDING,None,Occupant restraint / guidance,Vehicle-specific anchor geometry and dynamic occupant evidence are absent.,OEM vehicle package + selected restraint/ATD + test,Critical,Controlled restraint/occupant package
clearance,190/200,,mm,V7_R5_VEHICLE + V7 disclosure,V7-RC-005/V7.0,MISSING,RESTRAINT/PACKAGING_PENDING,None,Occupant restraint / guidance,Vehicle-specific anchor geometry and dynamic occupant evidence are absent.,OEM vehicle package + selected restraint/ATD + test,Critical,Controlled restraint/occupant package
contact pressure risk,190/200,,definition,V7_R5_VEHICLE + V7 disclosure,V7-RC-005/V7.0,MISSING,RESTRAINT/PACKAGING_PENDING,None,Occupant restraint / guidance,Vehicle-specific anchor geometry and dynamic occupant evidence are absent.,OEM vehicle package + selected restraint/ATD + test,Critical,Controlled restraint/occupant package
airbag interaction,190/200,,definition,V7_R5_VEHICLE + V7 disclosure,V7-RC-005/V7.0,OEM_INPUT_REQUIRED,RESTRAINT/PACKAGING_PENDING,None,Occupant restraint / guidance,Vehicle-specific anchor geometry and dynamic occupant evidence are absent.,OEM vehicle package + selected restraint/ATD + test,Critical,Controlled restraint/occupant package
ATD interface,190/200,,definition,V7_R5_VEHICLE + V7 disclosure,V7-RC-005/V7.0,OEM_INPUT_REQUIRED,RESTRAINT/PACKAGING_PENDING,None,Occupant restraint / guidance,Vehicle-specific anchor geometry and dynamic occupant evidence are absent.,OEM vehicle package + selected restraint/ATD + test,Critical,Controlled restraint/occupant package
dynamic restraint evidence,190/200,,test result,V7_R5_VEHICLE + V7 disclosure,V7-RC-005/V7.0,MISSING,RESTRAINT/PACKAGING_PENDING,None,Occupant restraint / guidance,Vehicle-specific anchor geometry and dynamic occupant evidence are absent.,OEM vehicle package + selected restraint/ATD + test,Critical,Controlled restraint/occupant package
critical PMI/GD&T feature set,100,rail/base mounting faces; cross-member interfaces,features,V7_PMI_GDT,V7-RC-001,PARTIAL,ENGINEERING_DEFINED_NOT_RELEASED,High,Critical feature control,"Critical feature names exist, but released nominal/tolerance/datum/GD&T/inspection data are absent.",Released drawing/PMI + process capability + measurement plan,Critical,Released PMI/GD&T package
tolerance definition,100,TO_BE_DEFINED_BY_PROCESS_CAPABILITY / SOURCE DRAWING,definition,V7_PMI_GDT,V7-RC-001,MISSING,TOLERANCE_TBD,High,Functional stack control,Tolerance is TBD by process capability/source drawing/functional stack/test.,Released drawing + stack analysis,Critical,Controlled tolerance stack
critical PMI/GD&T feature set,110L/110R,rail axis; rail spacing; guide surfaces; parallelism,features,V7_PMI_GDT,V7-RC-001,PARTIAL,ENGINEERING_DEFINED_NOT_RELEASED,High,Critical feature control,"Critical feature names exist, but released nominal/tolerance/datum/GD&T/inspection data are absent.",Released drawing/PMI + process capability + measurement plan,Critical,Released PMI/GD&T package
tolerance definition,110L/110R,TO_BE_DEFINED_BY FUNCTIONAL STACK-UP,definition,V7_PMI_GDT,V7-RC-001,MISSING,TOLERANCE_TBD,High,Functional stack control,Tolerance is TBD by process capability/source drawing/functional stack/test.,Released drawing + stack analysis,Critical,Controlled tolerance stack
critical PMI/GD&T feature set,120,runner interface; absorber clevis; carriage datum,features,V7_PMI_GDT,V7-RC-001,PARTIAL,ENGINEERING_DEFINED_NOT_RELEASED,High,Critical feature control,"Critical feature names exist, but released nominal/tolerance/datum/GD&T/inspection data are absent.",Released drawing/PMI + process capability + measurement plan,Critical,Released PMI/GD&T package
tolerance definition,120,TO_BE_DEFINED_BY FUNCTIONAL STACK-UP,definition,V7_PMI_GDT,V7-RC-001,MISSING,TOLERANCE_TBD,High,Functional stack control,Tolerance is TBD by process capability/source drawing/functional stack/test.,Released drawing + stack analysis,Critical,Controlled tolerance stack
critical PMI/GD&T feature set,150L/150R,pivot axes; link length; attachment centres,features,V7_PMI_GDT,V7-RC-001,PARTIAL,ENGINEERING_DEFINED_NOT_RELEASED,High,Critical feature control,"Critical feature names exist, but released nominal/tolerance/datum/GD&T/inspection data are absent.",Released drawing/PMI + process capability + measurement plan,Critical,Released PMI/GD&T package
tolerance definition,150L/150R,TO_BE_DEFINED_BY JOINT STACK,definition,V7_PMI_GDT,V7-RC-001,MISSING,TOLERANCE_TBD,High,Functional stack control,Tolerance is TBD by process capability/source drawing/functional stack/test.,Released drawing + stack analysis,Critical,Controlled tolerance stack
critical PMI/GD&T feature set,160/J,hinge axis; bracket alignment; rotation stops,features,V7_PMI_GDT,V7-RC-001,PARTIAL,ENGINEERING_DEFINED_NOT_RELEASED,High,Critical feature control,"Critical feature names exist, but released nominal/tolerance/datum/GD&T/inspection data are absent.",Released drawing/PMI + process capability + measurement plan,Critical,Released PMI/GD&T package
tolerance definition,160/J,TO_BE_DEFINED_BY FUNCTIONAL STACK-UP,definition,V7_PMI_GDT,V7-RC-001,MISSING,TOLERANCE_TBD,High,Functional stack control,Tolerance is TBD by process capability/source drawing/functional stack/test.,Released drawing + stack analysis,Critical,Controlled tolerance stack
critical PMI/GD&T feature set,170,capture face; pin/pawl interface; release path,features,V7_PMI_GDT,V7-RC-001,PARTIAL,ENGINEERING_DEFINED_NOT_RELEASED,High,Critical feature control,"Critical feature names exist, but released nominal/tolerance/datum/GD&T/inspection data are absent.",Released drawing/PMI + process capability + measurement plan,Critical,Released PMI/GD&T package
tolerance definition,170,TO_BE_DEFINED_BY LOCK TEST,definition,V7_PMI_GDT,V7-RC-001,MISSING,TOLERANCE_TBD,High,Functional stack control,Tolerance is TBD by process capability/source drawing/functional stack/test.,Released drawing + stack analysis,Critical,Controlled tolerance stack
critical PMI/GD&T feature set,180,reverse-motion axis; mount interfaces; stop interface,features,V7_PMI_GDT,V7-RC-001,PARTIAL,ENGINEERING_DEFINED_NOT_RELEASED,High,Critical feature control,"Critical feature names exist, but released nominal/tolerance/datum/GD&T/inspection data are absent.",Released drawing/PMI + process capability + measurement plan,Critical,Released PMI/GD&T package
tolerance definition,180,TO_BE_DEFINED_BY REBOUND TEST,definition,V7_PMI_GDT,V7-RC-001,MISSING,TOLERANCE_TBD,High,Functional stack control,Tolerance is TBD by process capability/source drawing/functional stack/test.,Released drawing + stack analysis,Critical,Controlled tolerance stack
critical PMI/GD&T feature set,210,sensor mount planes/holes,features,V7_PMI_GDT,V7-RC-001,PARTIAL,ENGINEERING_DEFINED_NOT_RELEASED,High,Critical feature control,"Critical feature names exist, but released nominal/tolerance/datum/GD&T/inspection data are absent.",Released drawing/PMI + process capability + measurement plan,Critical,Released PMI/GD&T package
tolerance definition,210,TO_BE_DEFINED_BY INSTRUMENTATION,definition,V7_PMI_GDT,V7-RC-001,MISSING,TOLERANCE_TBD,High,Functional stack control,Tolerance is TBD by process capability/source drawing/functional stack/test.,Released drawing + stack analysis,Critical,Controlled tolerance stack
nominal geometry,100–210/J,,mm / deg / method,V7_PMI_GDT + current engineering definitions,V7-RC-001/005,MISSING,RELEASE_NOT_ESTABLISHED,None,Manufacturing definition,No released production drawing/PMI/GD&T package.,Engineering drawing + inspection plan,Critical,Released drawing/inspection specification
linear tolerance,100–210/J,,mm / deg / method,V7_PMI_GDT + current engineering definitions,V7-RC-001/005,MISSING,RELEASE_NOT_ESTABLISHED,None,Manufacturing definition,No released production drawing/PMI/GD&T package.,Engineering drawing + inspection plan,Critical,Released drawing/inspection specification
angular tolerance,100–210/J,,mm / deg / method,V7_PMI_GDT + current engineering definitions,V7-RC-001/005,MISSING,RELEASE_NOT_ESTABLISHED,None,Manufacturing definition,No released production drawing/PMI/GD&T package.,Engineering drawing + inspection plan,Critical,Released drawing/inspection specification
primary datum,100–210/J,,mm / deg / method,V7_PMI_GDT + current engineering definitions,V7-RC-001/005,MISSING,RELEASE_NOT_ESTABLISHED,None,Manufacturing definition,No released production drawing/PMI/GD&T package.,Engineering drawing + inspection plan,Critical,Released drawing/inspection specification
secondary datum,100–210/J,,mm / deg / method,V7_PMI_GDT + current engineering definitions,V7-RC-001/005,MISSING,RELEASE_NOT_ESTABLISHED,None,Manufacturing definition,No released production drawing/PMI/GD&T package.,Engineering drawing + inspection plan,Critical,Released drawing/inspection specification
tertiary datum,100–210/J,,mm / deg / method,V7_PMI_GDT + current engineering definitions,V7-RC-001/005,MISSING,RELEASE_NOT_ESTABLISHED,None,Manufacturing definition,No released production drawing/PMI/GD&T package.,Engineering drawing + inspection plan,Critical,Released drawing/inspection specification
functional stack,100–210/J,,mm / deg / method,V7_PMI_GDT + current engineering definitions,V7-RC-001/005,MISSING,RELEASE_NOT_ESTABLISHED,None,Manufacturing definition,No released production drawing/PMI/GD&T package.,Engineering drawing + inspection plan,Critical,Released drawing/inspection specification
joint stack,100–210/J,,mm / deg / method,V7_PMI_GDT + current engineering definitions,V7-RC-001/005,MISSING,RELEASE_NOT_ESTABLISHED,None,Manufacturing definition,No released production drawing/PMI/GD&T package.,Engineering drawing + inspection plan,Critical,Released drawing/inspection specification
inspection method,100–210/J,,mm / deg / method,V7_PMI_GDT + current engineering definitions,V7-RC-001/005,MISSING,RELEASE_NOT_ESTABLISHED,None,Manufacturing definition,No released production drawing/PMI/GD&T package.,Engineering drawing + inspection plan,Critical,Released drawing/inspection specification
measurement uncertainty,100–210/J,,mm / deg / method,V7_PMI_GDT + current engineering definitions,V7-RC-001/005,MISSING,RELEASE_NOT_ESTABLISHED,None,Manufacturing definition,No released production drawing/PMI/GD&T package.,Engineering drawing + inspection plan,Critical,Released drawing/inspection specification
acceptance criterion,100–210/J,,mm / deg / method,V7_PMI_GDT + current engineering definitions,V7-RC-001/005,MISSING,RELEASE_NOT_ESTABLISHED,None,Manufacturing definition,No released production drawing/PMI/GD&T package.,Engineering drawing + inspection plan,Critical,Released drawing/inspection specification
Legacy general linear tolerance concept,SYSTEM,±0.5,mm,V7_R0_PACKAGE,V7-R0,DESIGN_ASSUMPTION,Concept-only tolerance,Medium,Concept dimensional control,Explicitly not production tolerance; cannot be used for release.,Controlled functional stack + process capability,Critical,Released tolerance scheme
Legacy general angular tolerance concept,SYSTEM,±0.5,deg,V7_R0_PACKAGE,V7-R0,DESIGN_ASSUMPTION,Concept-only tolerance,Medium,Concept dimensional control,Explicitly not production tolerance; cannot be used for release.,Controlled functional stack + process capability,Critical,Released tolerance scheme
manufacturing process,100,,definition,V7_R5_DFM,V7-RC-005,MISSING,DFM_DFA_DEFINITION,Medium,Manufacturing/assembly feasibility,Process/tooling/joining/inspection release remains incomplete.,Released drawing + process planning + supplier capability,Critical,Controlled prototype/production process plan
forming,100,,definition,V7_R5_DFM,V7-RC-005,MISSING,DFM_DFA_DEFINITION,Medium,Manufacturing/assembly feasibility,Process/tooling/joining/inspection release remains incomplete.,Released drawing + process planning + supplier capability,Critical,Controlled prototype/production process plan
machining,100,,definition,V7_R5_DFM,V7-RC-005,MISSING,DFM_DFA_DEFINITION,Medium,Manufacturing/assembly feasibility,Process/tooling/joining/inspection release remains incomplete.,Released drawing + process planning + supplier capability,Critical,Controlled prototype/production process plan
stamping,100,,definition,V7_R5_DFM,V7-RC-005,MISSING,DFM_DFA_DEFINITION,Medium,Manufacturing/assembly feasibility,Process/tooling/joining/inspection release remains incomplete.,Released drawing + process planning + supplier capability,Critical,Controlled prototype/production process plan
welding,100,,definition,V7_R5_DFM,V7-RC-005,MISSING,DFM_DFA_DEFINITION,Medium,Manufacturing/assembly feasibility,Process/tooling/joining/inspection release remains incomplete.,Released drawing + process planning + supplier capability,Critical,Controlled prototype/production process plan
joining,100,,definition,V7_R5_DFM,V7-RC-005,MISSING,DFM_DFA_DEFINITION,Medium,Manufacturing/assembly feasibility,Process/tooling/joining/inspection release remains incomplete.,Released drawing + process planning + supplier capability,Critical,Controlled prototype/production process plan
casting,100,,definition,V7_R5_DFM,V7-RC-005,MISSING,DFM_DFA_DEFINITION,Medium,Manufacturing/assembly feasibility,Process/tooling/joining/inspection release remains incomplete.,Released drawing + process planning + supplier capability,Critical,Controlled prototype/production process plan
molding,100,,definition,V7_R5_DFM,V7-RC-005,MISSING,DFM_DFA_DEFINITION,Medium,Manufacturing/assembly feasibility,Process/tooling/joining/inspection release remains incomplete.,Released drawing + process planning + supplier capability,Critical,Controlled prototype/production process plan
coating,100,,definition,V7_R5_DFM,V7-RC-005,MISSING,DFM_DFA_DEFINITION,Medium,Manufacturing/assembly feasibility,Process/tooling/joining/inspection release remains incomplete.,Released drawing + process planning + supplier capability,Critical,Controlled prototype/production process plan
heat treatment,100,,definition,V7_R5_DFM,V7-RC-005,MISSING,DFM_DFA_DEFINITION,Medium,Manufacturing/assembly feasibility,Process/tooling/joining/inspection release remains incomplete.,Released drawing + process planning + supplier capability,Critical,Controlled prototype/production process plan
assembly sequence,100,,definition,V7_R5_DFM,V7-RC-005,MISSING,DFM_DFA_DEFINITION,Medium,Manufacturing/assembly feasibility,Process/tooling/joining/inspection release remains incomplete.,Released drawing + process planning + supplier capability,Critical,Controlled prototype/production process plan
tooling access,100,,definition,V7_R5_DFM,V7-RC-005,MISSING,DFM_DFA_DEFINITION,Medium,Manufacturing/assembly feasibility,Process/tooling/joining/inspection release remains incomplete.,Released drawing + process planning + supplier capability,Critical,Controlled prototype/production process plan
inspection access,100,,definition,V7_R5_DFM,V7-RC-005,MISSING,DFM_DFA_DEFINITION,Medium,Manufacturing/assembly feasibility,Process/tooling/joining/inspection release remains incomplete.,Released drawing + process planning + supplier capability,Critical,Controlled prototype/production process plan
service access,100,,definition,V7_R5_DFM,V7-RC-005,MISSING,DFM_DFA_DEFINITION,Medium,Manufacturing/assembly feasibility,Process/tooling/joining/inspection release remains incomplete.,Released drawing + process planning + supplier capability,Critical,Controlled prototype/production process plan
replaceability,100,,definition,V7_R5_DFM,V7-RC-005,MISSING,DFM_DFA_DEFINITION,Medium,Manufacturing/assembly feasibility,Process/tooling/joining/inspection release remains incomplete.,Released drawing + process planning + supplier capability,Critical,Controlled prototype/production process plan
tolerance capability,100,,definition,V7_R5_DFM,V7-RC-005,MISSING,DFM_DFA_DEFINITION,Medium,Manufacturing/assembly feasibility,Process/tooling/joining/inspection release remains incomplete.,Released drawing + process planning + supplier capability,Critical,Controlled prototype/production process plan
production control,100,,definition,V7_R5_DFM,V7-RC-005,MISSING,DFM_DFA_DEFINITION,Medium,Manufacturing/assembly feasibility,Process/tooling/joining/inspection release remains incomplete.,Released drawing + process planning + supplier capability,Critical,Controlled prototype/production process plan
manufacturing process,110L,,definition,V7_R5_DFM,V7-RC-005,MISSING,DFM_DFA_DEFINITION,Medium,Manufacturing/assembly feasibility,Process/tooling/joining/inspection release remains incomplete.,Released drawing + process planning + supplier capability,Critical,Controlled prototype/production process plan
forming,110L,,definition,V7_R5_DFM,V7-RC-005,MISSING,DFM_DFA_DEFINITION,Medium,Manufacturing/assembly feasibility,Process/tooling/joining/inspection release remains incomplete.,Released drawing + process planning + supplier capability,Critical,Controlled prototype/production process plan
machining,110L,,definition,V7_R5_DFM,V7-RC-005,MISSING,DFM_DFA_DEFINITION,Medium,Manufacturing/assembly feasibility,Process/tooling/joining/inspection release remains incomplete.,Released drawing + process planning + supplier capability,Critical,Controlled prototype/production process plan
stamping,110L,,definition,V7_R5_DFM,V7-RC-005,MISSING,DFM_DFA_DEFINITION,Medium,Manufacturing/assembly feasibility,Process/tooling/joining/inspection release remains incomplete.,Released drawing + process planning + supplier capability,Critical,Controlled prototype/production process plan
welding,110L,,definition,V7_R5_DFM,V7-RC-005,MISSING,DFM_DFA_DEFINITION,Medium,Manufacturing/assembly feasibility,Process/tooling/joining/inspection release remains incomplete.,Released drawing + process planning + supplier capability,Critical,Controlled prototype/production process plan
joining,110L,,definition,V7_R5_DFM,V7-RC-005,MISSING,DFM_DFA_DEFINITION,Medium,Manufacturing/assembly feasibility,Process/tooling/joining/inspection release remains incomplete.,Released drawing + process planning + supplier capability,Critical,Controlled prototype/production process plan
casting,110L,,definition,V7_R5_DFM,V7-RC-005,MISSING,DFM_DFA_DEFINITION,Medium,Manufacturing/assembly feasibility,Process/tooling/joining/inspection release remains incomplete.,Released drawing + process planning + supplier capability,Critical,Controlled prototype/production process plan
molding,110L,,definition,V7_R5_DFM,V7-RC-005,MISSING,DFM_DFA_DEFINITION,Medium,Manufacturing/assembly feasibility,Process/tooling/joining/inspection release remains incomplete.,Released drawing + process planning + supplier capability,Critical,Controlled prototype/production process plan
coating,110L,,definition,V7_R5_DFM,V7-RC-005,MISSING,DFM_DFA_DEFINITION,Medium,Manufacturing/assembly feasibility,Process/tooling/joining/inspection release remains incomplete.,Released drawing + process planning + supplier capability,Critical,Controlled prototype/production process plan
heat treatment,110L,,definition,V7_R5_DFM,V7-RC-005,MISSING,DFM_DFA_DEFINITION,Medium,Manufacturing/assembly feasibility,Process/tooling/joining/inspection release remains incomplete.,Released drawing + process planning + supplier capability,Critical,Controlled prototype/production process plan
assembly sequence,110L,,definition,V7_R5_DFM,V7-RC-005,MISSING,DFM_DFA_DEFINITION,Medium,Manufacturing/assembly feasibility,Process/tooling/joining/inspection release remains incomplete.,Released drawing + process planning + supplier capability,Critical,Controlled prototype/production process plan
tooling access,110L,,definition,V7_R5_DFM,V7-RC-005,MISSING,DFM_DFA_DEFINITION,Medium,Manufacturing/assembly feasibility,Process/tooling/joining/inspection release remains incomplete.,Released drawing + process planning + supplier capability,Critical,Controlled prototype/production process plan
inspection access,110L,,definition,V7_R5_DFM,V7-RC-005,MISSING,DFM_DFA_DEFINITION,Medium,Manufacturing/assembly feasibility,Process/tooling/joining/inspection release remains incomplete.,Released drawing + process planning + supplier capability,Critical,Controlled prototype/production process plan
service access,110L,,definition,V7_R5_DFM,V7-RC-005,MISSING,DFM_DFA_DEFINITION,Medium,Manufacturing/assembly feasibility,Process/tooling/joining/inspection release remains incomplete.,Released drawing + process planning + supplier capability,Critical,Controlled prototype/production process plan
replaceability,110L,,definition,V7_R5_DFM,V7-RC-005,MISSING,DFM_DFA_DEFINITION,Medium,Manufacturing/assembly feasibility,Process/tooling/joining/inspection release remains incomplete.,Released drawing + process planning + supplier capability,Critical,Controlled prototype/production process plan
tolerance capability,110L,,definition,V7_R5_DFM,V7-RC-005,MISSING,DFM_DFA_DEFINITION,Medium,Manufacturing/assembly feasibility,Process/tooling/joining/inspection release remains incomplete.,Released drawing + process planning + supplier capability,Critical,Controlled prototype/production process plan
production control,110L,,definition,V7_R5_DFM,V7-RC-005,MISSING,DFM_DFA_DEFINITION,Medium,Manufacturing/assembly feasibility,Process/tooling/joining/inspection release remains incomplete.,Released drawing + process planning + supplier capability,Critical,Controlled prototype/production process plan
manufacturing process,110R,,definition,V7_R5_DFM,V7-RC-005,MISSING,DFM_DFA_DEFINITION,Medium,Manufacturing/assembly feasibility,Process/tooling/joining/inspection release remains incomplete.,Released drawing + process planning + supplier capability,Critical,Controlled prototype/production process plan
forming,110R,,definition,V7_R5_DFM,V7-RC-005,MISSING,DFM_DFA_DEFINITION,Medium,Manufacturing/assembly feasibility,Process/tooling/joining/inspection release remains incomplete.,Released drawing + process planning + supplier capability,Critical,Controlled prototype/production process plan
machining,110R,,definition,V7_R5_DFM,V7-RC-005,MISSING,DFM_DFA_DEFINITION,Medium,Manufacturing/assembly feasibility,Process/tooling/joining/inspection release remains incomplete.,Released drawing + process planning + supplier capability,Critical,Controlled prototype/production process plan
stamping,110R,,definition,V7_R5_DFM,V7-RC-005,MISSING,DFM_DFA_DEFINITION,Medium,Manufacturing/assembly feasibility,Process/tooling/joining/inspection release remains incomplete.,Released drawing + process planning + supplier capability,Critical,Controlled prototype/production process plan
welding,110R,,definition,V7_R5_DFM,V7-RC-005,MISSING,DFM_DFA_DEFINITION,Medium,Manufacturing/assembly feasibility,Process/tooling/joining/inspection release remains incomplete.,Released drawing + process planning + supplier capability,Critical,Controlled prototype/production process plan
joining,110R,,definition,V7_R5_DFM,V7-RC-005,MISSING,DFM_DFA_DEFINITION,Medium,Manufacturing/assembly feasibility,Process/tooling/joining/inspection release remains incomplete.,Released drawing + process planning + supplier capability,Critical,Controlled prototype/production process plan
casting,110R,,definition,V7_R5_DFM,V7-RC-005,MISSING,DFM_DFA_DEFINITION,Medium,Manufacturing/assembly feasibility,Process/tooling/joining/inspection release remains incomplete.,Released drawing + process planning + supplier capability,Critical,Controlled prototype/production process plan
molding,110R,,definition,V7_R5_DFM,V7-RC-005,MISSING,DFM_DFA_DEFINITION,Medium,Manufacturing/assembly feasibility,Process/tooling/joining/inspection release remains incomplete.,Released drawing + process planning + supplier capability,Critical,Controlled prototype/production process plan
coating,110R,,definition,V7_R5_DFM,V7-RC-005,MISSING,DFM_DFA_DEFINITION,Medium,Manufacturing/assembly feasibility,Process/tooling/joining/inspection release remains incomplete.,Released drawing + process planning + supplier capability,Critical,Controlled prototype/production process plan
heat treatment,110R,,definition,V7_R5_DFM,V7-RC-005,MISSING,DFM_DFA_DEFINITION,Medium,Manufacturing/assembly feasibility,Process/tooling/joining/inspection release remains incomplete.,Released drawing + process planning + supplier capability,Critical,Controlled prototype/production process plan
assembly sequence,110R,,definition,V7_R5_DFM,V7-RC-005,MISSING,DFM_DFA_DEFINITION,Medium,Manufacturing/assembly feasibility,Process/tooling/joining/inspection release remains incomplete.,Released drawing + process planning + supplier capability,Critical,Controlled prototype/production process plan
tooling access,110R,,definition,V7_R5_DFM,V7-RC-005,MISSING,DFM_DFA_DEFINITION,Medium,Manufacturing/assembly feasibility,Process/tooling/joining/inspection release remains incomplete.,Released drawing + process planning + supplier capability,Critical,Controlled prototype/production process plan
inspection access,110R,,definition,V7_R5_DFM,V7-RC-005,MISSING,DFM_DFA_DEFINITION,Medium,Manufacturing/assembly feasibility,Process/tooling/joining/inspection release remains incomplete.,Released drawing + process planning + supplier capability,Critical,Controlled prototype/production process plan
service access,110R,,definition,V7_R5_DFM,V7-RC-005,MISSING,DFM_DFA_DEFINITION,Medium,Manufacturing/assembly feasibility,Process/tooling/joining/inspection release remains incomplete.,Released drawing + process planning + supplier capability,Critical,Controlled prototype/production process plan
replaceability,110R,,definition,V7_R5_DFM,V7-RC-005,MISSING,DFM_DFA_DEFINITION,Medium,Manufacturing/assembly feasibility,Process/tooling/joining/inspection release remains incomplete.,Released drawing + process planning + supplier capability,Critical,Controlled prototype/production process plan
tolerance capability,110R,,definition,V7_R5_DFM,V7-RC-005,MISSING,DFM_DFA_DEFINITION,Medium,Manufacturing/assembly feasibility,Process/tooling/joining/inspection release remains incomplete.,Released drawing + process planning + supplier capability,Critical,Controlled prototype/production process plan
production control,110R,,definition,V7_R5_DFM,V7-RC-005,MISSING,DFM_DFA_DEFINITION,Medium,Manufacturing/assembly feasibility,Process/tooling/joining/inspection release remains incomplete.,Released drawing + process planning + supplier capability,Critical,Controlled prototype/production process plan
manufacturing process,120,,definition,V7_R5_DFM,V7-RC-005,MISSING,DFM_DFA_DEFINITION,Medium,Manufacturing/assembly feasibility,Process/tooling/joining/inspection release remains incomplete.,Released drawing + process planning + supplier capability,Critical,Controlled prototype/production process plan
forming,120,,definition,V7_R5_DFM,V7-RC-005,MISSING,DFM_DFA_DEFINITION,Medium,Manufacturing/assembly feasibility,Process/tooling/joining/inspection release remains incomplete.,Released drawing + process planning + supplier capability,Critical,Controlled prototype/production process plan
machining,120,,definition,V7_R5_DFM,V7-RC-005,MISSING,DFM_DFA_DEFINITION,Medium,Manufacturing/assembly feasibility,Process/tooling/joining/inspection release remains incomplete.,Released drawing + process planning + supplier capability,Critical,Controlled prototype/production process plan
stamping,120,,definition,V7_R5_DFM,V7-RC-005,MISSING,DFM_DFA_DEFINITION,Medium,Manufacturing/assembly feasibility,Process/tooling/joining/inspection release remains incomplete.,Released drawing + process planning + supplier capability,Critical,Controlled prototype/production process plan
welding,120,,definition,V7_R5_DFM,V7-RC-005,MISSING,DFM_DFA_DEFINITION,Medium,Manufacturing/assembly feasibility,Process/tooling/joining/inspection release remains incomplete.,Released drawing + process planning + supplier capability,Critical,Controlled prototype/production process plan
joining,120,,definition,V7_R5_DFM,V7-RC-005,MISSING,DFM_DFA_DEFINITION,Medium,Manufacturing/assembly feasibility,Process/tooling/joining/inspection release remains incomplete.,Released drawing + process planning + supplier capability,Critical,Controlled prototype/production process plan
casting,120,,definition,V7_R5_DFM,V7-RC-005,MISSING,DFM_DFA_DEFINITION,Medium,Manufacturing/assembly feasibility,Process/tooling/joining/inspection release remains incomplete.,Released drawing + process planning + supplier capability,Critical,Controlled prototype/production process plan
molding,120,,definition,V7_R5_DFM,V7-RC-005,MISSING,DFM_DFA_DEFINITION,Medium,Manufacturing/assembly feasibility,Process/tooling/joining/inspection release remains incomplete.,Released drawing + process planning + supplier capability,Critical,Controlled prototype/production process plan
coating,120,,definition,V7_R5_DFM,V7-RC-005,MISSING,DFM_DFA_DEFINITION,Medium,Manufacturing/assembly feasibility,Process/tooling/joining/inspection release remains incomplete.,Released drawing + process planning + supplier capability,Critical,Controlled prototype/production process plan
heat treatment,120,,definition,V7_R5_DFM,V7-RC-005,MISSING,DFM_DFA_DEFINITION,Medium,Manufacturing/assembly feasibility,Process/tooling/joining/inspection release remains incomplete.,Released drawing + process planning + supplier capability,Critical,Controlled prototype/production process plan
assembly sequence,120,,definition,V7_R5_DFM,V7-RC-005,MISSING,DFM_DFA_DEFINITION,Medium,Manufacturing/assembly feasibility,Process/tooling/joining/inspection release remains incomplete.,Released drawing + process planning + supplier capability,Critical,Controlled prototype/production process plan
tooling access,120,,definition,V7_R5_DFM,V7-RC-005,MISSING,DFM_DFA_DEFINITION,Medium,Manufacturing/assembly feasibility,Process/tooling/joining/inspection release remains incomplete.,Released drawing + process planning + supplier capability,Critical,Controlled prototype/production process plan
inspection access,120,,definition,V7_R5_DFM,V7-RC-005,MISSING,DFM_DFA_DEFINITION,Medium,Manufacturing/assembly feasibility,Process/tooling/joining/inspection release remains incomplete.,Released drawing + process planning + supplier capability,Critical,Controlled prototype/production process plan
service access,120,,definition,V7_R5_DFM,V7-RC-005,MISSING,DFM_DFA_DEFINITION,Medium,Manufacturing/assembly feasibility,Process/tooling/joining/inspection release remains incomplete.,Released drawing + process planning + supplier capability,Critical,Controlled prototype/production process plan
replaceability,120,,definition,V7_R5_DFM,V7-RC-005,MISSING,DFM_DFA_DEFINITION,Medium,Manufacturing/assembly feasibility,Process/tooling/joining/inspection release remains incomplete.,Released drawing + process planning + supplier capability,Critical,Controlled prototype/production process plan
tolerance capability,120,,definition,V7_R5_DFM,V7-RC-005,MISSING,DFM_DFA_DEFINITION,Medium,Manufacturing/assembly feasibility,Process/tooling/joining/inspection release remains incomplete.,Released drawing + process planning + supplier capability,Critical,Controlled prototype/production process plan
production control,120,,definition,V7_R5_DFM,V7-RC-005,MISSING,DFM_DFA_DEFINITION,Medium,Manufacturing/assembly feasibility,Process/tooling/joining/inspection release remains incomplete.,Released drawing + process planning + supplier capability,Critical,Controlled prototype/production process plan
manufacturing process,130L,,definition,V7_R5_DFM,V7-RC-005,MISSING,DFM_DFA_DEFINITION,Medium,Manufacturing/assembly feasibility,Process/tooling/joining/inspection release remains incomplete.,Released drawing + process planning + supplier capability,Critical,Controlled prototype/production process plan
forming,130L,,definition,V7_R5_DFM,V7-RC-005,MISSING,DFM_DFA_DEFINITION,Medium,Manufacturing/assembly feasibility,Process/tooling/joining/inspection release remains incomplete.,Released drawing + process planning + supplier capability,Critical,Controlled prototype/production process plan
machining,130L,,definition,V7_R5_DFM,V7-RC-005,MISSING,DFM_DFA_DEFINITION,Medium,Manufacturing/assembly feasibility,Process/tooling/joining/inspection release remains incomplete.,Released drawing + process planning + supplier capability,Critical,Controlled prototype/production process plan
stamping,130L,,definition,V7_R5_DFM,V7-RC-005,MISSING,DFM_DFA_DEFINITION,Medium,Manufacturing/assembly feasibility,Process/tooling/joining/inspection release remains incomplete.,Released drawing + process planning + supplier capability,Critical,Controlled prototype/production process plan
welding,130L,,definition,V7_R5_DFM,V7-RC-005,MISSING,DFM_DFA_DEFINITION,Medium,Manufacturing/assembly feasibility,Process/tooling/joining/inspection release remains incomplete.,Released drawing + process planning + supplier capability,Critical,Controlled prototype/production process plan
joining,130L,,definition,V7_R5_DFM,V7-RC-005,MISSING,DFM_DFA_DEFINITION,Medium,Manufacturing/assembly feasibility,Process/tooling/joining/inspection release remains incomplete.,Released drawing + process planning + supplier capability,Critical,Controlled prototype/production process plan
casting,130L,,definition,V7_R5_DFM,V7-RC-005,MISSING,DFM_DFA_DEFINITION,Medium,Manufacturing/assembly feasibility,Process/tooling/joining/inspection release remains incomplete.,Released drawing + process planning + supplier capability,Critical,Controlled prototype/production process plan
molding,130L,,definition,V7_R5_DFM,V7-RC-005,MISSING,DFM_DFA_DEFINITION,Medium,Manufacturing/assembly feasibility,Process/tooling/joining/inspection release remains incomplete.,Released drawing + process planning + supplier capability,Critical,Controlled prototype/production process plan
coating,130L,,definition,V7_R5_DFM,V7-RC-005,MISSING,DFM_DFA_DEFINITION,Medium,Manufacturing/assembly feasibility,Process/tooling/joining/inspection release remains incomplete.,Released drawing + process planning + supplier capability,Critical,Controlled prototype/production process plan
heat treatment,130L,,definition,V7_R5_DFM,V7-RC-005,MISSING,DFM_DFA_DEFINITION,Medium,Manufacturing/assembly feasibility,Process/tooling/joining/inspection release remains incomplete.,Released drawing + process planning + supplier capability,Critical,Controlled prototype/production process plan
assembly sequence,130L,,definition,V7_R5_DFM,V7-RC-005,MISSING,DFM_DFA_DEFINITION,Medium,Manufacturing/assembly feasibility,Process/tooling/joining/inspection release remains incomplete.,Released drawing + process planning + supplier capability,Critical,Controlled prototype/production process plan
tooling access,130L,,definition,V7_R5_DFM,V7-RC-005,MISSING,DFM_DFA_DEFINITION,Medium,Manufacturing/assembly feasibility,Process/tooling/joining/inspection release remains incomplete.,Released drawing + process planning + supplier capability,Critical,Controlled prototype/production process plan
inspection access,130L,,definition,V7_R5_DFM,V7-RC-005,MISSING,DFM_DFA_DEFINITION,Medium,Manufacturing/assembly feasibility,Process/tooling/joining/inspection release remains incomplete.,Released drawing + process planning + supplier capability,Critical,Controlled prototype/production process plan
service access,130L,,definition,V7_R5_DFM,V7-RC-005,MISSING,DFM_DFA_DEFINITION,Medium,Manufacturing/assembly feasibility,Process/tooling/joining/inspection release remains incomplete.,Released drawing + process planning + supplier capability,Critical,Controlled prototype/production process plan
replaceability,130L,,definition,V7_R5_DFM,V7-RC-005,MISSING,DFM_DFA_DEFINITION,Medium,Manufacturing/assembly feasibility,Process/tooling/joining/inspection release remains incomplete.,Released drawing + process planning + supplier capability,Critical,Controlled prototype/production process plan
tolerance capability,130L,,definition,V7_R5_DFM,V7-RC-005,MISSING,DFM_DFA_DEFINITION,Medium,Manufacturing/assembly feasibility,Process/tooling/joining/inspection release remains incomplete.,Released drawing + process planning + supplier capability,Critical,Controlled prototype/production process plan
production control,130L,,definition,V7_R5_DFM,V7-RC-005,MISSING,DFM_DFA_DEFINITION,Medium,Manufacturing/assembly feasibility,Process/tooling/joining/inspection release remains incomplete.,Released drawing + process planning + supplier capability,Critical,Controlled prototype/production process plan
manufacturing process,130R,,definition,V7_R5_DFM,V7-RC-005,MISSING,DFM_DFA_DEFINITION,Medium,Manufacturing/assembly feasibility,Process/tooling/joining/inspection release remains incomplete.,Released drawing + process planning + supplier capability,Critical,Controlled prototype/production process plan
forming,130R,,definition,V7_R5_DFM,V7-RC-005,MISSING,DFM_DFA_DEFINITION,Medium,Manufacturing/assembly feasibility,Process/tooling/joining/inspection release remains incomplete.,Released drawing + process planning + supplier capability,Critical,Controlled prototype/production process plan
machining,130R,,definition,V7_R5_DFM,V7-RC-005,MISSING,DFM_DFA_DEFINITION,Medium,Manufacturing/assembly feasibility,Process/tooling/joining/inspection release remains incomplete.,Released drawing + process planning + supplier capability,Critical,Controlled prototype/production process plan
stamping,130R,,definition,V7_R5_DFM,V7-RC-005,MISSING,DFM_DFA_DEFINITION,Medium,Manufacturing/assembly feasibility,Process/tooling/joining/inspection release remains incomplete.,Released drawing + process planning + supplier capability,Critical,Controlled prototype/production process plan
welding,130R,,definition,V7_R5_DFM,V7-RC-005,MISSING,DFM_DFA_DEFINITION,Medium,Manufacturing/assembly feasibility,Process/tooling/joining/inspection release remains incomplete.,Released drawing + process planning + supplier capability,Critical,Controlled prototype/production process plan
joining,130R,,definition,V7_R5_DFM,V7-RC-005,MISSING,DFM_DFA_DEFINITION,Medium,Manufacturing/assembly feasibility,Process/tooling/joining/inspection release remains incomplete.,Released drawing + process planning + supplier capability,Critical,Controlled prototype/production process plan
casting,130R,,definition,V7_R5_DFM,V7-RC-005,MISSING,DFM_DFA_DEFINITION,Medium,Manufacturing/assembly feasibility,Process/tooling/joining/inspection release remains incomplete.,Released drawing + process planning + supplier capability,Critical,Controlled prototype/production process plan
molding,130R,,definition,V7_R5_DFM,V7-RC-005,MISSING,DFM_DFA_DEFINITION,Medium,Manufacturing/assembly feasibility,Process/tooling/joining/inspection release remains incomplete.,Released drawing + process planning + supplier capability,Critical,Controlled prototype/production process plan
coating,130R,,definition,V7_R5_DFM,V7-RC-005,MISSING,DFM_DFA_DEFINITION,Medium,Manufacturing/assembly feasibility,Process/tooling/joining/inspection release remains incomplete.,Released drawing + process planning + supplier capability,Critical,Controlled prototype/production process plan
heat treatment,130R,,definition,V7_R5_DFM,V7-RC-005,MISSING,DFM_DFA_DEFINITION,Medium,Manufacturing/assembly feasibility,Process/tooling/joining/inspection release remains incomplete.,Released drawing + process planning + supplier capability,Critical,Controlled prototype/production process plan
assembly sequence,130R,,definition,V7_R5_DFM,V7-RC-005,MISSING,DFM_DFA_DEFINITION,Medium,Manufacturing/assembly feasibility,Process/tooling/joining/inspection release remains incomplete.,Released drawing + process planning + supplier capability,Critical,Controlled prototype/production process plan
tooling access,130R,,definition,V7_R5_DFM,V7-RC-005,MISSING,DFM_DFA_DEFINITION,Medium,Manufacturing/assembly feasibility,Process/tooling/joining/inspection release remains incomplete.,Released drawing + process planning + supplier capability,Critical,Controlled prototype/production process plan
inspection access,130R,,definition,V7_R5_DFM,V7-RC-005,MISSING,DFM_DFA_DEFINITION,Medium,Manufacturing/assembly feasibility,Process/tooling/joining/inspection release remains incomplete.,Released drawing + process planning + supplier capability,Critical,Controlled prototype/production process plan
service access,130R,,definition,V7_R5_DFM,V7-RC-005,MISSING,DFM_DFA_DEFINITION,Medium,Manufacturing/assembly feasibility,Process/tooling/joining/inspection release remains incomplete.,Released drawing + process planning + supplier capability,Critical,Controlled prototype/production process plan
replaceability,130R,,definition,V7_R5_DFM,V7-RC-005,MISSING,DFM_DFA_DEFINITION,Medium,Manufacturing/assembly feasibility,Process/tooling/joining/inspection release remains incomplete.,Released drawing + process planning + supplier capability,Critical,Controlled prototype/production process plan
tolerance capability,130R,,definition,V7_R5_DFM,V7-RC-005,MISSING,DFM_DFA_DEFINITION,Medium,Manufacturing/assembly feasibility,Process/tooling/joining/inspection release remains incomplete.,Released drawing + process planning + supplier capability,Critical,Controlled prototype/production process plan
production control,130R,,definition,V7_R5_DFM,V7-RC-005,MISSING,DFM_DFA_DEFINITION,Medium,Manufacturing/assembly feasibility,Process/tooling/joining/inspection release remains incomplete.,Released drawing + process planning + supplier capability,Critical,Controlled prototype/production process plan
manufacturing process,140,,definition,V7_R5_DFM,V7-RC-005,MISSING,DFM_DFA_DEFINITION,Medium,Manufacturing/assembly feasibility,Process/tooling/joining/inspection release remains incomplete.,Released drawing + process planning + supplier capability,Critical,Controlled prototype/production process plan
forming,140,,definition,V7_R5_DFM,V7-RC-005,MISSING,DFM_DFA_DEFINITION,Medium,Manufacturing/assembly feasibility,Process/tooling/joining/inspection release remains incomplete.,Released drawing + process planning + supplier capability,Critical,Controlled prototype/production process plan
machining,140,,definition,V7_R5_DFM,V7-RC-005,MISSING,DFM_DFA_DEFINITION,Medium,Manufacturing/assembly feasibility,Process/tooling/joining/inspection release remains incomplete.,Released drawing + process planning + supplier capability,Critical,Controlled prototype/production process plan
stamping,140,,definition,V7_R5_DFM,V7-RC-005,MISSING,DFM_DFA_DEFINITION,Medium,Manufacturing/assembly feasibility,Process/tooling/joining/inspection release remains incomplete.,Released drawing + process planning + supplier capability,Critical,Controlled prototype/production process plan
welding,140,,definition,V7_R5_DFM,V7-RC-005,MISSING,DFM_DFA_DEFINITION,Medium,Manufacturing/assembly feasibility,Process/tooling/joining/inspection release remains incomplete.,Released drawing + process planning + supplier capability,Critical,Controlled prototype/production process plan
joining,140,,definition,V7_R5_DFM,V7-RC-005,MISSING,DFM_DFA_DEFINITION,Medium,Manufacturing/assembly feasibility,Process/tooling/joining/inspection release remains incomplete.,Released drawing + process planning + supplier capability,Critical,Controlled prototype/production process plan
casting,140,,definition,V7_R5_DFM,V7-RC-005,MISSING,DFM_DFA_DEFINITION,Medium,Manufacturing/assembly feasibility,Process/tooling/joining/inspection release remains incomplete.,Released drawing + process planning + supplier capability,Critical,Controlled prototype/production process plan
molding,140,,definition,V7_R5_DFM,V7-RC-005,MISSING,DFM_DFA_DEFINITION,Medium,Manufacturing/assembly feasibility,Process/tooling/joining/inspection release remains incomplete.,Released drawing + process planning + supplier capability,Critical,Controlled prototype/production process plan
coating,140,,definition,V7_R5_DFM,V7-RC-005,MISSING,DFM_DFA_DEFINITION,Medium,Manufacturing/assembly feasibility,Process/tooling/joining/inspection release remains incomplete.,Released drawing + process planning + supplier capability,Critical,Controlled prototype/production process plan
heat treatment,140,,definition,V7_R5_DFM,V7-RC-005,MISSING,DFM_DFA_DEFINITION,Medium,Manufacturing/assembly feasibility,Process/tooling/joining/inspection release remains incomplete.,Released drawing + process planning + supplier capability,Critical,Controlled prototype/production process plan
assembly sequence,140,,definition,V7_R5_DFM,V7-RC-005,MISSING,DFM_DFA_DEFINITION,Medium,Manufacturing/assembly feasibility,Process/tooling/joining/inspection release remains incomplete.,Released drawing + process planning + supplier capability,Critical,Controlled prototype/production process plan
tooling access,140,,definition,V7_R5_DFM,V7-RC-005,MISSING,DFM_DFA_DEFINITION,Medium,Manufacturing/assembly feasibility,Process/tooling/joining/inspection release remains incomplete.,Released drawing + process planning + supplier capability,Critical,Controlled prototype/production process plan
inspection access,140,,definition,V7_R5_DFM,V7-RC-005,MISSING,DFM_DFA_DEFINITION,Medium,Manufacturing/assembly feasibility,Process/tooling/joining/inspection release remains incomplete.,Released drawing + process planning + supplier capability,Critical,Controlled prototype/production process plan
service access,140,,definition,V7_R5_DFM,V7-RC-005,MISSING,DFM_DFA_DEFINITION,Medium,Manufacturing/assembly feasibility,Process/tooling/joining/inspection release remains incomplete.,Released drawing + process planning + supplier capability,Critical,Controlled prototype/production process plan
replaceability,140,,definition,V7_R5_DFM,V7-RC-005,MISSING,DFM_DFA_DEFINITION,Medium,Manufacturing/assembly feasibility,Process/tooling/joining/inspection release remains incomplete.,Released drawing + process planning + supplier capability,Critical,Controlled prototype/production process plan
tolerance capability,140,,definition,V7_R5_DFM,V7-RC-005,MISSING,DFM_DFA_DEFINITION,Medium,Manufacturing/assembly feasibility,Process/tooling/joining/inspection release remains incomplete.,Released drawing + process planning + supplier capability,Critical,Controlled prototype/production process plan
production control,140,,definition,V7_R5_DFM,V7-RC-005,MISSING,DFM_DFA_DEFINITION,Medium,Manufacturing/assembly feasibility,Process/tooling/joining/inspection release remains incomplete.,Released drawing + process planning + supplier capability,Critical,Controlled prototype/production process plan
manufacturing process,150L,,definition,V7_R5_DFM,V7-RC-005,MISSING,DFM_DFA_DEFINITION,Medium,Manufacturing/assembly feasibility,Process/tooling/joining/inspection release remains incomplete.,Released drawing + process planning + supplier capability,Critical,Controlled prototype/production process plan
forming,150L,,definition,V7_R5_DFM,V7-RC-005,MISSING,DFM_DFA_DEFINITION,Medium,Manufacturing/assembly feasibility,Process/tooling/joining/inspection release remains incomplete.,Released drawing + process planning + supplier capability,Critical,Controlled prototype/production process plan
machining,150L,,definition,V7_R5_DFM,V7-RC-005,MISSING,DFM_DFA_DEFINITION,Medium,Manufacturing/assembly feasibility,Process/tooling/joining/inspection release remains incomplete.,Released drawing + process planning + supplier capability,Critical,Controlled prototype/production process plan
stamping,150L,,definition,V7_R5_DFM,V7-RC-005,MISSING,DFM_DFA_DEFINITION,Medium,Manufacturing/assembly feasibility,Process/tooling/joining/inspection release remains incomplete.,Released drawing + process planning + supplier capability,Critical,Controlled prototype/production process plan
welding,150L,,definition,V7_R5_DFM,V7-RC-005,MISSING,DFM_DFA_DEFINITION,Medium,Manufacturing/assembly feasibility,Process/tooling/joining/inspection release remains incomplete.,Released drawing + process planning + supplier capability,Critical,Controlled prototype/production process plan
joining,150L,,definition,V7_R5_DFM,V7-RC-005,MISSING,DFM_DFA_DEFINITION,Medium,Manufacturing/assembly feasibility,Process/tooling/joining/inspection release remains incomplete.,Released drawing + process planning + supplier capability,Critical,Controlled prototype/production process plan
casting,150L,,definition,V7_R5_DFM,V7-RC-005,MISSING,DFM_DFA_DEFINITION,Medium,Manufacturing/assembly feasibility,Process/tooling/joining/inspection release remains incomplete.,Released drawing + process planning + supplier capability,Critical,Controlled prototype/production process plan
molding,150L,,definition,V7_R5_DFM,V7-RC-005,MISSING,DFM_DFA_DEFINITION,Medium,Manufacturing/assembly feasibility,Process/tooling/joining/inspection release remains incomplete.,Released drawing + process planning + supplier capability,Critical,Controlled prototype/production process plan
coating,150L,,definition,V7_R5_DFM,V7-RC-005,MISSING,DFM_DFA_DEFINITION,Medium,Manufacturing/assembly feasibility,Process/tooling/joining/inspection release remains incomplete.,Released drawing + process planning + supplier capability,Critical,Controlled prototype/production process plan
heat treatment,150L,,definition,V7_R5_DFM,V7-RC-005,MISSING,DFM_DFA_DEFINITION,Medium,Manufacturing/assembly feasibility,Process/tooling/joining/inspection release remains incomplete.,Released drawing + process planning + supplier capability,Critical,Controlled prototype/production process plan
assembly sequence,150L,,definition,V7_R5_DFM,V7-RC-005,MISSING,DFM_DFA_DEFINITION,Medium,Manufacturing/assembly feasibility,Process/tooling/joining/inspection release remains incomplete.,Released drawing + process planning + supplier capability,Critical,Controlled prototype/production process plan
tooling access,150L,,definition,V7_R5_DFM,V7-RC-005,MISSING,DFM_DFA_DEFINITION,Medium,Manufacturing/assembly feasibility,Process/tooling/joining/inspection release remains incomplete.,Released drawing + process planning + supplier capability,Critical,Controlled prototype/production process plan
inspection access,150L,,definition,V7_R5_DFM,V7-RC-005,MISSING,DFM_DFA_DEFINITION,Medium,Manufacturing/assembly feasibility,Process/tooling/joining/inspection release remains incomplete.,Released drawing + process planning + supplier capability,Critical,Controlled prototype/production process plan
service access,150L,,definition,V7_R5_DFM,V7-RC-005,MISSING,DFM_DFA_DEFINITION,Medium,Manufacturing/assembly feasibility,Process/tooling/joining/inspection release remains incomplete.,Released drawing + process planning + supplier capability,Critical,Controlled prototype/production process plan
replaceability,150L,,definition,V7_R5_DFM,V7-RC-005,MISSING,DFM_DFA_DEFINITION,Medium,Manufacturing/assembly feasibility,Process/tooling/joining/inspection release remains incomplete.,Released drawing + process planning + supplier capability,Critical,Controlled prototype/production process plan
tolerance capability,150L,,definition,V7_R5_DFM,V7-RC-005,MISSING,DFM_DFA_DEFINITION,Medium,Manufacturing/assembly feasibility,Process/tooling/joining/inspection release remains incomplete.,Released drawing + process planning + supplier capability,Critical,Controlled prototype/production process plan
production control,150L,,definition,V7_R5_DFM,V7-RC-005,MISSING,DFM_DFA_DEFINITION,Medium,Manufacturing/assembly feasibility,Process/tooling/joining/inspection release remains incomplete.,Released drawing + process planning + supplier capability,Critical,Controlled prototype/production process plan
manufacturing process,150R,,definition,V7_R5_DFM,V7-RC-005,MISSING,DFM_DFA_DEFINITION,Medium,Manufacturing/assembly feasibility,Process/tooling/joining/inspection release remains incomplete.,Released drawing + process planning + supplier capability,Critical,Controlled prototype/production process plan
forming,150R,,definition,V7_R5_DFM,V7-RC-005,MISSING,DFM_DFA_DEFINITION,Medium,Manufacturing/assembly feasibility,Process/tooling/joining/inspection release remains incomplete.,Released drawing + process planning + supplier capability,Critical,Controlled prototype/production process plan
machining,150R,,definition,V7_R5_DFM,V7-RC-005,MISSING,DFM_DFA_DEFINITION,Medium,Manufacturing/assembly feasibility,Process/tooling/joining/inspection release remains incomplete.,Released drawing + process planning + supplier capability,Critical,Controlled prototype/production process plan
stamping,150R,,definition,V7_R5_DFM,V7-RC-005,MISSING,DFM_DFA_DEFINITION,Medium,Manufacturing/assembly feasibility,Process/tooling/joining/inspection release remains incomplete.,Released drawing + process planning + supplier capability,Critical,Controlled prototype/production process plan
welding,150R,,definition,V7_R5_DFM,V7-RC-005,MISSING,DFM_DFA_DEFINITION,Medium,Manufacturing/assembly feasibility,Process/tooling/joining/inspection release remains incomplete.,Released drawing + process planning + supplier capability,Critical,Controlled prototype/production process plan
joining,150R,,definition,V7_R5_DFM,V7-RC-005,MISSING,DFM_DFA_DEFINITION,Medium,Manufacturing/assembly feasibility,Process/tooling/joining/inspection release remains incomplete.,Released drawing + process planning + supplier capability,Critical,Controlled prototype/production process plan
casting,150R,,definition,V7_R5_DFM,V7-RC-005,MISSING,DFM_DFA_DEFINITION,Medium,Manufacturing/assembly feasibility,Process/tooling/joining/inspection release remains incomplete.,Released drawing + process planning + supplier capability,Critical,Controlled prototype/production process plan
molding,150R,,definition,V7_R5_DFM,V7-RC-005,MISSING,DFM_DFA_DEFINITION,Medium,Manufacturing/assembly feasibility,Process/tooling/joining/inspection release remains incomplete.,Released drawing + process planning + supplier capability,Critical,Controlled prototype/production process plan
coating,150R,,definition,V7_R5_DFM,V7-RC-005,MISSING,DFM_DFA_DEFINITION,Medium,Manufacturing/assembly feasibility,Process/tooling/joining/inspection release remains incomplete.,Released drawing + process planning + supplier capability,Critical,Controlled prototype/production process plan
heat treatment,150R,,definition,V7_R5_DFM,V7-RC-005,MISSING,DFM_DFA_DEFINITION,Medium,Manufacturing/assembly feasibility,Process/tooling/joining/inspection release remains incomplete.,Released drawing + process planning + supplier capability,Critical,Controlled prototype/production process plan
assembly sequence,150R,,definition,V7_R5_DFM,V7-RC-005,MISSING,DFM_DFA_DEFINITION,Medium,Manufacturing/assembly feasibility,Process/tooling/joining/inspection release remains incomplete.,Released drawing + process planning + supplier capability,Critical,Controlled prototype/production process plan
tooling access,150R,,definition,V7_R5_DFM,V7-RC-005,MISSING,DFM_DFA_DEFINITION,Medium,Manufacturing/assembly feasibility,Process/tooling/joining/inspection release remains incomplete.,Released drawing + process planning + supplier capability,Critical,Controlled prototype/production process plan
inspection access,150R,,definition,V7_R5_DFM,V7-RC-005,MISSING,DFM_DFA_DEFINITION,Medium,Manufacturing/assembly feasibility,Process/tooling/joining/inspection release remains incomplete.,Released drawing + process planning + supplier capability,Critical,Controlled prototype/production process plan
service access,150R,,definition,V7_R5_DFM,V7-RC-005,MISSING,DFM_DFA_DEFINITION,Medium,Manufacturing/assembly feasibility,Process/tooling/joining/inspection release remains incomplete.,Released drawing + process planning + supplier capability,Critical,Controlled prototype/production process plan
replaceability,150R,,definition,V7_R5_DFM,V7-RC-005,MISSING,DFM_DFA_DEFINITION,Medium,Manufacturing/assembly feasibility,Process/tooling/joining/inspection release remains incomplete.,Released drawing + process planning + supplier capability,Critical,Controlled prototype/production process plan
tolerance capability,150R,,definition,V7_R5_DFM,V7-RC-005,MISSING,DFM_DFA_DEFINITION,Medium,Manufacturing/assembly feasibility,Process/tooling/joining/inspection release remains incomplete.,Released drawing + process planning + supplier capability,Critical,Controlled prototype/production process plan
production control,150R,,definition,V7_R5_DFM,V7-RC-005,MISSING,DFM_DFA_DEFINITION,Medium,Manufacturing/assembly feasibility,Process/tooling/joining/inspection release remains incomplete.,Released drawing + process planning + supplier capability,Critical,Controlled prototype/production process plan
manufacturing process,160,,definition,V7_R5_DFM,V7-RC-005,MISSING,DFM_DFA_DEFINITION,Medium,Manufacturing/assembly feasibility,Process/tooling/joining/inspection release remains incomplete.,Released drawing + process planning + supplier capability,Critical,Controlled prototype/production process plan
forming,160,,definition,V7_R5_DFM,V7-RC-005,MISSING,DFM_DFA_DEFINITION,Medium,Manufacturing/assembly feasibility,Process/tooling/joining/inspection release remains incomplete.,Released drawing + process planning + supplier capability,Critical,Controlled prototype/production process plan
machining,160,,definition,V7_R5_DFM,V7-RC-005,MISSING,DFM_DFA_DEFINITION,Medium,Manufacturing/assembly feasibility,Process/tooling/joining/inspection release remains incomplete.,Released drawing + process planning + supplier capability,Critical,Controlled prototype/production process plan
stamping,160,,definition,V7_R5_DFM,V7-RC-005,MISSING,DFM_DFA_DEFINITION,Medium,Manufacturing/assembly feasibility,Process/tooling/joining/inspection release remains incomplete.,Released drawing + process planning + supplier capability,Critical,Controlled prototype/production process plan
welding,160,,definition,V7_R5_DFM,V7-RC-005,MISSING,DFM_DFA_DEFINITION,Medium,Manufacturing/assembly feasibility,Process/tooling/joining/inspection release remains incomplete.,Released drawing + process planning + supplier capability,Critical,Controlled prototype/production process plan
joining,160,,definition,V7_R5_DFM,V7-RC-005,MISSING,DFM_DFA_DEFINITION,Medium,Manufacturing/assembly feasibility,Process/tooling/joining/inspection release remains incomplete.,Released drawing + process planning + supplier capability,Critical,Controlled prototype/production process plan
casting,160,,definition,V7_R5_DFM,V7-RC-005,MISSING,DFM_DFA_DEFINITION,Medium,Manufacturing/assembly feasibility,Process/tooling/joining/inspection release remains incomplete.,Released drawing + process planning + supplier capability,Critical,Controlled prototype/production process plan
molding,160,,definition,V7_R5_DFM,V7-RC-005,MISSING,DFM_DFA_DEFINITION,Medium,Manufacturing/assembly feasibility,Process/tooling/joining/inspection release remains incomplete.,Released drawing + process planning + supplier capability,Critical,Controlled prototype/production process plan
coating,160,,definition,V7_R5_DFM,V7-RC-005,MISSING,DFM_DFA_DEFINITION,Medium,Manufacturing/assembly feasibility,Process/tooling/joining/inspection release remains incomplete.,Released drawing + process planning + supplier capability,Critical,Controlled prototype/production process plan
heat treatment,160,,definition,V7_R5_DFM,V7-RC-005,MISSING,DFM_DFA_DEFINITION,Medium,Manufacturing/assembly feasibility,Process/tooling/joining/inspection release remains incomplete.,Released drawing + process planning + supplier capability,Critical,Controlled prototype/production process plan
assembly sequence,160,,definition,V7_R5_DFM,V7-RC-005,MISSING,DFM_DFA_DEFINITION,Medium,Manufacturing/assembly feasibility,Process/tooling/joining/inspection release remains incomplete.,Released drawing + process planning + supplier capability,Critical,Controlled prototype/production process plan
tooling access,160,,definition,V7_R5_DFM,V7-RC-005,MISSING,DFM_DFA_DEFINITION,Medium,Manufacturing/assembly feasibility,Process/tooling/joining/inspection release remains incomplete.,Released drawing + process planning + supplier capability,Critical,Controlled prototype/production process plan
inspection access,160,,definition,V7_R5_DFM,V7-RC-005,MISSING,DFM_DFA_DEFINITION,Medium,Manufacturing/assembly feasibility,Process/tooling/joining/inspection release remains incomplete.,Released drawing + process planning + supplier capability,Critical,Controlled prototype/production process plan
service access,160,,definition,V7_R5_DFM,V7-RC-005,MISSING,DFM_DFA_DEFINITION,Medium,Manufacturing/assembly feasibility,Process/tooling/joining/inspection release remains incomplete.,Released drawing + process planning + supplier capability,Critical,Controlled prototype/production process plan
replaceability,160,,definition,V7_R5_DFM,V7-RC-005,MISSING,DFM_DFA_DEFINITION,Medium,Manufacturing/assembly feasibility,Process/tooling/joining/inspection release remains incomplete.,Released drawing + process planning + supplier capability,Critical,Controlled prototype/production process plan
tolerance capability,160,,definition,V7_R5_DFM,V7-RC-005,MISSING,DFM_DFA_DEFINITION,Medium,Manufacturing/assembly feasibility,Process/tooling/joining/inspection release remains incomplete.,Released drawing + process planning + supplier capability,Critical,Controlled prototype/production process plan
production control,160,,definition,V7_R5_DFM,V7-RC-005,MISSING,DFM_DFA_DEFINITION,Medium,Manufacturing/assembly feasibility,Process/tooling/joining/inspection release remains incomplete.,Released drawing + process planning + supplier capability,Critical,Controlled prototype/production process plan
manufacturing process,170,,definition,V7_R5_DFM,V7-RC-005,MISSING,DFM_DFA_DEFINITION,Medium,Manufacturing/assembly feasibility,Process/tooling/joining/inspection release remains incomplete.,Released drawing + process planning + supplier capability,Critical,Controlled prototype/production process plan
forming,170,,definition,V7_R5_DFM,V7-RC-005,MISSING,DFM_DFA_DEFINITION,Medium,Manufacturing/assembly feasibility,Process/tooling/joining/inspection release remains incomplete.,Released drawing + process planning + supplier capability,Critical,Controlled prototype/production process plan
machining,170,,definition,V7_R5_DFM,V7-RC-005,MISSING,DFM_DFA_DEFINITION,Medium,Manufacturing/assembly feasibility,Process/tooling/joining/inspection release remains incomplete.,Released drawing + process planning + supplier capability,Critical,Controlled prototype/production process plan
stamping,170,,definition,V7_R5_DFM,V7-RC-005,MISSING,DFM_DFA_DEFINITION,Medium,Manufacturing/assembly feasibility,Process/tooling/joining/inspection release remains incomplete.,Released drawing + process planning + supplier capability,Critical,Controlled prototype/production process plan
welding,170,,definition,V7_R5_DFM,V7-RC-005,MISSING,DFM_DFA_DEFINITION,Medium,Manufacturing/assembly feasibility,Process/tooling/joining/inspection release remains incomplete.,Released drawing + process planning + supplier capability,Critical,Controlled prototype/production process plan
joining,170,,definition,V7_R5_DFM,V7-RC-005,MISSING,DFM_DFA_DEFINITION,Medium,Manufacturing/assembly feasibility,Process/tooling/joining/inspection release remains incomplete.,Released drawing + process planning + supplier capability,Critical,Controlled prototype/production process plan
casting,170,,definition,V7_R5_DFM,V7-RC-005,MISSING,DFM_DFA_DEFINITION,Medium,Manufacturing/assembly feasibility,Process/tooling/joining/inspection release remains incomplete.,Released drawing + process planning + supplier capability,Critical,Controlled prototype/production process plan
molding,170,,definition,V7_R5_DFM,V7-RC-005,MISSING,DFM_DFA_DEFINITION,Medium,Manufacturing/assembly feasibility,Process/tooling/joining/inspection release remains incomplete.,Released drawing + process planning + supplier capability,Critical,Controlled prototype/production process plan
coating,170,,definition,V7_R5_DFM,V7-RC-005,MISSING,DFM_DFA_DEFINITION,Medium,Manufacturing/assembly feasibility,Process/tooling/joining/inspection release remains incomplete.,Released drawing + process planning + supplier capability,Critical,Controlled prototype/production process plan
heat treatment,170,,definition,V7_R5_DFM,V7-RC-005,MISSING,DFM_DFA_DEFINITION,Medium,Manufacturing/assembly feasibility,Process/tooling/joining/inspection release remains incomplete.,Released drawing + process planning + supplier capability,Critical,Controlled prototype/production process plan
assembly sequence,170,,definition,V7_R5_DFM,V7-RC-005,MISSING,DFM_DFA_DEFINITION,Medium,Manufacturing/assembly feasibility,Process/tooling/joining/inspection release remains incomplete.,Released drawing + process planning + supplier capability,Critical,Controlled prototype/production process plan
tooling access,170,,definition,V7_R5_DFM,V7-RC-005,MISSING,DFM_DFA_DEFINITION,Medium,Manufacturing/assembly feasibility,Process/tooling/joining/inspection release remains incomplete.,Released drawing + process planning + supplier capability,Critical,Controlled prototype/production process plan
inspection access,170,,definition,V7_R5_DFM,V7-RC-005,MISSING,DFM_DFA_DEFINITION,Medium,Manufacturing/assembly feasibility,Process/tooling/joining/inspection release remains incomplete.,Released drawing + process planning + supplier capability,Critical,Controlled prototype/production process plan
service access,170,,definition,V7_R5_DFM,V7-RC-005,MISSING,DFM_DFA_DEFINITION,Medium,Manufacturing/assembly feasibility,Process/tooling/joining/inspection release remains incomplete.,Released drawing + process planning + supplier capability,Critical,Controlled prototype/production process plan
replaceability,170,,definition,V7_R5_DFM,V7-RC-005,MISSING,DFM_DFA_DEFINITION,Medium,Manufacturing/assembly feasibility,Process/tooling/joining/inspection release remains incomplete.,Released drawing + process planning + supplier capability,Critical,Controlled prototype/production process plan
tolerance capability,170,,definition,V7_R5_DFM,V7-RC-005,MISSING,DFM_DFA_DEFINITION,Medium,Manufacturing/assembly feasibility,Process/tooling/joining/inspection release remains incomplete.,Released drawing + process planning + supplier capability,Critical,Controlled prototype/production process plan
production control,170,,definition,V7_R5_DFM,V7-RC-005,MISSING,DFM_DFA_DEFINITION,Medium,Manufacturing/assembly feasibility,Process/tooling/joining/inspection release remains incomplete.,Released drawing + process planning + supplier capability,Critical,Controlled prototype/production process plan
manufacturing process,180,,definition,V7_R5_DFM,V7-RC-005,MISSING,DFM_DFA_DEFINITION,Medium,Manufacturing/assembly feasibility,Process/tooling/joining/inspection release remains incomplete.,Released drawing + process planning + supplier capability,Critical,Controlled prototype/production process plan
forming,180,,definition,V7_R5_DFM,V7-RC-005,MISSING,DFM_DFA_DEFINITION,Medium,Manufacturing/assembly feasibility,Process/tooling/joining/inspection release remains incomplete.,Released drawing + process planning + supplier capability,Critical,Controlled prototype/production process plan
machining,180,,definition,V7_R5_DFM,V7-RC-005,MISSING,DFM_DFA_DEFINITION,Medium,Manufacturing/assembly feasibility,Process/tooling/joining/inspection release remains incomplete.,Released drawing + process planning + supplier capability,Critical,Controlled prototype/production process plan
stamping,180,,definition,V7_R5_DFM,V7-RC-005,MISSING,DFM_DFA_DEFINITION,Medium,Manufacturing/assembly feasibility,Process/tooling/joining/inspection release remains incomplete.,Released drawing + process planning + supplier capability,Critical,Controlled prototype/production process plan
welding,180,,definition,V7_R5_DFM,V7-RC-005,MISSING,DFM_DFA_DEFINITION,Medium,Manufacturing/assembly feasibility,Process/tooling/joining/inspection release remains incomplete.,Released drawing + process planning + supplier capability,Critical,Controlled prototype/production process plan
joining,180,,definition,V7_R5_DFM,V7-RC-005,MISSING,DFM_DFA_DEFINITION,Medium,Manufacturing/assembly feasibility,Process/tooling/joining/inspection release remains incomplete.,Released drawing + process planning + supplier capability,Critical,Controlled prototype/production process plan
casting,180,,definition,V7_R5_DFM,V7-RC-005,MISSING,DFM_DFA_DEFINITION,Medium,Manufacturing/assembly feasibility,Process/tooling/joining/inspection release remains incomplete.,Released drawing + process planning + supplier capability,Critical,Controlled prototype/production process plan
molding,180,,definition,V7_R5_DFM,V7-RC-005,MISSING,DFM_DFA_DEFINITION,Medium,Manufacturing/assembly feasibility,Process/tooling/joining/inspection release remains incomplete.,Released drawing + process planning + supplier capability,Critical,Controlled prototype/production process plan
coating,180,,definition,V7_R5_DFM,V7-RC-005,MISSING,DFM_DFA_DEFINITION,Medium,Manufacturing/assembly feasibility,Process/tooling/joining/inspection release remains incomplete.,Released drawing + process planning + supplier capability,Critical,Controlled prototype/production process plan
heat treatment,180,,definition,V7_R5_DFM,V7-RC-005,MISSING,DFM_DFA_DEFINITION,Medium,Manufacturing/assembly feasibility,Process/tooling/joining/inspection release remains incomplete.,Released drawing + process planning + supplier capability,Critical,Controlled prototype/production process plan
assembly sequence,180,,definition,V7_R5_DFM,V7-RC-005,MISSING,DFM_DFA_DEFINITION,Medium,Manufacturing/assembly feasibility,Process/tooling/joining/inspection release remains incomplete.,Released drawing + process planning + supplier capability,Critical,Controlled prototype/production process plan
tooling access,180,,definition,V7_R5_DFM,V7-RC-005,MISSING,DFM_DFA_DEFINITION,Medium,Manufacturing/assembly feasibility,Process/tooling/joining/inspection release remains incomplete.,Released drawing + process planning + supplier capability,Critical,Controlled prototype/production process plan
inspection access,180,,definition,V7_R5_DFM,V7-RC-005,MISSING,DFM_DFA_DEFINITION,Medium,Manufacturing/assembly feasibility,Process/tooling/joining/inspection release remains incomplete.,Released drawing + process planning + supplier capability,Critical,Controlled prototype/production process plan
service access,180,,definition,V7_R5_DFM,V7-RC-005,MISSING,DFM_DFA_DEFINITION,Medium,Manufacturing/assembly feasibility,Process/tooling/joining/inspection release remains incomplete.,Released drawing + process planning + supplier capability,Critical,Controlled prototype/production process plan
replaceability,180,,definition,V7_R5_DFM,V7-RC-005,MISSING,DFM_DFA_DEFINITION,Medium,Manufacturing/assembly feasibility,Process/tooling/joining/inspection release remains incomplete.,Released drawing + process planning + supplier capability,Critical,Controlled prototype/production process plan
tolerance capability,180,,definition,V7_R5_DFM,V7-RC-005,MISSING,DFM_DFA_DEFINITION,Medium,Manufacturing/assembly feasibility,Process/tooling/joining/inspection release remains incomplete.,Released drawing + process planning + supplier capability,Critical,Controlled prototype/production process plan
production control,180,,definition,V7_R5_DFM,V7-RC-005,MISSING,DFM_DFA_DEFINITION,Medium,Manufacturing/assembly feasibility,Process/tooling/joining/inspection release remains incomplete.,Released drawing + process planning + supplier capability,Critical,Controlled prototype/production process plan
manufacturing process,190,,definition,V7_R5_DFM,V7-RC-005,MISSING,DFM_DFA_DEFINITION,Medium,Manufacturing/assembly feasibility,Process/tooling/joining/inspection release remains incomplete.,Released drawing + process planning + supplier capability,Critical,Controlled prototype/production process plan
forming,190,,definition,V7_R5_DFM,V7-RC-005,MISSING,DFM_DFA_DEFINITION,Medium,Manufacturing/assembly feasibility,Process/tooling/joining/inspection release remains incomplete.,Released drawing + process planning + supplier capability,Critical,Controlled prototype/production process plan
machining,190,,definition,V7_R5_DFM,V7-RC-005,MISSING,DFM_DFA_DEFINITION,Medium,Manufacturing/assembly feasibility,Process/tooling/joining/inspection release remains incomplete.,Released drawing + process planning + supplier capability,Critical,Controlled prototype/production process plan
stamping,190,,definition,V7_R5_DFM,V7-RC-005,MISSING,DFM_DFA_DEFINITION,Medium,Manufacturing/assembly feasibility,Process/tooling/joining/inspection release remains incomplete.,Released drawing + process planning + supplier capability,Critical,Controlled prototype/production process plan
welding,190,,definition,V7_R5_DFM,V7-RC-005,MISSING,DFM_DFA_DEFINITION,Medium,Manufacturing/assembly feasibility,Process/tooling/joining/inspection release remains incomplete.,Released drawing + process planning + supplier capability,Critical,Controlled prototype/production process plan
joining,190,,definition,V7_R5_DFM,V7-RC-005,MISSING,DFM_DFA_DEFINITION,Medium,Manufacturing/assembly feasibility,Process/tooling/joining/inspection release remains incomplete.,Released drawing + process planning + supplier capability,Critical,Controlled prototype/production process plan
casting,190,,definition,V7_R5_DFM,V7-RC-005,MISSING,DFM_DFA_DEFINITION,Medium,Manufacturing/assembly feasibility,Process/tooling/joining/inspection release remains incomplete.,Released drawing + process planning + supplier capability,Critical,Controlled prototype/production process plan
molding,190,,definition,V7_R5_DFM,V7-RC-005,MISSING,DFM_DFA_DEFINITION,Medium,Manufacturing/assembly feasibility,Process/tooling/joining/inspection release remains incomplete.,Released drawing + process planning + supplier capability,Critical,Controlled prototype/production process plan
coating,190,,definition,V7_R5_DFM,V7-RC-005,MISSING,DFM_DFA_DEFINITION,Medium,Manufacturing/assembly feasibility,Process/tooling/joining/inspection release remains incomplete.,Released drawing + process planning + supplier capability,Critical,Controlled prototype/production process plan
heat treatment,190,,definition,V7_R5_DFM,V7-RC-005,MISSING,DFM_DFA_DEFINITION,Medium,Manufacturing/assembly feasibility,Process/tooling/joining/inspection release remains incomplete.,Released drawing + process planning + supplier capability,Critical,Controlled prototype/production process plan
assembly sequence,190,,definition,V7_R5_DFM,V7-RC-005,MISSING,DFM_DFA_DEFINITION,Medium,Manufacturing/assembly feasibility,Process/tooling/joining/inspection release remains incomplete.,Released drawing + process planning + supplier capability,Critical,Controlled prototype/production process plan
tooling access,190,,definition,V7_R5_DFM,V7-RC-005,MISSING,DFM_DFA_DEFINITION,Medium,Manufacturing/assembly feasibility,Process/tooling/joining/inspection release remains incomplete.,Released drawing + process planning + supplier capability,Critical,Controlled prototype/production process plan
inspection access,190,,definition,V7_R5_DFM,V7-RC-005,MISSING,DFM_DFA_DEFINITION,Medium,Manufacturing/assembly feasibility,Process/tooling/joining/inspection release remains incomplete.,Released drawing + process planning + supplier capability,Critical,Controlled prototype/production process plan
service access,190,,definition,V7_R5_DFM,V7-RC-005,MISSING,DFM_DFA_DEFINITION,Medium,Manufacturing/assembly feasibility,Process/tooling/joining/inspection release remains incomplete.,Released drawing + process planning + supplier capability,Critical,Controlled prototype/production process plan
replaceability,190,,definition,V7_R5_DFM,V7-RC-005,MISSING,DFM_DFA_DEFINITION,Medium,Manufacturing/assembly feasibility,Process/tooling/joining/inspection release remains incomplete.,Released drawing + process planning + supplier capability,Critical,Controlled prototype/production process plan
tolerance capability,190,,definition,V7_R5_DFM,V7-RC-005,MISSING,DFM_DFA_DEFINITION,Medium,Manufacturing/assembly feasibility,Process/tooling/joining/inspection release remains incomplete.,Released drawing + process planning + supplier capability,Critical,Controlled prototype/production process plan
production control,190,,definition,V7_R5_DFM,V7-RC-005,MISSING,DFM_DFA_DEFINITION,Medium,Manufacturing/assembly feasibility,Process/tooling/joining/inspection release remains incomplete.,Released drawing + process planning + supplier capability,Critical,Controlled prototype/production process plan
manufacturing process,200,,definition,V7_R5_DFM,V7-RC-005,MISSING,DFM_DFA_DEFINITION,Medium,Manufacturing/assembly feasibility,Process/tooling/joining/inspection release remains incomplete.,Released drawing + process planning + supplier capability,Critical,Controlled prototype/production process plan
forming,200,,definition,V7_R5_DFM,V7-RC-005,MISSING,DFM_DFA_DEFINITION,Medium,Manufacturing/assembly feasibility,Process/tooling/joining/inspection release remains incomplete.,Released drawing + process planning + supplier capability,Critical,Controlled prototype/production process plan
machining,200,,definition,V7_R5_DFM,V7-RC-005,MISSING,DFM_DFA_DEFINITION,Medium,Manufacturing/assembly feasibility,Process/tooling/joining/inspection release remains incomplete.,Released drawing + process planning + supplier capability,Critical,Controlled prototype/production process plan
stamping,200,,definition,V7_R5_DFM,V7-RC-005,MISSING,DFM_DFA_DEFINITION,Medium,Manufacturing/assembly feasibility,Process/tooling/joining/inspection release remains incomplete.,Released drawing + process planning + supplier capability,Critical,Controlled prototype/production process plan
welding,200,,definition,V7_R5_DFM,V7-RC-005,MISSING,DFM_DFA_DEFINITION,Medium,Manufacturing/assembly feasibility,Process/tooling/joining/inspection release remains incomplete.,Released drawing + process planning + supplier capability,Critical,Controlled prototype/production process plan
joining,200,,definition,V7_R5_DFM,V7-RC-005,MISSING,DFM_DFA_DEFINITION,Medium,Manufacturing/assembly feasibility,Process/tooling/joining/inspection release remains incomplete.,Released drawing + process planning + supplier capability,Critical,Controlled prototype/production process plan
casting,200,,definition,V7_R5_DFM,V7-RC-005,MISSING,DFM_DFA_DEFINITION,Medium,Manufacturing/assembly feasibility,Process/tooling/joining/inspection release remains incomplete.,Released drawing + process planning + supplier capability,Critical,Controlled prototype/production process plan
molding,200,,definition,V7_R5_DFM,V7-RC-005,MISSING,DFM_DFA_DEFINITION,Medium,Manufacturing/assembly feasibility,Process/tooling/joining/inspection release remains incomplete.,Released drawing + process planning + supplier capability,Critical,Controlled prototype/production process plan
coating,200,,definition,V7_R5_DFM,V7-RC-005,MISSING,DFM_DFA_DEFINITION,Medium,Manufacturing/assembly feasibility,Process/tooling/joining/inspection release remains incomplete.,Released drawing + process planning + supplier capability,Critical,Controlled prototype/production process plan
heat treatment,200,,definition,V7_R5_DFM,V7-RC-005,MISSING,DFM_DFA_DEFINITION,Medium,Manufacturing/assembly feasibility,Process/tooling/joining/inspection release remains incomplete.,Released drawing + process planning + supplier capability,Critical,Controlled prototype/production process plan
assembly sequence,200,,definition,V7_R5_DFM,V7-RC-005,MISSING,DFM_DFA_DEFINITION,Medium,Manufacturing/assembly feasibility,Process/tooling/joining/inspection release remains incomplete.,Released drawing + process planning + supplier capability,Critical,Controlled prototype/production process plan
tooling access,200,,definition,V7_R5_DFM,V7-RC-005,MISSING,DFM_DFA_DEFINITION,Medium,Manufacturing/assembly feasibility,Process/tooling/joining/inspection release remains incomplete.,Released drawing + process planning + supplier capability,Critical,Controlled prototype/production process plan
inspection access,200,,definition,V7_R5_DFM,V7-RC-005,MISSING,DFM_DFA_DEFINITION,Medium,Manufacturing/assembly feasibility,Process/tooling/joining/inspection release remains incomplete.,Released drawing + process planning + supplier capability,Critical,Controlled prototype/production process plan
service access,200,,definition,V7_R5_DFM,V7-RC-005,MISSING,DFM_DFA_DEFINITION,Medium,Manufacturing/assembly feasibility,Process/tooling/joining/inspection release remains incomplete.,Released drawing + process planning + supplier capability,Critical,Controlled prototype/production process plan
replaceability,200,,definition,V7_R5_DFM,V7-RC-005,MISSING,DFM_DFA_DEFINITION,Medium,Manufacturing/assembly feasibility,Process/tooling/joining/inspection release remains incomplete.,Released drawing + process planning + supplier capability,Critical,Controlled prototype/production process plan
tolerance capability,200,,definition,V7_R5_DFM,V7-RC-005,MISSING,DFM_DFA_DEFINITION,Medium,Manufacturing/assembly feasibility,Process/tooling/joining/inspection release remains incomplete.,Released drawing + process planning + supplier capability,Critical,Controlled prototype/production process plan
production control,200,,definition,V7_R5_DFM,V7-RC-005,MISSING,DFM_DFA_DEFINITION,Medium,Manufacturing/assembly feasibility,Process/tooling/joining/inspection release remains incomplete.,Released drawing + process planning + supplier capability,Critical,Controlled prototype/production process plan
manufacturing process,210,,definition,V7_R5_DFM,V7-RC-005,MISSING,DFM_DFA_DEFINITION,Medium,Manufacturing/assembly feasibility,Process/tooling/joining/inspection release remains incomplete.,Released drawing + process planning + supplier capability,Critical,Controlled prototype/production process plan
forming,210,,definition,V7_R5_DFM,V7-RC-005,MISSING,DFM_DFA_DEFINITION,Medium,Manufacturing/assembly feasibility,Process/tooling/joining/inspection release remains incomplete.,Released drawing + process planning + supplier capability,Critical,Controlled prototype/production process plan
machining,210,,definition,V7_R5_DFM,V7-RC-005,MISSING,DFM_DFA_DEFINITION,Medium,Manufacturing/assembly feasibility,Process/tooling/joining/inspection release remains incomplete.,Released drawing + process planning + supplier capability,Critical,Controlled prototype/production process plan
stamping,210,,definition,V7_R5_DFM,V7-RC-005,MISSING,DFM_DFA_DEFINITION,Medium,Manufacturing/assembly feasibility,Process/tooling/joining/inspection release remains incomplete.,Released drawing + process planning + supplier capability,Critical,Controlled prototype/production process plan
welding,210,,definition,V7_R5_DFM,V7-RC-005,MISSING,DFM_DFA_DEFINITION,Medium,Manufacturing/assembly feasibility,Process/tooling/joining/inspection release remains incomplete.,Released drawing + process planning + supplier capability,Critical,Controlled prototype/production process plan
joining,210,,definition,V7_R5_DFM,V7-RC-005,MISSING,DFM_DFA_DEFINITION,Medium,Manufacturing/assembly feasibility,Process/tooling/joining/inspection release remains incomplete.,Released drawing + process planning + supplier capability,Critical,Controlled prototype/production process plan
casting,210,,definition,V7_R5_DFM,V7-RC-005,MISSING,DFM_DFA_DEFINITION,Medium,Manufacturing/assembly feasibility,Process/tooling/joining/inspection release remains incomplete.,Released drawing + process planning + supplier capability,Critical,Controlled prototype/production process plan
molding,210,,definition,V7_R5_DFM,V7-RC-005,MISSING,DFM_DFA_DEFINITION,Medium,Manufacturing/assembly feasibility,Process/tooling/joining/inspection release remains incomplete.,Released drawing + process planning + supplier capability,Critical,Controlled prototype/production process plan
coating,210,,definition,V7_R5_DFM,V7-RC-005,MISSING,DFM_DFA_DEFINITION,Medium,Manufacturing/assembly feasibility,Process/tooling/joining/inspection release remains incomplete.,Released drawing + process planning + supplier capability,Critical,Controlled prototype/production process plan
heat treatment,210,,definition,V7_R5_DFM,V7-RC-005,MISSING,DFM_DFA_DEFINITION,Medium,Manufacturing/assembly feasibility,Process/tooling/joining/inspection release remains incomplete.,Released drawing + process planning + supplier capability,Critical,Controlled prototype/production process plan
assembly sequence,210,,definition,V7_R5_DFM,V7-RC-005,MISSING,DFM_DFA_DEFINITION,Medium,Manufacturing/assembly feasibility,Process/tooling/joining/inspection release remains incomplete.,Released drawing + process planning + supplier capability,Critical,Controlled prototype/production process plan
tooling access,210,,definition,V7_R5_DFM,V7-RC-005,MISSING,DFM_DFA_DEFINITION,Medium,Manufacturing/assembly feasibility,Process/tooling/joining/inspection release remains incomplete.,Released drawing + process planning + supplier capability,Critical,Controlled prototype/production process plan
inspection access,210,,definition,V7_R5_DFM,V7-RC-005,MISSING,DFM_DFA_DEFINITION,Medium,Manufacturing/assembly feasibility,Process/tooling/joining/inspection release remains incomplete.,Released drawing + process planning + supplier capability,Critical,Controlled prototype/production process plan
service access,210,,definition,V7_R5_DFM,V7-RC-005,MISSING,DFM_DFA_DEFINITION,Medium,Manufacturing/assembly feasibility,Process/tooling/joining/inspection release remains incomplete.,Released drawing + process planning + supplier capability,Critical,Controlled prototype/production process plan
replaceability,210,,definition,V7_R5_DFM,V7-RC-005,MISSING,DFM_DFA_DEFINITION,Medium,Manufacturing/assembly feasibility,Process/tooling/joining/inspection release remains incomplete.,Released drawing + process planning + supplier capability,Critical,Controlled prototype/production process plan
tolerance capability,210,,definition,V7_R5_DFM,V7-RC-005,MISSING,DFM_DFA_DEFINITION,Medium,Manufacturing/assembly feasibility,Process/tooling/joining/inspection release remains incomplete.,Released drawing + process planning + supplier capability,Critical,Controlled prototype/production process plan
production control,210,,definition,V7_R5_DFM,V7-RC-005,MISSING,DFM_DFA_DEFINITION,Medium,Manufacturing/assembly feasibility,Process/tooling/joining/inspection release remains incomplete.,Released drawing + process planning + supplier capability,Critical,Controlled prototype/production process plan
manufacturing process,J,,definition,V7_R5_DFM,V7-RC-005,MISSING,DFM_DFA_DEFINITION,Medium,Manufacturing/assembly feasibility,Process/tooling/joining/inspection release remains incomplete.,Released drawing + process planning + supplier capability,Critical,Controlled prototype/production process plan
forming,J,,definition,V7_R5_DFM,V7-RC-005,MISSING,DFM_DFA_DEFINITION,Medium,Manufacturing/assembly feasibility,Process/tooling/joining/inspection release remains incomplete.,Released drawing + process planning + supplier capability,Critical,Controlled prototype/production process plan
machining,J,,definition,V7_R5_DFM,V7-RC-005,MISSING,DFM_DFA_DEFINITION,Medium,Manufacturing/assembly feasibility,Process/tooling/joining/inspection release remains incomplete.,Released drawing + process planning + supplier capability,Critical,Controlled prototype/production process plan
stamping,J,,definition,V7_R5_DFM,V7-RC-005,MISSING,DFM_DFA_DEFINITION,Medium,Manufacturing/assembly feasibility,Process/tooling/joining/inspection release remains incomplete.,Released drawing + process planning + supplier capability,Critical,Controlled prototype/production process plan
welding,J,,definition,V7_R5_DFM,V7-RC-005,MISSING,DFM_DFA_DEFINITION,Medium,Manufacturing/assembly feasibility,Process/tooling/joining/inspection release remains incomplete.,Released drawing + process planning + supplier capability,Critical,Controlled prototype/production process plan
joining,J,,definition,V7_R5_DFM,V7-RC-005,MISSING,DFM_DFA_DEFINITION,Medium,Manufacturing/assembly feasibility,Process/tooling/joining/inspection release remains incomplete.,Released drawing + process planning + supplier capability,Critical,Controlled prototype/production process plan
casting,J,,definition,V7_R5_DFM,V7-RC-005,MISSING,DFM_DFA_DEFINITION,Medium,Manufacturing/assembly feasibility,Process/tooling/joining/inspection release remains incomplete.,Released drawing + process planning + supplier capability,Critical,Controlled prototype/production process plan
molding,J,,definition,V7_R5_DFM,V7-RC-005,MISSING,DFM_DFA_DEFINITION,Medium,Manufacturing/assembly feasibility,Process/tooling/joining/inspection release remains incomplete.,Released drawing + process planning + supplier capability,Critical,Controlled prototype/production process plan
coating,J,,definition,V7_R5_DFM,V7-RC-005,MISSING,DFM_DFA_DEFINITION,Medium,Manufacturing/assembly feasibility,Process/tooling/joining/inspection release remains incomplete.,Released drawing + process planning + supplier capability,Critical,Controlled prototype/production process plan
heat treatment,J,,definition,V7_R5_DFM,V7-RC-005,MISSING,DFM_DFA_DEFINITION,Medium,Manufacturing/assembly feasibility,Process/tooling/joining/inspection release remains incomplete.,Released drawing + process planning + supplier capability,Critical,Controlled prototype/production process plan
assembly sequence,J,,definition,V7_R5_DFM,V7-RC-005,MISSING,DFM_DFA_DEFINITION,Medium,Manufacturing/assembly feasibility,Process/tooling/joining/inspection release remains incomplete.,Released drawing + process planning + supplier capability,Critical,Controlled prototype/production process plan
tooling access,J,,definition,V7_R5_DFM,V7-RC-005,MISSING,DFM_DFA_DEFINITION,Medium,Manufacturing/assembly feasibility,Process/tooling/joining/inspection release remains incomplete.,Released drawing + process planning + supplier capability,Critical,Controlled prototype/production process plan
inspection access,J,,definition,V7_R5_DFM,V7-RC-005,MISSING,DFM_DFA_DEFINITION,Medium,Manufacturing/assembly feasibility,Process/tooling/joining/inspection release remains incomplete.,Released drawing + process planning + supplier capability,Critical,Controlled prototype/production process plan
service access,J,,definition,V7_R5_DFM,V7-RC-005,MISSING,DFM_DFA_DEFINITION,Medium,Manufacturing/assembly feasibility,Process/tooling/joining/inspection release remains incomplete.,Released drawing + process planning + supplier capability,Critical,Controlled prototype/production process plan
replaceability,J,,definition,V7_R5_DFM,V7-RC-005,MISSING,DFM_DFA_DEFINITION,Medium,Manufacturing/assembly feasibility,Process/tooling/joining/inspection release remains incomplete.,Released drawing + process planning + supplier capability,Critical,Controlled prototype/production process plan
tolerance capability,J,,definition,V7_R5_DFM,V7-RC-005,MISSING,DFM_DFA_DEFINITION,Medium,Manufacturing/assembly feasibility,Process/tooling/joining/inspection release remains incomplete.,Released drawing + process planning + supplier capability,Critical,Controlled prototype/production process plan
production control,J,,definition,V7_R5_DFM,V7-RC-005,MISSING,DFM_DFA_DEFINITION,Medium,Manufacturing/assembly feasibility,Process/tooling/joining/inspection release remains incomplete.,Released drawing + process planning + supplier capability,Critical,Controlled prototype/production process plan
forming feasibility,100–210/J,,definition / process capability,V7_R5_DFM,V7-RC-005,MISSING,DFM_DFA_GAP,None,Manufacturing feasibility,No controlled value or released process evidence.,Released manufacturing package + supplier process data,Critical,Process design/review evidence
springback,100–210/J,,definition / process capability,V7_R5_DFM,V7-RC-005,MISSING,DFM_DFA_GAP,None,Manufacturing feasibility,No controlled value or released process evidence.,Released manufacturing package + supplier process data,Critical,Process design/review evidence
minimum bend radius,100–210/J,,definition / process capability,V7_R5_DFM,V7-RC-005,MISSING,DFM_DFA_GAP,None,Manufacturing feasibility,No controlled value or released process evidence.,Released manufacturing package + supplier process data,Critical,Process design/review evidence
weld access,100–210/J,,definition / process capability,V7_R5_DFM,V7-RC-005,MISSING,DFM_DFA_GAP,None,Manufacturing feasibility,No controlled value or released process evidence.,Released manufacturing package + supplier process data,Critical,Process design/review evidence
fastener tool access,100–210/J,,definition / process capability,V7_R5_DFM,V7-RC-005,MISSING,DFM_DFA_GAP,None,Manufacturing feasibility,No controlled value or released process evidence.,Released manufacturing package + supplier process data,Critical,Process design/review evidence
assembly sequence,100–210/J,,definition / process capability,V7_R5_DFM,V7-RC-005,MISSING,DFM_DFA_GAP,None,Manufacturing feasibility,No controlled value or released process evidence.,Released manufacturing package + supplier process data,Critical,Process design/review evidence
error-proofing,100–210/J,,definition / process capability,V7_R5_DFM,V7-RC-005,MISSING,DFM_DFA_GAP,None,Manufacturing feasibility,No controlled value or released process evidence.,Released manufacturing package + supplier process data,Critical,Process design/review evidence
service removal path,100–210/J,,definition / process capability,V7_R5_DFM,V7-RC-005,MISSING,DFM_DFA_GAP,None,Manufacturing feasibility,No controlled value or released process evidence.,Released manufacturing package + supplier process data,Critical,Process design/review evidence
cartridge replacement procedure,100–210/J,,definition / process capability,V7_R5_DFM,V7-RC-005,MISSING,DFM_DFA_GAP,None,Manufacturing feasibility,No controlled value or released process evidence.,Released manufacturing package + supplier process data,Critical,Process design/review evidence
lock serviceability,100–210/J,,definition / process capability,V7_R5_DFM,V7-RC-005,MISSING,DFM_DFA_GAP,None,Manufacturing feasibility,No controlled value or released process evidence.,Released manufacturing package + supplier process data,Critical,Process design/review evidence
rebound module serviceability,100–210/J,,definition / process capability,V7_R5_DFM,V7-RC-005,MISSING,DFM_DFA_GAP,None,Manufacturing feasibility,No controlled value or released process evidence.,Released manufacturing package + supplier process data,Critical,Process design/review evidence
inspection datum strategy,100–210/J,,definition / process capability,V7_R5_DFM,V7-RC-005,MISSING,DFM_DFA_GAP,None,Manufacturing feasibility,No controlled value or released process evidence.,Released manufacturing package + supplier process data,Critical,Process design/review evidence
process capability Cp/Cpk,100–210/J,,definition / process capability,V7_R5_DFM,V7-RC-005,MISSING,DFM_DFA_GAP,None,Manufacturing feasibility,No controlled value or released process evidence.,Released manufacturing package + supplier process data,Critical,Process design/review evidence
manufacturing traceability,100–210/J,,definition / process capability,V7_R5_DFM,V7-RC-005,MISSING,DFM_DFA_GAP,None,Manufacturing feasibility,No controlled value or released process evidence.,Released manufacturing package + supplier process data,Critical,Process design/review evidence
geometry,SYSTEM,Current reconstructed geometry,definition/SI,V7_R5_CAE / V7_CAE_MANIFEST,V7-RC-005/V7-RC-001,SOURCE_SUPPORTED,GEOMETRY_AVAILABLE,None,CAE execution readiness,Critical CAE input is unresolved or not authorized for execution.,Controlled source inputs + model setup + authorized execution,Critical,Complete CAE input deck and execute only under authorized gate
mesh strategy,SYSTEM,,definition/SI,V7_R5_CAE / V7_CAE_MANIFEST,V7-RC-005/V7-RC-001,CAE_REQUIRED,CAE_INPUT_GAP,None,CAE execution readiness,Critical CAE input is unresolved or not authorized for execution.,Controlled source inputs + model setup + authorized execution,Critical,Complete CAE input deck and execute only under authorized gate
material,SYSTEM,,definition/SI,V7_R5_CAE / V7_CAE_MANIFEST,V7-RC-005/V7-RC-001,MISSING,CAE_DEPENDENCY_BLOCKED,None,CAE execution readiness,Critical CAE input is unresolved or not authorized for execution.,Controlled source inputs + model setup + authorized execution,Critical,Complete CAE input deck and execute only under authorized gate
density,SYSTEM,,definition/SI,V7_R5_CAE / V7_CAE_MANIFEST,V7-RC-005/V7-RC-001,MISSING,CAE_DEPENDENCY_BLOCKED,None,CAE execution readiness,Critical CAE input is unresolved or not authorized for execution.,Controlled source inputs + model setup + authorized execution,Critical,Complete CAE input deck and execute only under authorized gate
mass,SYSTEM,,definition/SI,V7_R5_CAE / V7_CAE_MANIFEST,V7-RC-005/V7-RC-001,MISSING,CAE_DEPENDENCY_BLOCKED,None,CAE execution readiness,Critical CAE input is unresolved or not authorized for execution.,Controlled source inputs + model setup + authorized execution,Critical,Complete CAE input deck and execute only under authorized gate
CG,SYSTEM,,definition/SI,V7_R5_CAE / V7_CAE_MANIFEST,V7-RC-005/V7-RC-001,MISSING,CAE_DEPENDENCY_BLOCKED,None,CAE execution readiness,Critical CAE input is unresolved or not authorized for execution.,Controlled source inputs + model setup + authorized execution,Critical,Complete CAE input deck and execute only under authorized gate
inertia,SYSTEM,,definition/SI,V7_R5_CAE / V7_CAE_MANIFEST,V7-RC-005/V7-RC-001,MISSING,CAE_DEPENDENCY_BLOCKED,None,CAE execution readiness,Critical CAE input is unresolved or not authorized for execution.,Controlled source inputs + model setup + authorized execution,Critical,Complete CAE input deck and execute only under authorized gate
contacts,SYSTEM,,definition/SI,V7_R5_CAE / V7_CAE_MANIFEST,V7-RC-005/V7-RC-001,CAE_REQUIRED,CAE_INPUT_GAP,None,CAE execution readiness,Critical CAE input is unresolved or not authorized for execution.,Controlled source inputs + model setup + authorized execution,Critical,Complete CAE input deck and execute only under authorized gate
friction,SYSTEM,,definition/SI,V7_R5_CAE / V7_CAE_MANIFEST,V7-RC-005/V7-RC-001,CAE_REQUIRED,CAE_DEPENDENCY_BLOCKED,None,CAE execution readiness,Critical CAE input is unresolved or not authorized for execution.,Controlled source inputs + model setup + authorized execution,Critical,Complete CAE input deck and execute only under authorized gate
damping,SYSTEM,,definition/SI,V7_R5_CAE / V7_CAE_MANIFEST,V7-RC-005/V7-RC-001,CAE_REQUIRED,CAE_INPUT_GAP,None,CAE execution readiness,Critical CAE input is unresolved or not authorized for execution.,Controlled source inputs + model setup + authorized execution,Critical,Complete CAE input deck and execute only under authorized gate
joint behavior,SYSTEM,,definition/SI,V7_R5_CAE / V7_CAE_MANIFEST,V7-RC-005/V7-RC-001,CAE_REQUIRED,CAE_INPUT_GAP,None,CAE execution readiness,Critical CAE input is unresolved or not authorized for execution.,Controlled source inputs + model setup + authorized execution,Critical,Complete CAE input deck and execute only under authorized gate
fastener behavior,SYSTEM,,definition/SI,V7_R5_CAE / V7_CAE_MANIFEST,V7-RC-005/V7-RC-001,CAE_REQUIRED,CAE_INPUT_GAP,None,CAE execution readiness,Critical CAE input is unresolved or not authorized for execution.,Controlled source inputs + model setup + authorized execution,Critical,Complete CAE input deck and execute only under authorized gate
boundary conditions,SYSTEM,,definition/SI,V7_R5_CAE / V7_CAE_MANIFEST,V7-RC-005/V7-RC-001,CAE_REQUIRED,CAE_INPUT_GAP,None,CAE execution readiness,Critical CAE input is unresolved or not authorized for execution.,Controlled source inputs + model setup + authorized execution,Critical,Complete CAE input deck and execute only under authorized gate
crash pulse,SYSTEM,,definition/SI,V7_R5_CAE / V7_CAE_MANIFEST,V7-RC-005/V7-RC-001,OEM_INPUT_REQUIRED,CAE_DEPENDENCY_BLOCKED,None,CAE execution readiness,Critical CAE input is unresolved or not authorized for execution.,Controlled source inputs + model setup + authorized execution,Critical,Complete CAE input deck and execute only under authorized gate
initial velocity,SYSTEM,,definition/SI,V7_R5_CAE / V7_CAE_MANIFEST,V7-RC-005/V7-RC-001,OEM_INPUT_REQUIRED,CAE_DEPENDENCY_BLOCKED,None,CAE execution readiness,Critical CAE input is unresolved or not authorized for execution.,Controlled source inputs + model setup + authorized execution,Critical,Complete CAE input deck and execute only under authorized gate
restraint model,SYSTEM,,definition/SI,V7_R5_CAE / V7_CAE_MANIFEST,V7-RC-005/V7-RC-001,CAE_REQUIRED,CAE_INPUT_GAP,None,CAE execution readiness,Critical CAE input is unresolved or not authorized for execution.,Controlled source inputs + model setup + authorized execution,Critical,Complete CAE input deck and execute only under authorized gate
occupant model,SYSTEM,,definition/SI,V7_R5_CAE / V7_CAE_MANIFEST,V7-RC-005/V7-RC-001,CAE_REQUIRED,CAE_INPUT_GAP,None,CAE execution readiness,Critical CAE input is unresolved or not authorized for execution.,Controlled source inputs + model setup + authorized execution,Critical,Complete CAE input deck and execute only under authorized gate
acceptance criteria,SYSTEM,,definition/SI,V7_R5_CAE / V7_CAE_MANIFEST,V7-RC-005/V7-RC-001,CAE_REQUIRED,CAE_INPUT_GAP,None,CAE execution readiness,Critical CAE input is unresolved or not authorized for execution.,Controlled source inputs + model setup + authorized execution,Critical,Complete CAE input deck and execute only under authorized gate
solver configuration,SYSTEM,,definition/SI,V7_R5_CAE / V7_CAE_MANIFEST,V7-RC-005/V7-RC-001,CAE_REQUIRED,CAE_INPUT_GAP,None,CAE execution readiness,Critical CAE input is unresolved or not authorized for execution.,Controlled source inputs + model setup + authorized execution,Critical,Complete CAE input deck and execute only under authorized gate
CAD evidence,SYSTEM/P0-001..012,Available at model/definition level,evidence,V7_VALIDATION_MATRIX + current audits,V7-RC-001/004/005,PARTIAL,VALIDATION_MATRIX,High,Verification evidence,Execution/result evidence is incomplete or absent; model definitions do not equal validation.,Gate-specific execution and raw evidence,Critical,Gate-controlled test/CAE evidence
MBD evidence,SYSTEM/P0-001..012,Available at model/definition level,evidence,V7_VALIDATION_MATRIX + current audits,V7-RC-001/004/005,PARTIAL,VALIDATION_MATRIX,High,Verification evidence,Execution/result evidence is incomplete or absent; model definitions do not equal validation.,Gate-specific execution and raw evidence,Critical,Gate-controlled test/CAE evidence
component test,SYSTEM/P0-001..012,,evidence,V7_VALIDATION_MATRIX + current audits,V7-RC-001/004/005,TEST_REQUIRED,VALIDATION_MATRIX,None,Verification evidence,Execution/result evidence is incomplete or absent; model definitions do not equal validation.,Gate-specific execution and raw evidence,Critical,Gate-controlled test/CAE evidence
bench test,SYSTEM/P0-001..012,,evidence,V7_VALIDATION_MATRIX + current audits,V7-RC-001/004/005,MISSING,VALIDATION_MATRIX,None,Verification evidence,Execution/result evidence is incomplete or absent; model definitions do not equal validation.,Gate-specific execution and raw evidence,Critical,Gate-controlled test/CAE evidence
structural FE,SYSTEM/P0-001..012,,evidence,V7_VALIDATION_MATRIX + current audits,V7-RC-001/004/005,MISSING,VALIDATION_MATRIX,None,Verification evidence,Execution/result evidence is incomplete or absent; model definitions do not equal validation.,Gate-specific execution and raw evidence,Critical,Gate-controlled test/CAE evidence
seat+restraint coupled FE/HBM,SYSTEM/P0-001..012,,evidence,V7_VALIDATION_MATRIX + current audits,V7-RC-001/004/005,MISSING,VALIDATION_MATRIX,None,Verification evidence,Execution/result evidence is incomplete or absent; model definitions do not equal validation.,Gate-specific execution and raw evidence,Critical,Gate-controlled test/CAE evidence
instrumented sled,SYSTEM/P0-001..012,,evidence,V7_VALIDATION_MATRIX + current audits,V7-RC-001/004/005,MISSING,VALIDATION_MATRIX,None,Verification evidence,Execution/result evidence is incomplete or absent; model definitions do not equal validation.,Gate-specific execution and raw evidence,Critical,Gate-controlled test/CAE evidence
FE correlation,SYSTEM/P0-001..012,,evidence,V7_VALIDATION_MATRIX + current audits,V7-RC-001/004/005,MISSING,VALIDATION_MATRIX,None,Verification evidence,Execution/result evidence is incomplete or absent; model definitions do not equal validation.,Gate-specific execution and raw evidence,Critical,Gate-controlled test/CAE evidence
full vehicle test,SYSTEM/P0-001..012,,evidence,V7_VALIDATION_MATRIX + current audits,V7-RC-001/004/005,MISSING,VALIDATION_MATRIX,None,Verification evidence,Execution/result evidence is incomplete or absent; model definitions do not equal validation.,Gate-specific execution and raw evidence,Critical,Gate-controlled test/CAE evidence
regulatory evidence,SYSTEM/P0-001..012,,evidence,V7_VALIDATION_MATRIX + current audits,V7-RC-001/004/005,MISSING,VALIDATION_MATRIX,None,Verification evidence,Execution/result evidence is incomplete or absent; model definitions do not equal validation.,Gate-specific execution and raw evidence,Critical,Gate-controlled test/CAE evidence
Requirement P0-001 closure,100 + V7 stable architecture,PARTIAL,status,V7_GAP_REGISTER,V7-GAP,PARTIAL,12-requirement gap register,High,Requirement closure,No requirement is fully closed; missing evidence remains.,Evidence ladder per requirement,Critical,Gate-specific evidence closure
Requirement P0-002 closure,110L/110R,PARTIAL,status,V7_GAP_REGISTER,V7-GAP,PARTIAL,12-requirement gap register,High,Requirement closure,No requirement is fully closed; missing evidence remains.,Evidence ladder per requirement,Critical,Gate-specific evidence closure
Requirement P0-003 closure,120,PARTIAL,status,V7_GAP_REGISTER,V7-GAP,PARTIAL,12-requirement gap register,High,Requirement closure,No requirement is fully closed; missing evidence remains.,Evidence ladder per requirement,Critical,Gate-specific evidence closure
Requirement P0-004 closure,130,PARTIAL,status,V7_GAP_REGISTER,V7-GAP,PARTIAL,12-requirement gap register,High,Requirement closure,No requirement is fully closed; missing evidence remains.,Evidence ladder per requirement,Critical,Gate-specific evidence closure
Requirement P0-005 closure,110L/110R + 120 + 130,PARTIAL,status,V7_GAP_REGISTER,V7-GAP,PARTIAL,12-requirement gap register,High,Requirement closure,No requirement is fully closed; missing evidence remains.,Evidence ladder per requirement,Critical,Gate-specific evidence closure
Requirement P0-006 closure,140,PARTIAL,status,V7_GAP_REGISTER,V7-GAP,PARTIAL,12-requirement gap register,High,Requirement closure,No requirement is fully closed; missing evidence remains.,Evidence ladder per requirement,Critical,Gate-specific evidence closure
Requirement P0-007 closure,150L,PARTIAL,status,V7_GAP_REGISTER,V7-GAP,PARTIAL,12-requirement gap register,High,Requirement closure,No requirement is fully closed; missing evidence remains.,Evidence ladder per requirement,Critical,Gate-specific evidence closure
Requirement P0-008 closure,150R,PARTIAL,status,V7_GAP_REGISTER,V7-GAP,PARTIAL,12-requirement gap register,High,Requirement closure,No requirement is fully closed; missing evidence remains.,Evidence ladder per requirement,Critical,Gate-specific evidence closure
Requirement P0-009 closure,160,PARTIAL,status,V7_GAP_REGISTER,V7-GAP,PARTIAL,12-requirement gap register,High,Requirement closure,No requirement is fully closed; missing evidence remains.,Evidence ladder per requirement,Critical,Gate-specific evidence closure
Requirement P0-010 closure,170,PARTIAL,status,V7_GAP_REGISTER,V7-GAP,PARTIAL,12-requirement gap register,High,Requirement closure,No requirement is fully closed; missing evidence remains.,Evidence ladder per requirement,Critical,Gate-specific evidence closure
Requirement P0-011 closure,180,PARTIAL,status,V7_GAP_REGISTER,V7-GAP,PARTIAL,12-requirement gap register,High,Requirement closure,No requirement is fully closed; missing evidence remains.,Evidence ladder per requirement,Critical,Gate-specific evidence closure
Requirement P0-012 closure,190,PARTIAL,status,V7_GAP_REGISTER,V7-GAP,PARTIAL,12-requirement gap register,High,Requirement closure,No requirement is fully closed; missing evidence remains.,Evidence ladder per requirement,Critical,Gate-specific evidence closure
PMHS study test configuration,SYSTEM/160/190/200,56,km/h,V5_REPORT,V5,DESIGN_ASSUMPTION,LEGACY_SOURCE_VALUE,High,Legacy/source traceability,Value belongs to source-study or legacy methodology and is not a current V7 controlled engineering fact.,Current controlled test definition before use,High,Explicit source-bound validation or test configuration
PMHS seatback/rear-facing configuration,SYSTEM/160/190/200,25 / 45,deg,V5_REPORT,V5,DESIGN_ASSUMPTION,LEGACY_SOURCE_VALUE,High,Legacy/source traceability,Value belongs to source-study or legacy methodology and is not a current V7 controlled engineering fact.,Current controlled test definition before use,High,Explicit source-bound validation or test configuration
FMVSS-214 MDB laboratory mapping,SYSTEM/160/190/200,53.9,km/h,V5_REPORT,V5,DESIGN_ASSUMPTION,LEGACY_SOURCE_VALUE,High,Legacy/source traceability,Value belongs to source-study or legacy methodology and is not a current V7 controlled engineering fact.,Current controlled test definition before use,High,Explicit source-bound validation or test configuration
HIC criterion cited by source procedure,SYSTEM/160/190/200,1000,HIC,V5_REPORT,V5,DESIGN_ASSUMPTION,LEGACY_SOURCE_VALUE,High,Legacy/source traceability,Value belongs to source-study or legacy methodology and is not a current V7 controlled engineering fact.,Current controlled test definition before use,High,Explicit source-bound validation or test configuration
male rib deflection criterion,SYSTEM/160/190/200,44,mm,V5_REPORT,V5,DESIGN_ASSUMPTION,LEGACY_SOURCE_VALUE,High,Legacy/source traceability,Value belongs to source-study or legacy methodology and is not a current V7 controlled engineering fact.,Current controlled test definition before use,High,Explicit source-bound validation or test configuration
abdominal criterion,SYSTEM/160/190/200,2.5,kN,V5_REPORT,V5,DESIGN_ASSUMPTION,LEGACY_SOURCE_VALUE,High,Legacy/source traceability,Value belongs to source-study or legacy methodology and is not a current V7 controlled engineering fact.,Current controlled test definition before use,High,Explicit source-bound validation or test configuration
pubic symphysis criterion,SYSTEM/160/190/200,6.0,kN,V5_REPORT,V5,DESIGN_ASSUMPTION,LEGACY_SOURCE_VALUE,High,Legacy/source traceability,Value belongs to source-study or legacy methodology and is not a current V7 controlled engineering fact.,Current controlled test definition before use,High,Explicit source-bound validation or test configuration
seatback rearward moment requirement cited in source study,SYSTEM/160/190/200,373,N·m,V5_REPORT,V5,DESIGN_ASSUMPTION,LEGACY_SOURCE_VALUE,High,Legacy/source traceability,Value belongs to source-study or legacy methodology and is not a current V7 controlled engineering fact.,Current controlled test definition before use,High,Explicit source-bound validation or test configuration
baseline virtual pulse,SYSTEM/160/190/200,16,g,V5_REPORT,V5,DESIGN_ASSUMPTION,LEGACY_SOURCE_VALUE,High,Legacy/source traceability,Value belongs to source-study or legacy methodology and is not a current V7 controlled engineering fact.,Current controlled test definition before use,High,Explicit source-bound validation or test configuration
scaled pulse,SYSTEM/160/190/200,25.6,g,V5_REPORT,V5,DESIGN_ASSUMPTION,LEGACY_SOURCE_VALUE,High,Legacy/source traceability,Value belongs to source-study or legacy methodology and is not a current V7 controlled engineering fact.,Current controlled test definition before use,High,Explicit source-bound validation or test configuration
nominal source-study occupant,SYSTEM/160/190/200,75,kg,V5_REPORT,V5,DESIGN_ASSUMPTION,LEGACY_SOURCE_VALUE,High,Legacy/source traceability,Value belongs to source-study or legacy methodology and is not a current V7 controlled engineering fact.,Current controlled test definition before use,High,Explicit source-bound validation or test configuration
nominal source-study initial velocity,SYSTEM/160/190/200,15.6,m/s,V5_REPORT,V5,DESIGN_ASSUMPTION,LEGACY_SOURCE_VALUE,High,Legacy/source traceability,Value belongs to source-study or legacy methodology and is not a current V7 controlled engineering fact.,Current controlled test definition before use,High,Explicit source-bound validation or test configuration
nominal source-study kinetic energy,SYSTEM/160/190/200,9.1,kJ,V5_REPORT,V5,DESIGN_ASSUMPTION,LEGACY_SOURCE_VALUE,High,Legacy/source traceability,Value belongs to source-study or legacy methodology and is not a current V7 controlled engineering fact.,Current controlled test definition before use,High,Explicit source-bound validation or test configuration
screening target seatback rotation,SYSTEM/160/190/200,25,deg,V5_REPORT,V5,DESIGN_ASSUMPTION,LEGACY_SOURCE_VALUE,High,Legacy/source traceability,Value belongs to source-study or legacy methodology and is not a current V7 controlled engineering fact.,Current controlled test definition before use,High,Explicit source-bound validation or test configuration
Disclosure numeric trace: acceleration,SYSTEM/160/130,25.6,g,V7_DISCLOSURE p.6,V7.0,SOURCE_SUPPORTED,DISCLOSURE_NUMERIC_TRACE,High,Numerical source ledger,Must remain source-bound; not current measured T-OCS evidence.,Current controlled engineering/test evidence,High,Use only with explicit source classification
Disclosure numeric trace: length,SYSTEM/160/130,180,mm,V7_DISCLOSURE p.6,V7.0,DESIGN_ASSUMPTION,DISCLOSURE_NUMERIC_TRACE,High,Numerical source ledger,Must remain source-bound; not current measured T-OCS evidence.,Current controlled engineering/test evidence,High,Use only with explicit source classification
Disclosure numeric trace: force range,SYSTEM/160/130,18–22,kN,V7_DISCLOSURE p.6,V7.0,DESIGN_ASSUMPTION,DISCLOSURE_NUMERIC_TRACE,High,Numerical source ledger,Must remain source-bound; not current measured T-OCS evidence.,Current controlled engineering/test evidence,High,Use only with explicit source classification
Disclosure numeric trace: acceleration,SYSTEM/160/130,25.6,g,V7_DISCLOSURE p.11,V7.0,SOURCE_SUPPORTED,DISCLOSURE_NUMERIC_TRACE,High,Numerical source ledger,Must remain source-bound; not current measured T-OCS evidence.,Current controlled engineering/test evidence,High,Use only with explicit source classification
Disclosure numeric trace: length,SYSTEM/160/130,180,mm,V7_DISCLOSURE p.16,V7.0,DESIGN_ASSUMPTION,DISCLOSURE_NUMERIC_TRACE,High,Numerical source ledger,Must remain source-bound; not current measured T-OCS evidence.,Current controlled engineering/test evidence,High,Use only with explicit source classification
Disclosure numeric trace: time,SYSTEM/160/130,400,ms,V7_DISCLOSURE p.17,V7.0,DESIGN_ASSUMPTION,DISCLOSURE_NUMERIC_TRACE,High,Numerical source ledger,Must remain source-bound; not current measured T-OCS evidence.,Current controlled engineering/test evidence,High,Use only with explicit source classification
Disclosure numeric trace: time,SYSTEM/160/130,400,ms,V7_DISCLOSURE p.29,V7.0,DESIGN_ASSUMPTION,DISCLOSURE_NUMERIC_TRACE,High,Numerical source ledger,Must remain source-bound; not current measured T-OCS evidence.,Current controlled engineering/test evidence,High,Use only with explicit source classification
Disclosure numeric trace: acceleration,SYSTEM/160/130,25.6,g,V6_DISCLOSURE p.2,V6.0,SOURCE_SUPPORTED,DISCLOSURE_NUMERIC_TRACE,High,Numerical source ledger,Must remain source-bound; not current measured T-OCS evidence.,Current controlled engineering/test evidence,High,Use only with explicit source classification
Disclosure numeric trace: length,SYSTEM/160/130,180,mm,V6_DISCLOSURE p.7,V6.0,DESIGN_ASSUMPTION,DISCLOSURE_NUMERIC_TRACE,High,Numerical source ledger,Must remain source-bound; not current measured T-OCS evidence.,Current controlled engineering/test evidence,High,Use only with explicit source classification
Disclosure numeric trace: time,SYSTEM/160/130,400,ms,V6_DISCLOSURE p.8,V6.0,DESIGN_ASSUMPTION,DISCLOSURE_NUMERIC_TRACE,High,Numerical source ledger,Must remain source-bound; not current measured T-OCS evidence.,Current controlled engineering/test evidence,High,Use only with explicit source classification
Disclosure numeric trace: time,SYSTEM/160/130,400,ms,V6_DISCLOSURE p.20,V6.0,DESIGN_ASSUMPTION,DISCLOSURE_NUMERIC_TRACE,High,Numerical source ledger,Must remain source-bound; not current measured T-OCS evidence.,Current controlled engineering/test evidence,High,Use only with explicit source classification
B-Rep common volume,IF-R4-01,30250.000000000004,mm3,V7_R4_INTERFACE_GEOM,V7-RC-004,MODEL_DERIVED,BREP_COMMON_VOLUME,High,Interface geometric evidence,Common volume proves geometric overlap/contact evidence only; mechanical semantics not proven.,Interface semantics + released geometry,High,Controlled interface definition
Relative position proxy,IF-R4-01,"[0.0, -191.0, 232.5]",mm,V7_R4_INTERFACE_GEOM,V7-RC-004,MODEL_DERIVED,BREP_POSITION_PROXY,Medium,Interface location traceability,Proxy frame not a released vehicle datum.,Controlled datum,High,Release datum map
Common bbox,IF-R4-01,"[-27.50000015, -202.00000015, 219.99999985, 27.50000015, -179.99999985, 245.00000015]",mm,V7_R4_INTERFACE_GEOM,V7-RC-004,MODEL_DERIVED,BREP_COMMON_BBOX,High,Interface geometric evidence,Not a clearance/tolerance specification.,Released geometry + tolerance,High,Released interface drawing
Mechanical purpose,IF-R4-01,NOT_PROVEN,definition,V7_R4_INTERFACE_FORENSICS,V7-RC-004,MISSING,SEMANTICS_PENDING,None,Interface semantics,Forensic register marks mechanical purpose not proven.,Joint/function definition,Critical,Controlled interface semantics
Relative motion semantics,IF-R4-01,NOT_PROVEN,definition,V7_R4_INTERFACE_FORENSICS,V7-RC-004,MISSING,SEMANTICS_PENDING,None,Interface kinematics,Relative motion not proven physically.,Joint definition + physical inspection,Critical,Controlled interface mechanics
Axis/datum semantics,IF-R4-01,NOT_PROVEN,definition,V7_R4_INTERFACE_FORENSICS,V7-RC-004,MISSING,SEMANTICS_PENDING,None,Interface datum,Axis/datum not proven.,Released datum scheme,Critical,Controlled datum assignment
B-Rep common volume,IF-R4-02,30250.000000000004,mm3,V7_R4_INTERFACE_GEOM,V7-RC-004,MODEL_DERIVED,BREP_COMMON_VOLUME,High,Interface geometric evidence,Common volume proves geometric overlap/contact evidence only; mechanical semantics not proven.,Interface semantics + released geometry,High,Controlled interface definition
Relative position proxy,IF-R4-02,"[0.0, 191.0, 232.5]",mm,V7_R4_INTERFACE_GEOM,V7-RC-004,MODEL_DERIVED,BREP_POSITION_PROXY,Medium,Interface location traceability,Proxy frame not a released vehicle datum.,Controlled datum,High,Release datum map
Common bbox,IF-R4-02,"[-27.50000015, 179.99999985, 219.99999985, 27.50000015, 202.00000015, 245.00000015]",mm,V7_R4_INTERFACE_GEOM,V7-RC-004,MODEL_DERIVED,BREP_COMMON_BBOX,High,Interface geometric evidence,Not a clearance/tolerance specification.,Released geometry + tolerance,High,Released interface drawing
Mechanical purpose,IF-R4-02,NOT_PROVEN,definition,V7_R4_INTERFACE_FORENSICS,V7-RC-004,MISSING,SEMANTICS_PENDING,None,Interface semantics,Forensic register marks mechanical purpose not proven.,Joint/function definition,Critical,Controlled interface semantics
Relative motion semantics,IF-R4-02,NOT_PROVEN,definition,V7_R4_INTERFACE_FORENSICS,V7-RC-004,MISSING,SEMANTICS_PENDING,None,Interface kinematics,Relative motion not proven physically.,Joint definition + physical inspection,Critical,Controlled interface mechanics
Axis/datum semantics,IF-R4-02,NOT_PROVEN,definition,V7_R4_INTERFACE_FORENSICS,V7-RC-004,MISSING,SEMANTICS_PENDING,None,Interface datum,Axis/datum not proven.,Released datum scheme,Critical,Controlled datum assignment
B-Rep common volume,IF-R4-03,113574.99999999996,mm3,V7_R4_INTERFACE_GEOM,V7-RC-004,MODEL_DERIVED,BREP_COMMON_VOLUME,High,Interface geometric evidence,Common volume proves geometric overlap/contact evidence only; mechanical semantics not proven.,Interface semantics + released geometry,High,Controlled interface definition
Relative position proxy,IF-R4-03,"[0.0, 0.0, 226.5]",mm,V7_R4_INTERFACE_GEOM,V7-RC-004,MODEL_DERIVED,BREP_POSITION_PROXY,Medium,Interface location traceability,Proxy frame not a released vehicle datum.,Controlled datum,High,Release datum map
Common bbox,IF-R4-03,"[-27.50000015, -215.00000015, 207.99999985, 27.50000015, 215.00000015, 245.00000015]",mm,V7_R4_INTERFACE_GEOM,V7-RC-004,MODEL_DERIVED,BREP_COMMON_BBOX,High,Interface geometric evidence,Not a clearance/tolerance specification.,Released geometry + tolerance,High,Released interface drawing
Mechanical purpose,IF-R4-03,NOT_PROVEN,definition,V7_R4_INTERFACE_FORENSICS,V7-RC-004,MISSING,SEMANTICS_PENDING,None,Interface semantics,Forensic register marks mechanical purpose not proven.,Joint/function definition,Critical,Controlled interface semantics
Relative motion semantics,IF-R4-03,NOT_PROVEN,definition,V7_R4_INTERFACE_FORENSICS,V7-RC-004,MISSING,SEMANTICS_PENDING,None,Interface kinematics,Relative motion not proven physically.,Joint definition + physical inspection,Critical,Controlled interface mechanics
Axis/datum semantics,IF-R4-03,NOT_PROVEN,definition,V7_R4_INTERFACE_FORENSICS,V7-RC-004,MISSING,SEMANTICS_PENDING,None,Interface datum,Axis/datum not proven.,Released datum scheme,Critical,Controlled datum assignment
B-Rep common volume,IF-R4-04,7671.875043127121,mm3,V7_R4_INTERFACE_GEOM,V7-RC-004,MODEL_DERIVED,BREP_COMMON_VOLUME,High,Interface geometric evidence,Common volume proves geometric overlap/contact evidence only; mechanical semantics not proven.,Interface semantics + released geometry,High,Controlled interface definition
Relative position proxy,IF-R4-04,"[-20.0, 0.0, 360.0]",mm,V7_R4_INTERFACE_GEOM,V7-RC-004,MODEL_DERIVED,BREP_POSITION_PROXY,Medium,Interface location traceability,Proxy frame not a released vehicle datum.,Controlled datum,High,Release datum map
Common bbox,IF-R4-04,"[-80.000005, -240.000005, 199.999995, 40.000005, 240.000005, 520.000005]",mm,V7_R4_INTERFACE_GEOM,V7-RC-004,MODEL_DERIVED,BREP_COMMON_BBOX,High,Interface geometric evidence,Not a clearance/tolerance specification.,Released geometry + tolerance,High,Released interface drawing
Mechanical purpose,IF-R4-04,NOT_PROVEN,definition,V7_R4_INTERFACE_FORENSICS,V7-RC-004,MISSING,SEMANTICS_PENDING,None,Interface semantics,Forensic register marks mechanical purpose not proven.,Joint/function definition,Critical,Controlled interface semantics
Relative motion semantics,IF-R4-04,NOT_PROVEN,definition,V7_R4_INTERFACE_FORENSICS,V7-RC-004,MISSING,SEMANTICS_PENDING,None,Interface kinematics,Relative motion not proven physically.,Joint definition + physical inspection,Critical,Controlled interface mechanics
Axis/datum semantics,IF-R4-04,NOT_PROVEN,definition,V7_R4_INTERFACE_FORENSICS,V7-RC-004,MISSING,SEMANTICS_PENDING,None,Interface datum,Axis/datum not proven.,Released datum scheme,Critical,Controlled datum assignment
B-Rep common volume,IF-R4-05,303345.23168198584,mm3,V7_R4_INTERFACE_GEOM,V7-RC-004,MODEL_DERIVED,BREP_COMMON_VOLUME,High,Interface geometric evidence,Common volume proves geometric overlap/contact evidence only; mechanical semantics not proven.,Interface semantics + released geometry,High,Controlled interface definition
Relative position proxy,IF-R4-05,"[-10.0, -180.0, 240.0]",mm,V7_R4_INTERFACE_GEOM,V7-RC-004,MODEL_DERIVED,BREP_POSITION_PROXY,Medium,Interface location traceability,Proxy frame not a released vehicle datum.,Controlled datum,High,Release datum map
Common bbox,IF-R4-05,"[-150.00000015, -202.00000015, 219.99999985, 130.00000015, -157.99999985, 260.00000015]",mm,V7_R4_INTERFACE_GEOM,V7-RC-004,MODEL_DERIVED,BREP_COMMON_BBOX,High,Interface geometric evidence,Not a clearance/tolerance specification.,Released geometry + tolerance,High,Released interface drawing
Mechanical purpose,IF-R4-05,NOT_PROVEN,definition,V7_R4_INTERFACE_FORENSICS,V7-RC-004,MISSING,SEMANTICS_PENDING,None,Interface semantics,Forensic register marks mechanical purpose not proven.,Joint/function definition,Critical,Controlled interface semantics
Relative motion semantics,IF-R4-05,NOT_PROVEN,definition,V7_R4_INTERFACE_FORENSICS,V7-RC-004,MISSING,SEMANTICS_PENDING,None,Interface kinematics,Relative motion not proven physically.,Joint definition + physical inspection,Critical,Controlled interface mechanics
Axis/datum semantics,IF-R4-05,NOT_PROVEN,definition,V7_R4_INTERFACE_FORENSICS,V7-RC-004,MISSING,SEMANTICS_PENDING,None,Interface datum,Axis/datum not proven.,Released datum scheme,Critical,Controlled datum assignment
B-Rep common volume,IF-R4-06,303345.23168198584,mm3,V7_R4_INTERFACE_GEOM,V7-RC-004,MODEL_DERIVED,BREP_COMMON_VOLUME,High,Interface geometric evidence,Common volume proves geometric overlap/contact evidence only; mechanical semantics not proven.,Interface semantics + released geometry,High,Controlled interface definition
Relative position proxy,IF-R4-06,"[-10.0, 180.0, 240.0]",mm,V7_R4_INTERFACE_GEOM,V7-RC-004,MODEL_DERIVED,BREP_POSITION_PROXY,Medium,Interface location traceability,Proxy frame not a released vehicle datum.,Controlled datum,High,Release datum map
Common bbox,IF-R4-06,"[-150.00000015, 157.99999985, 219.99999985, 130.00000015, 202.00000015, 260.00000015]",mm,V7_R4_INTERFACE_GEOM,V7-RC-004,MODEL_DERIVED,BREP_COMMON_BBOX,High,Interface geometric evidence,Not a clearance/tolerance specification.,Released geometry + tolerance,High,Released interface drawing
Mechanical purpose,IF-R4-06,NOT_PROVEN,definition,V7_R4_INTERFACE_FORENSICS,V7-RC-004,MISSING,SEMANTICS_PENDING,None,Interface semantics,Forensic register marks mechanical purpose not proven.,Joint/function definition,Critical,Controlled interface semantics
Relative motion semantics,IF-R4-06,NOT_PROVEN,definition,V7_R4_INTERFACE_FORENSICS,V7-RC-004,MISSING,SEMANTICS_PENDING,None,Interface kinematics,Relative motion not proven physically.,Joint definition + physical inspection,Critical,Controlled interface mechanics
Axis/datum semantics,IF-R4-06,NOT_PROVEN,definition,V7_R4_INTERFACE_FORENSICS,V7-RC-004,MISSING,SEMANTICS_PENDING,None,Interface datum,Axis/datum not proven.,Released datum scheme,Critical,Controlled datum assignment
B-Rep common volume,IF-R4-07,11199.999999999993,mm3,V7_R4_INTERFACE_GEOM,V7-RC-004,MODEL_DERIVED,BREP_COMMON_VOLUME,High,Interface geometric evidence,Common volume proves geometric overlap/contact evidence only; mechanical semantics not proven.,Interface semantics + released geometry,High,Controlled interface definition
Relative position proxy,IF-R4-07,"[-185.0, 0.0, 227.5]",mm,V7_R4_INTERFACE_GEOM,V7-RC-004,MODEL_DERIVED,BREP_POSITION_PROXY,Medium,Interface location traceability,Proxy frame not a released vehicle datum.,Controlled datum,High,Release datum map
Common bbox,IF-R4-07,"[-201.00000015, -215.00000015, 224.99999985, -168.99999985, 215.00000015, 230.00000015]",mm,V7_R4_INTERFACE_GEOM,V7-RC-004,MODEL_DERIVED,BREP_COMMON_BBOX,High,Interface geometric evidence,Not a clearance/tolerance specification.,Released geometry + tolerance,High,Released interface drawing
Mechanical purpose,IF-R4-07,NOT_PROVEN,definition,V7_R4_INTERFACE_FORENSICS,V7-RC-004,MISSING,SEMANTICS_PENDING,None,Interface semantics,Forensic register marks mechanical purpose not proven.,Joint/function definition,Critical,Controlled interface semantics
Relative motion semantics,IF-R4-07,NOT_PROVEN,definition,V7_R4_INTERFACE_FORENSICS,V7-RC-004,MISSING,SEMANTICS_PENDING,None,Interface kinematics,Relative motion not proven physically.,Joint definition + physical inspection,Critical,Controlled interface mechanics
Axis/datum semantics,IF-R4-07,NOT_PROVEN,definition,V7_R4_INTERFACE_FORENSICS,V7-RC-004,MISSING,SEMANTICS_PENDING,None,Interface datum,Axis/datum not proven.,Released datum scheme,Critical,Controlled datum assignment
B-Rep common volume,IF-R4-08,106752.60605471101,mm3,V7_R4_INTERFACE_GEOM,V7-RC-004,MODEL_DERIVED,BREP_COMMON_VOLUME,High,Interface geometric evidence,Common volume proves geometric overlap/contact evidence only; mechanical semantics not proven.,Interface semantics + released geometry,High,Controlled interface definition
Relative position proxy,IF-R4-08,"[-185.00000000000003, -205.0, 538.6640315193571]",mm,V7_R4_INTERFACE_GEOM,V7-RC-004,MODEL_DERIVED,BREP_POSITION_PROXY,Medium,Interface location traceability,Proxy frame not a released vehicle datum.,Controlled datum,High,Release datum map
Common bbox,IF-R4-08,"[-201.00000015000006, -217.00000015, 410.7651073063086, -168.99999985, -192.99999985, 666.5629557324055]",mm,V7_R4_INTERFACE_GEOM,V7-RC-004,MODEL_DERIVED,BREP_COMMON_BBOX,High,Interface geometric evidence,Not a clearance/tolerance specification.,Released geometry + tolerance,High,Released interface drawing
Mechanical purpose,IF-R4-08,NOT_PROVEN,definition,V7_R4_INTERFACE_FORENSICS,V7-RC-004,MISSING,SEMANTICS_PENDING,None,Interface semantics,Forensic register marks mechanical purpose not proven.,Joint/function definition,Critical,Controlled interface semantics
Relative motion semantics,IF-R4-08,NOT_PROVEN,definition,V7_R4_INTERFACE_FORENSICS,V7-RC-004,MISSING,SEMANTICS_PENDING,None,Interface kinematics,Relative motion not proven physically.,Joint definition + physical inspection,Critical,Controlled interface mechanics
Axis/datum semantics,IF-R4-08,NOT_PROVEN,definition,V7_R4_INTERFACE_FORENSICS,V7-RC-004,MISSING,SEMANTICS_PENDING,None,Interface datum,Axis/datum not proven.,Released datum scheme,Critical,Controlled datum assignment
B-Rep common volume,IF-R4-09,67326.5357313047,mm3,V7_R4_INTERFACE_GEOM,V7-RC-004,MODEL_DERIVED,BREP_COMMON_VOLUME,High,Interface geometric evidence,Common volume proves geometric overlap/contact evidence only; mechanical semantics not proven.,Interface semantics + released geometry,High,Controlled interface definition
Relative position proxy,IF-R4-09,"[-185.0, -10.0, 270.0]",mm,V7_R4_INTERFACE_GEOM,V7-RC-004,MODEL_DERIVED,BREP_POSITION_PROXY,Medium,Interface location traceability,Proxy frame not a released vehicle datum.,Controlled datum,High,Release datum map
Common bbox,IF-R4-09,"[-201.00000015, -230.00000015, 251.99999985, -168.99999985, 210.00000015, 288.00000015]",mm,V7_R4_INTERFACE_GEOM,V7-RC-004,MODEL_DERIVED,BREP_COMMON_BBOX,High,Interface geometric evidence,Not a clearance/tolerance specification.,Released geometry + tolerance,High,Released interface drawing
Mechanical purpose,IF-R4-09,NOT_PROVEN,definition,V7_R4_INTERFACE_FORENSICS,V7-RC-004,MISSING,SEMANTICS_PENDING,None,Interface semantics,Forensic register marks mechanical purpose not proven.,Joint/function definition,Critical,Controlled interface semantics
Relative motion semantics,IF-R4-09,NOT_PROVEN,definition,V7_R4_INTERFACE_FORENSICS,V7-RC-004,MISSING,SEMANTICS_PENDING,None,Interface kinematics,Relative motion not proven physically.,Joint definition + physical inspection,Critical,Controlled interface mechanics
Axis/datum semantics,IF-R4-09,NOT_PROVEN,definition,V7_R4_INTERFACE_FORENSICS,V7-RC-004,MISSING,SEMANTICS_PENDING,None,Interface datum,Axis/datum not proven.,Released datum scheme,Critical,Controlled datum assignment
BOM optional-extension classification,190,,classification,V7_BOM,V7-RC-001,CONFLICTING,BOM_CLASSIFICATION,High,Architecture-to-BOM scope control,Stable V7 architecture includes 190/200; BOM classification and P0 optionality differ.,Controlled configuration baseline,High,Configuration/optionality decision
BOM optional-extension classification,200,,classification,V7_BOM,V7-RC-001,CONFLICTING,BOM_CLASSIFICATION,High,Architecture-to-BOM scope control,Stable V7 architecture includes 190/200; BOM classification and P0 optionality differ.,Controlled configuration baseline,High,Configuration/optionality decision
Guidance lateral placement in R2 corrected report,200,Y=±250,mm,V7_R2_EXEC_REPORT,V7-RC-002,SOURCE_SUPPORTED,Controlled correction report,High,Occupant guidance clearance,Current reconstruction source uses Y=±200; source-to-current mismatch unresolved.,Version-specific geometry verification,Critical,Controlled geometry lineage
Guidance lateral placement in current reconstruction,200,Y=±200,mm,V7_RECON_SCRIPT,V7-RC-001,MODEL_DERIVED,Current CAD reconstruction,High,Occupant guidance clearance,Conflicts with R2 correction record.,Independent geometry/version lineage verification,Critical,Authoritative controlled geometry
total length,100,,mm / deg / datum,Current source set,V7-R0/R1/RC-005,MISSING,RELEASED_FEATURE_NOT_FOUND,None,Vehicle interface/base frame engineering definition,No authoritative released value; any current model primitive is not automatically the required feature dimension.,Released CAD + PMI/GD&T + independent metrology,High,Controlled feature definition
total width,100,,mm / deg / datum,Current source set,V7-R0/R1/RC-005,MISSING,RELEASED_FEATURE_NOT_FOUND,None,Vehicle interface/base frame engineering definition,No authoritative released value; any current model primitive is not automatically the required feature dimension.,Released CAD + PMI/GD&T + independent metrology,High,Controlled feature definition
total height,100,,mm / deg / datum,Current source set,V7-R0/R1/RC-005,MISSING,RELEASED_FEATURE_NOT_FOUND,None,Vehicle interface/base frame engineering definition,No authoritative released value; any current model primitive is not automatically the required feature dimension.,Released CAD + PMI/GD&T + independent metrology,High,Controlled feature definition
folded/rotated envelope,100,,mm / deg / datum,Current source set,V7-R0/R1/RC-005,MISSING,RELEASED_FEATURE_NOT_FOUND,None,Vehicle interface/base frame engineering definition,No authoritative released value; any current model primitive is not automatically the required feature dimension.,Released CAD + PMI/GD&T + independent metrology,High,Controlled feature definition
section geometry,100,,mm / deg / datum,Current source set,V7-R0/R1/RC-005,MISSING,RELEASED_FEATURE_NOT_FOUND,None,Vehicle interface/base frame engineering definition,No authoritative released value; any current model primitive is not automatically the required feature dimension.,Released CAD + PMI/GD&T + independent metrology,High,Controlled feature definition
wall thickness,100,,mm / deg / datum,Current source set,V7-R0/R1/RC-005,MISSING,RELEASED_FEATURE_NOT_FOUND,None,Vehicle interface/base frame engineering definition,No authoritative released value; any current model primitive is not automatically the required feature dimension.,Released CAD + PMI/GD&T + independent metrology,High,Controlled feature definition
plate thickness,100,,mm / deg / datum,Current source set,V7-R0/R1/RC-005,MISSING,RELEASED_FEATURE_NOT_FOUND,None,Vehicle interface/base frame engineering definition,No authoritative released value; any current model primitive is not automatically the required feature dimension.,Released CAD + PMI/GD&T + independent metrology,High,Controlled feature definition
hole size,100,,mm / deg / datum,Current source set,V7-R0/R1/RC-005,MISSING,RELEASED_FEATURE_NOT_FOUND,None,Vehicle interface/base frame engineering definition,No authoritative released value; any current model primitive is not automatically the required feature dimension.,Released CAD + PMI/GD&T + independent metrology,High,Controlled feature definition
edge distance,100,,mm / deg / datum,Current source set,V7-R0/R1/RC-005,MISSING,RELEASED_FEATURE_NOT_FOUND,None,Vehicle interface/base frame engineering definition,No authoritative released value; any current model primitive is not automatically the required feature dimension.,Released CAD + PMI/GD&T + independent metrology,High,Controlled feature definition
radii,100,,mm / deg / datum,Current source set,V7-R0/R1/RC-005,MISSING,RELEASED_FEATURE_NOT_FOUND,None,Vehicle interface/base frame engineering definition,No authoritative released value; any current model primitive is not automatically the required feature dimension.,Released CAD + PMI/GD&T + independent metrology,High,Controlled feature definition
offsets,100,,mm / deg / datum,Current source set,V7-R0/R1/RC-005,MISSING,RELEASED_FEATURE_NOT_FOUND,None,Vehicle interface/base frame engineering definition,No authoritative released value; any current model primitive is not automatically the required feature dimension.,Released CAD + PMI/GD&T + independent metrology,High,Controlled feature definition
interface locations,100,,mm / deg / datum,Current source set,V7-R0/R1/RC-005,MISSING,RELEASED_FEATURE_NOT_FOUND,None,Vehicle interface/base frame engineering definition,No authoritative released value; any current model primitive is not automatically the required feature dimension.,Released CAD + PMI/GD&T + independent metrology,High,Controlled feature definition
reference datums,100,,mm / deg / datum,Current source set,V7-R0/R1/RC-005,MISSING,RELEASED_FEATURE_NOT_FOUND,None,Vehicle interface/base frame engineering definition,No authoritative released value; any current model primitive is not automatically the required feature dimension.,Released CAD + PMI/GD&T + independent metrology,High,Controlled feature definition
front edge position,100,,mm / deg / datum,Current source set,V7-R0/R1/RC-005,NOT_APPLICABLE,FEATURE_NOT_APPLICABLE,None,Vehicle interface/base frame engineering definition,Parameter does not apply to this reference item.,Reference-role applicability control,Low,No evidence required
effective cushion length,100,,mm / deg / datum,Current source set,V7-R0/R1/RC-005,NOT_APPLICABLE,FEATURE_NOT_APPLICABLE,None,Vehicle interface/base frame engineering definition,Parameter does not apply to this reference item.,Reference-role applicability control,Low,No evidence required
pelvic ramp geometry,100,,mm / deg / datum,Current source set,V7-R0/R1/RC-005,NOT_APPLICABLE,FEATURE_NOT_APPLICABLE,None,Vehicle interface/base frame engineering definition,Parameter does not apply to this reference item.,Reference-role applicability control,Low,No evidence required
anti-submarining geometry,100,,mm / deg / datum,Current source set,V7-R0/R1/RC-005,NOT_APPLICABLE,FEATURE_NOT_APPLICABLE,None,Vehicle interface/base frame engineering definition,Parameter does not apply to this reference item.,Reference-role applicability control,Low,No evidence required
cushion thickness,100,,mm / deg / datum,Current source set,V7-R0/R1/RC-005,NOT_APPLICABLE,FEATURE_NOT_APPLICABLE,None,Vehicle interface/base frame engineering definition,Parameter does not apply to this reference item.,Reference-role applicability control,Low,No evidence required
structural pan thickness,100,,mm / deg / datum,Current source set,V7-R0/R1/RC-005,NOT_APPLICABLE,FEATURE_NOT_APPLICABLE,None,Vehicle interface/base frame engineering definition,Parameter does not apply to this reference item.,Reference-role applicability control,Low,No evidence required
trim/foam envelope,100,,mm / deg / datum,Current source set,V7-R0/R1/RC-005,NOT_APPLICABLE,FEATURE_NOT_APPLICABLE,None,Vehicle interface/base frame engineering definition,Parameter does not apply to this reference item.,Reference-role applicability control,Low,No evidence required
backrest thickness,100,,mm / deg / datum,Current source set,V7-R0/R1/RC-005,NOT_APPLICABLE,FEATURE_NOT_APPLICABLE,None,Vehicle interface/base frame engineering definition,Parameter does not apply to this reference item.,Reference-role applicability control,Low,No evidence required
hinge pivot location,100,,mm / deg / datum,Current source set,V7-R0/R1/RC-005,NOT_APPLICABLE,FEATURE_NOT_APPLICABLE,None,Vehicle interface/base frame engineering definition,Parameter does not apply to this reference item.,Reference-role applicability control,Low,No evidence required
pivot axis,100,,mm / deg / datum,Current source set,V7-R0/R1/RC-005,NOT_APPLICABLE,FEATURE_NOT_APPLICABLE,None,Vehicle interface/base frame engineering definition,Parameter does not apply to this reference item.,Reference-role applicability control,Low,No evidence required
end-stop locations,100,,mm / deg / datum,Current source set,V7-R0/R1/RC-005,NOT_APPLICABLE,FEATURE_NOT_APPLICABLE,None,Vehicle interface/base frame engineering definition,Parameter does not apply to this reference item.,Reference-role applicability control,Low,No evidence required
torso support geometry,100,,mm / deg / datum,Current source set,V7-R0/R1/RC-005,NOT_APPLICABLE,FEATURE_NOT_APPLICABLE,None,Vehicle interface/base frame engineering definition,Parameter does not apply to this reference item.,Reference-role applicability control,Low,No evidence required
head-support envelope,100,,mm / deg / datum,Current source set,V7-R0/R1/RC-005,NOT_APPLICABLE,FEATURE_NOT_APPLICABLE,None,Vehicle interface/base frame engineering definition,Parameter does not apply to this reference item.,Reference-role applicability control,Low,No evidence required
link centre positions,100,,mm / deg / datum,Current source set,V7-R0/R1/RC-005,NOT_APPLICABLE,FEATURE_NOT_APPLICABLE,None,Vehicle interface/base frame engineering definition,Parameter does not apply to this reference item.,Reference-role applicability control,Low,No evidence required
rail width,100,,mm / deg / datum,Current source set,V7-R0/R1/RC-005,MISSING,RELEASED_FEATURE_NOT_FOUND,None,Vehicle interface/base frame engineering definition,No authoritative released value; any current model primitive is not automatically the required feature dimension.,Released CAD + PMI/GD&T + independent metrology,High,Controlled feature definition
rail height,100,,mm / deg / datum,Current source set,V7-R0/R1/RC-005,MISSING,RELEASED_FEATURE_NOT_FOUND,None,Vehicle interface/base frame engineering definition,No authoritative released value; any current model primitive is not automatically the required feature dimension.,Released CAD + PMI/GD&T + independent metrology,High,Controlled feature definition
runner dimensions,100,,mm / deg / datum,Current source set,V7-R0/R1/RC-005,MISSING,RELEASED_FEATURE_NOT_FOUND,None,Vehicle interface/base frame engineering definition,No authoritative released value; any current model primitive is not automatically the required feature dimension.,Released CAD + PMI/GD&T + independent metrology,High,Controlled feature definition
capture/retention geometry,100,,mm / deg / datum,Current source set,V7-R0/R1/RC-005,MISSING,RELEASED_FEATURE_NOT_FOUND,None,Vehicle interface/base frame engineering definition,No authoritative released value; any current model primitive is not automatically the required feature dimension.,Released CAD + PMI/GD&T + independent metrology,High,Controlled feature definition
parallelism,100,,mm / deg / datum,Current source set,V7-R0/R1/RC-005,MISSING,RELEASED_FEATURE_NOT_FOUND,None,Vehicle interface/base frame engineering definition,No authoritative released value; any current model primitive is not automatically the required feature dimension.,Released CAD + PMI/GD&T + independent metrology,High,Controlled feature definition
alignment,100,,mm / deg / datum,Current source set,V7-R0/R1/RC-005,MISSING,RELEASED_FEATURE_NOT_FOUND,None,Vehicle interface/base frame engineering definition,No authoritative released value; any current model primitive is not automatically the required feature dimension.,Released CAD + PMI/GD&T + independent metrology,High,Controlled feature definition
mounting-hole locations,100,,mm / deg / datum,Current source set,V7-R0/R1/RC-005,MISSING,RELEASED_FEATURE_NOT_FOUND,None,Vehicle interface/base frame engineering definition,No authoritative released value; any current model primitive is not automatically the required feature dimension.,Released CAD + PMI/GD&T + independent metrology,High,Controlled feature definition
total length,110L,,mm / deg / datum,Current source set,V7-R0/R1/RC-005,MISSING,RELEASED_FEATURE_NOT_FOUND,None,Left longitudinal load path engineering definition,No authoritative released value; any current model primitive is not automatically the required feature dimension.,Released CAD + PMI/GD&T + independent metrology,High,Controlled feature definition
total width,110L,,mm / deg / datum,Current source set,V7-R0/R1/RC-005,MISSING,RELEASED_FEATURE_NOT_FOUND,None,Left longitudinal load path engineering definition,No authoritative released value; any current model primitive is not automatically the required feature dimension.,Released CAD + PMI/GD&T + independent metrology,High,Controlled feature definition
total height,110L,,mm / deg / datum,Current source set,V7-R0/R1/RC-005,MISSING,RELEASED_FEATURE_NOT_FOUND,None,Left longitudinal load path engineering definition,No authoritative released value; any current model primitive is not automatically the required feature dimension.,Released CAD + PMI/GD&T + independent metrology,High,Controlled feature definition
folded/rotated envelope,110L,,mm / deg / datum,Current source set,V7-R0/R1/RC-005,MISSING,RELEASED_FEATURE_NOT_FOUND,None,Left longitudinal load path engineering definition,No authoritative released value; any current model primitive is not automatically the required feature dimension.,Released CAD + PMI/GD&T + independent metrology,High,Controlled feature definition
section geometry,110L,,mm / deg / datum,Current source set,V7-R0/R1/RC-005,MISSING,RELEASED_FEATURE_NOT_FOUND,None,Left longitudinal load path engineering definition,No authoritative released value; any current model primitive is not automatically the required feature dimension.,Released CAD + PMI/GD&T + independent metrology,High,Controlled feature definition
wall thickness,110L,,mm / deg / datum,Current source set,V7-R0/R1/RC-005,MISSING,RELEASED_FEATURE_NOT_FOUND,None,Left longitudinal load path engineering definition,No authoritative released value; any current model primitive is not automatically the required feature dimension.,Released CAD + PMI/GD&T + independent metrology,High,Controlled feature definition
plate thickness,110L,,mm / deg / datum,Current source set,V7-R0/R1/RC-005,MISSING,RELEASED_FEATURE_NOT_FOUND,None,Left longitudinal load path engineering definition,No authoritative released value; any current model primitive is not automatically the required feature dimension.,Released CAD + PMI/GD&T + independent metrology,High,Controlled feature definition
hole size,110L,,mm / deg / datum,Current source set,V7-R0/R1/RC-005,MISSING,RELEASED_FEATURE_NOT_FOUND,None,Left longitudinal load path engineering definition,No authoritative released value; any current model primitive is not automatically the required feature dimension.,Released CAD + PMI/GD&T + independent metrology,High,Controlled feature definition
edge distance,110L,,mm / deg / datum,Current source set,V7-R0/R1/RC-005,MISSING,RELEASED_FEATURE_NOT_FOUND,None,Left longitudinal load path engineering definition,No authoritative released value; any current model primitive is not automatically the required feature dimension.,Released CAD + PMI/GD&T + independent metrology,High,Controlled feature definition
radii,110L,,mm / deg / datum,Current source set,V7-R0/R1/RC-005,MISSING,RELEASED_FEATURE_NOT_FOUND,None,Left longitudinal load path engineering definition,No authoritative released value; any current model primitive is not automatically the required feature dimension.,Released CAD + PMI/GD&T + independent metrology,High,Controlled feature definition
offsets,110L,,mm / deg / datum,Current source set,V7-R0/R1/RC-005,MISSING,RELEASED_FEATURE_NOT_FOUND,None,Left longitudinal load path engineering definition,No authoritative released value; any current model primitive is not automatically the required feature dimension.,Released CAD + PMI/GD&T + independent metrology,High,Controlled feature definition
interface locations,110L,,mm / deg / datum,Current source set,V7-R0/R1/RC-005,MISSING,RELEASED_FEATURE_NOT_FOUND,None,Left longitudinal load path engineering definition,No authoritative released value; any current model primitive is not automatically the required feature dimension.,Released CAD + PMI/GD&T + independent metrology,High,Controlled feature definition
reference datums,110L,,mm / deg / datum,Current source set,V7-R0/R1/RC-005,MISSING,RELEASED_FEATURE_NOT_FOUND,None,Left longitudinal load path engineering definition,No authoritative released value; any current model primitive is not automatically the required feature dimension.,Released CAD + PMI/GD&T + independent metrology,High,Controlled feature definition
front edge position,110L,,mm / deg / datum,Current source set,V7-R0/R1/RC-005,NOT_APPLICABLE,FEATURE_NOT_APPLICABLE,None,Left longitudinal load path engineering definition,Parameter does not apply to this reference item.,Reference-role applicability control,Low,No evidence required
effective cushion length,110L,,mm / deg / datum,Current source set,V7-R0/R1/RC-005,NOT_APPLICABLE,FEATURE_NOT_APPLICABLE,None,Left longitudinal load path engineering definition,Parameter does not apply to this reference item.,Reference-role applicability control,Low,No evidence required
pelvic ramp geometry,110L,,mm / deg / datum,Current source set,V7-R0/R1/RC-005,NOT_APPLICABLE,FEATURE_NOT_APPLICABLE,None,Left longitudinal load path engineering definition,Parameter does not apply to this reference item.,Reference-role applicability control,Low,No evidence required
anti-submarining geometry,110L,,mm / deg / datum,Current source set,V7-R0/R1/RC-005,NOT_APPLICABLE,FEATURE_NOT_APPLICABLE,None,Left longitudinal load path engineering definition,Parameter does not apply to this reference item.,Reference-role applicability control,Low,No evidence required
cushion thickness,110L,,mm / deg / datum,Current source set,V7-R0/R1/RC-005,NOT_APPLICABLE,FEATURE_NOT_APPLICABLE,None,Left longitudinal load path engineering definition,Parameter does not apply to this reference item.,Reference-role applicability control,Low,No evidence required
structural pan thickness,110L,,mm / deg / datum,Current source set,V7-R0/R1/RC-005,NOT_APPLICABLE,FEATURE_NOT_APPLICABLE,None,Left longitudinal load path engineering definition,Parameter does not apply to this reference item.,Reference-role applicability control,Low,No evidence required
trim/foam envelope,110L,,mm / deg / datum,Current source set,V7-R0/R1/RC-005,NOT_APPLICABLE,FEATURE_NOT_APPLICABLE,None,Left longitudinal load path engineering definition,Parameter does not apply to this reference item.,Reference-role applicability control,Low,No evidence required
backrest thickness,110L,,mm / deg / datum,Current source set,V7-R0/R1/RC-005,NOT_APPLICABLE,FEATURE_NOT_APPLICABLE,None,Left longitudinal load path engineering definition,Parameter does not apply to this reference item.,Reference-role applicability control,Low,No evidence required
hinge pivot location,110L,,mm / deg / datum,Current source set,V7-R0/R1/RC-005,NOT_APPLICABLE,FEATURE_NOT_APPLICABLE,None,Left longitudinal load path engineering definition,Parameter does not apply to this reference item.,Reference-role applicability control,Low,No evidence required
pivot axis,110L,,mm / deg / datum,Current source set,V7-R0/R1/RC-005,NOT_APPLICABLE,FEATURE_NOT_APPLICABLE,None,Left longitudinal load path engineering definition,Parameter does not apply to this reference item.,Reference-role applicability control,Low,No evidence required
end-stop locations,110L,,mm / deg / datum,Current source set,V7-R0/R1/RC-005,NOT_APPLICABLE,FEATURE_NOT_APPLICABLE,None,Left longitudinal load path engineering definition,Parameter does not apply to this reference item.,Reference-role applicability control,Low,No evidence required
torso support geometry,110L,,mm / deg / datum,Current source set,V7-R0/R1/RC-005,NOT_APPLICABLE,FEATURE_NOT_APPLICABLE,None,Left longitudinal load path engineering definition,Parameter does not apply to this reference item.,Reference-role applicability control,Low,No evidence required
head-support envelope,110L,,mm / deg / datum,Current source set,V7-R0/R1/RC-005,NOT_APPLICABLE,FEATURE_NOT_APPLICABLE,None,Left longitudinal load path engineering definition,Parameter does not apply to this reference item.,Reference-role applicability control,Low,No evidence required
link centre positions,110L,,mm / deg / datum,Current source set,V7-R0/R1/RC-005,NOT_APPLICABLE,FEATURE_NOT_APPLICABLE,None,Left longitudinal load path engineering definition,Parameter does not apply to this reference item.,Reference-role applicability control,Low,No evidence required
rail width,110L,,mm / deg / datum,Current source set,V7-R0/R1/RC-005,MISSING,RELEASED_FEATURE_NOT_FOUND,None,Left longitudinal load path engineering definition,No authoritative released value; any current model primitive is not automatically the required feature dimension.,Released CAD + PMI/GD&T + independent metrology,High,Controlled feature definition
rail height,110L,,mm / deg / datum,Current source set,V7-R0/R1/RC-005,MISSING,RELEASED_FEATURE_NOT_FOUND,None,Left longitudinal load path engineering definition,No authoritative released value; any current model primitive is not automatically the required feature dimension.,Released CAD + PMI/GD&T + independent metrology,High,Controlled feature definition
runner dimensions,110L,,mm / deg / datum,Current source set,V7-R0/R1/RC-005,MISSING,RELEASED_FEATURE_NOT_FOUND,None,Left longitudinal load path engineering definition,No authoritative released value; any current model primitive is not automatically the required feature dimension.,Released CAD + PMI/GD&T + independent metrology,High,Controlled feature definition
capture/retention geometry,110L,,mm / deg / datum,Current source set,V7-R0/R1/RC-005,MISSING,RELEASED_FEATURE_NOT_FOUND,None,Left longitudinal load path engineering definition,No authoritative released value; any current model primitive is not automatically the required feature dimension.,Released CAD + PMI/GD&T + independent metrology,High,Controlled feature definition
parallelism,110L,,mm / deg / datum,Current source set,V7-R0/R1/RC-005,MISSING,RELEASED_FEATURE_NOT_FOUND,None,Left longitudinal load path engineering definition,No authoritative released value; any current model primitive is not automatically the required feature dimension.,Released CAD + PMI/GD&T + independent metrology,High,Controlled feature definition
alignment,110L,,mm / deg / datum,Current source set,V7-R0/R1/RC-005,MISSING,RELEASED_FEATURE_NOT_FOUND,None,Left longitudinal load path engineering definition,No authoritative released value; any current model primitive is not automatically the required feature dimension.,Released CAD + PMI/GD&T + independent metrology,High,Controlled feature definition
mounting-hole locations,110L,,mm / deg / datum,Current source set,V7-R0/R1/RC-005,MISSING,RELEASED_FEATURE_NOT_FOUND,None,Left longitudinal load path engineering definition,No authoritative released value; any current model primitive is not automatically the required feature dimension.,Released CAD + PMI/GD&T + independent metrology,High,Controlled feature definition
total length,110R,,mm / deg / datum,Current source set,V7-R0/R1/RC-005,MISSING,RELEASED_FEATURE_NOT_FOUND,None,Right longitudinal load path engineering definition,No authoritative released value; any current model primitive is not automatically the required feature dimension.,Released CAD + PMI/GD&T + independent metrology,High,Controlled feature definition
total width,110R,,mm / deg / datum,Current source set,V7-R0/R1/RC-005,MISSING,RELEASED_FEATURE_NOT_FOUND,None,Right longitudinal load path engineering definition,No authoritative released value; any current model primitive is not automatically the required feature dimension.,Released CAD + PMI/GD&T + independent metrology,High,Controlled feature definition
total height,110R,,mm / deg / datum,Current source set,V7-R0/R1/RC-005,MISSING,RELEASED_FEATURE_NOT_FOUND,None,Right longitudinal load path engineering definition,No authoritative released value; any current model primitive is not automatically the required feature dimension.,Released CAD + PMI/GD&T + independent metrology,High,Controlled feature definition
folded/rotated envelope,110R,,mm / deg / datum,Current source set,V7-R0/R1/RC-005,MISSING,RELEASED_FEATURE_NOT_FOUND,None,Right longitudinal load path engineering definition,No authoritative released value; any current model primitive is not automatically the required feature dimension.,Released CAD + PMI/GD&T + independent metrology,High,Controlled feature definition
section geometry,110R,,mm / deg / datum,Current source set,V7-R0/R1/RC-005,MISSING,RELEASED_FEATURE_NOT_FOUND,None,Right longitudinal load path engineering definition,No authoritative released value; any current model primitive is not automatically the required feature dimension.,Released CAD + PMI/GD&T + independent metrology,High,Controlled feature definition
wall thickness,110R,,mm / deg / datum,Current source set,V7-R0/R1/RC-005,MISSING,RELEASED_FEATURE_NOT_FOUND,None,Right longitudinal load path engineering definition,No authoritative released value; any current model primitive is not automatically the required feature dimension.,Released CAD + PMI/GD&T + independent metrology,High,Controlled feature definition
plate thickness,110R,,mm / deg / datum,Current source set,V7-R0/R1/RC-005,MISSING,RELEASED_FEATURE_NOT_FOUND,None,Right longitudinal load path engineering definition,No authoritative released value; any current model primitive is not automatically the required feature dimension.,Released CAD + PMI/GD&T + independent metrology,High,Controlled feature definition
hole size,110R,,mm / deg / datum,Current source set,V7-R0/R1/RC-005,MISSING,RELEASED_FEATURE_NOT_FOUND,None,Right longitudinal load path engineering definition,No authoritative released value; any current model primitive is not automatically the required feature dimension.,Released CAD + PMI/GD&T + independent metrology,High,Controlled feature definition
edge distance,110R,,mm / deg / datum,Current source set,V7-R0/R1/RC-005,MISSING,RELEASED_FEATURE_NOT_FOUND,None,Right longitudinal load path engineering definition,No authoritative released value; any current model primitive is not automatically the required feature dimension.,Released CAD + PMI/GD&T + independent metrology,High,Controlled feature definition
radii,110R,,mm / deg / datum,Current source set,V7-R0/R1/RC-005,MISSING,RELEASED_FEATURE_NOT_FOUND,None,Right longitudinal load path engineering definition,No authoritative released value; any current model primitive is not automatically the required feature dimension.,Released CAD + PMI/GD&T + independent metrology,High,Controlled feature definition
offsets,110R,,mm / deg / datum,Current source set,V7-R0/R1/RC-005,MISSING,RELEASED_FEATURE_NOT_FOUND,None,Right longitudinal load path engineering definition,No authoritative released value; any current model primitive is not automatically the required feature dimension.,Released CAD + PMI/GD&T + independent metrology,High,Controlled feature definition
interface locations,110R,,mm / deg / datum,Current source set,V7-R0/R1/RC-005,MISSING,RELEASED_FEATURE_NOT_FOUND,None,Right longitudinal load path engineering definition,No authoritative released value; any current model primitive is not automatically the required feature dimension.,Released CAD + PMI/GD&T + independent metrology,High,Controlled feature definition
reference datums,110R,,mm / deg / datum,Current source set,V7-R0/R1/RC-005,MISSING,RELEASED_FEATURE_NOT_FOUND,None,Right longitudinal load path engineering definition,No authoritative released value; any current model primitive is not automatically the required feature dimension.,Released CAD + PMI/GD&T + independent metrology,High,Controlled feature definition
front edge position,110R,,mm / deg / datum,Current source set,V7-R0/R1/RC-005,NOT_APPLICABLE,FEATURE_NOT_APPLICABLE,None,Right longitudinal load path engineering definition,Parameter does not apply to this reference item.,Reference-role applicability control,Low,No evidence required
effective cushion length,110R,,mm / deg / datum,Current source set,V7-R0/R1/RC-005,NOT_APPLICABLE,FEATURE_NOT_APPLICABLE,None,Right longitudinal load path engineering definition,Parameter does not apply to this reference item.,Reference-role applicability control,Low,No evidence required
pelvic ramp geometry,110R,,mm / deg / datum,Current source set,V7-R0/R1/RC-005,NOT_APPLICABLE,FEATURE_NOT_APPLICABLE,None,Right longitudinal load path engineering definition,Parameter does not apply to this reference item.,Reference-role applicability control,Low,No evidence required
anti-submarining geometry,110R,,mm / deg / datum,Current source set,V7-R0/R1/RC-005,NOT_APPLICABLE,FEATURE_NOT_APPLICABLE,None,Right longitudinal load path engineering definition,Parameter does not apply to this reference item.,Reference-role applicability control,Low,No evidence required
cushion thickness,110R,,mm / deg / datum,Current source set,V7-R0/R1/RC-005,NOT_APPLICABLE,FEATURE_NOT_APPLICABLE,None,Right longitudinal load path engineering definition,Parameter does not apply to this reference item.,Reference-role applicability control,Low,No evidence required
structural pan thickness,110R,,mm / deg / datum,Current source set,V7-R0/R1/RC-005,NOT_APPLICABLE,FEATURE_NOT_APPLICABLE,None,Right longitudinal load path engineering definition,Parameter does not apply to this reference item.,Reference-role applicability control,Low,No evidence required
trim/foam envelope,110R,,mm / deg / datum,Current source set,V7-R0/R1/RC-005,NOT_APPLICABLE,FEATURE_NOT_APPLICABLE,None,Right longitudinal load path engineering definition,Parameter does not apply to this reference item.,Reference-role applicability control,Low,No evidence required
backrest thickness,110R,,mm / deg / datum,Current source set,V7-R0/R1/RC-005,NOT_APPLICABLE,FEATURE_NOT_APPLICABLE,None,Right longitudinal load path engineering definition,Parameter does not apply to this reference item.,Reference-role applicability control,Low,No evidence required
hinge pivot location,110R,,mm / deg / datum,Current source set,V7-R0/R1/RC-005,NOT_APPLICABLE,FEATURE_NOT_APPLICABLE,None,Right longitudinal load path engineering definition,Parameter does not apply to this reference item.,Reference-role applicability control,Low,No evidence required
pivot axis,110R,,mm / deg / datum,Current source set,V7-R0/R1/RC-005,NOT_APPLICABLE,FEATURE_NOT_APPLICABLE,None,Right longitudinal load path engineering definition,Parameter does not apply to this reference item.,Reference-role applicability control,Low,No evidence required
end-stop locations,110R,,mm / deg / datum,Current source set,V7-R0/R1/RC-005,NOT_APPLICABLE,FEATURE_NOT_APPLICABLE,None,Right longitudinal load path engineering definition,Parameter does not apply to this reference item.,Reference-role applicability control,Low,No evidence required
torso support geometry,110R,,mm / deg / datum,Current source set,V7-R0/R1/RC-005,NOT_APPLICABLE,FEATURE_NOT_APPLICABLE,None,Right longitudinal load path engineering definition,Parameter does not apply to this reference item.,Reference-role applicability control,Low,No evidence required
head-support envelope,110R,,mm / deg / datum,Current source set,V7-R0/R1/RC-005,NOT_APPLICABLE,FEATURE_NOT_APPLICABLE,None,Right longitudinal load path engineering definition,Parameter does not apply to this reference item.,Reference-role applicability control,Low,No evidence required
link centre positions,110R,,mm / deg / datum,Current source set,V7-R0/R1/RC-005,NOT_APPLICABLE,FEATURE_NOT_APPLICABLE,None,Right longitudinal load path engineering definition,Parameter does not apply to this reference item.,Reference-role applicability control,Low,No evidence required
rail width,110R,,mm / deg / datum,Current source set,V7-R0/R1/RC-005,MISSING,RELEASED_FEATURE_NOT_FOUND,None,Right longitudinal load path engineering definition,No authoritative released value; any current model primitive is not automatically the required feature dimension.,Released CAD + PMI/GD&T + independent metrology,High,Controlled feature definition
rail height,110R,,mm / deg / datum,Current source set,V7-R0/R1/RC-005,MISSING,RELEASED_FEATURE_NOT_FOUND,None,Right longitudinal load path engineering definition,No authoritative released value; any current model primitive is not automatically the required feature dimension.,Released CAD + PMI/GD&T + independent metrology,High,Controlled feature definition
runner dimensions,110R,,mm / deg / datum,Current source set,V7-R0/R1/RC-005,MISSING,RELEASED_FEATURE_NOT_FOUND,None,Right longitudinal load path engineering definition,No authoritative released value; any current model primitive is not automatically the required feature dimension.,Released CAD + PMI/GD&T + independent metrology,High,Controlled feature definition
capture/retention geometry,110R,,mm / deg / datum,Current source set,V7-R0/R1/RC-005,MISSING,RELEASED_FEATURE_NOT_FOUND,None,Right longitudinal load path engineering definition,No authoritative released value; any current model primitive is not automatically the required feature dimension.,Released CAD + PMI/GD&T + independent metrology,High,Controlled feature definition
parallelism,110R,,mm / deg / datum,Current source set,V7-R0/R1/RC-005,MISSING,RELEASED_FEATURE_NOT_FOUND,None,Right longitudinal load path engineering definition,No authoritative released value; any current model primitive is not automatically the required feature dimension.,Released CAD + PMI/GD&T + independent metrology,High,Controlled feature definition
alignment,110R,,mm / deg / datum,Current source set,V7-R0/R1/RC-005,MISSING,RELEASED_FEATURE_NOT_FOUND,None,Right longitudinal load path engineering definition,No authoritative released value; any current model primitive is not automatically the required feature dimension.,Released CAD + PMI/GD&T + independent metrology,High,Controlled feature definition
mounting-hole locations,110R,,mm / deg / datum,Current source set,V7-R0/R1/RC-005,MISSING,RELEASED_FEATURE_NOT_FOUND,None,Right longitudinal load path engineering definition,No authoritative released value; any current model primitive is not automatically the required feature dimension.,Released CAD + PMI/GD&T + independent metrology,High,Controlled feature definition
total length,120,,mm / deg / datum,Current source set,V7-R0/R1/RC-005,MISSING,RELEASED_FEATURE_NOT_FOUND,None,Seat carriage engineering definition,No authoritative released value; any current model primitive is not automatically the required feature dimension.,Released CAD + PMI/GD&T + independent metrology,High,Controlled feature definition
total width,120,,mm / deg / datum,Current source set,V7-R0/R1/RC-005,MISSING,RELEASED_FEATURE_NOT_FOUND,None,Seat carriage engineering definition,No authoritative released value; any current model primitive is not automatically the required feature dimension.,Released CAD + PMI/GD&T + independent metrology,High,Controlled feature definition
total height,120,,mm / deg / datum,Current source set,V7-R0/R1/RC-005,MISSING,RELEASED_FEATURE_NOT_FOUND,None,Seat carriage engineering definition,No authoritative released value; any current model primitive is not automatically the required feature dimension.,Released CAD + PMI/GD&T + independent metrology,High,Controlled feature definition
folded/rotated envelope,120,,mm / deg / datum,Current source set,V7-R0/R1/RC-005,MISSING,RELEASED_FEATURE_NOT_FOUND,None,Seat carriage engineering definition,No authoritative released value; any current model primitive is not automatically the required feature dimension.,Released CAD + PMI/GD&T + independent metrology,High,Controlled feature definition
section geometry,120,,mm / deg / datum,Current source set,V7-R0/R1/RC-005,MISSING,RELEASED_FEATURE_NOT_FOUND,None,Seat carriage engineering definition,No authoritative released value; any current model primitive is not automatically the required feature dimension.,Released CAD + PMI/GD&T + independent metrology,High,Controlled feature definition
wall thickness,120,,mm / deg / datum,Current source set,V7-R0/R1/RC-005,MISSING,RELEASED_FEATURE_NOT_FOUND,None,Seat carriage engineering definition,No authoritative released value; any current model primitive is not automatically the required feature dimension.,Released CAD + PMI/GD&T + independent metrology,High,Controlled feature definition
plate thickness,120,,mm / deg / datum,Current source set,V7-R0/R1/RC-005,MISSING,RELEASED_FEATURE_NOT_FOUND,None,Seat carriage engineering definition,No authoritative released value; any current model primitive is not automatically the required feature dimension.,Released CAD + PMI/GD&T + independent metrology,High,Controlled feature definition
hole size,120,,mm / deg / datum,Current source set,V7-R0/R1/RC-005,MISSING,RELEASED_FEATURE_NOT_FOUND,None,Seat carriage engineering definition,No authoritative released value; any current model primitive is not automatically the required feature dimension.,Released CAD + PMI/GD&T + independent metrology,High,Controlled feature definition
edge distance,120,,mm / deg / datum,Current source set,V7-R0/R1/RC-005,MISSING,RELEASED_FEATURE_NOT_FOUND,None,Seat carriage engineering definition,No authoritative released value; any current model primitive is not automatically the required feature dimension.,Released CAD + PMI/GD&T + independent metrology,High,Controlled feature definition
radii,120,,mm / deg / datum,Current source set,V7-R0/R1/RC-005,MISSING,RELEASED_FEATURE_NOT_FOUND,None,Seat carriage engineering definition,No authoritative released value; any current model primitive is not automatically the required feature dimension.,Released CAD + PMI/GD&T + independent metrology,High,Controlled feature definition
offsets,120,,mm / deg / datum,Current source set,V7-R0/R1/RC-005,MISSING,RELEASED_FEATURE_NOT_FOUND,None,Seat carriage engineering definition,No authoritative released value; any current model primitive is not automatically the required feature dimension.,Released CAD + PMI/GD&T + independent metrology,High,Controlled feature definition
interface locations,120,,mm / deg / datum,Current source set,V7-R0/R1/RC-005,MISSING,RELEASED_FEATURE_NOT_FOUND,None,Seat carriage engineering definition,No authoritative released value; any current model primitive is not automatically the required feature dimension.,Released CAD + PMI/GD&T + independent metrology,High,Controlled feature definition
reference datums,120,,mm / deg / datum,Current source set,V7-R0/R1/RC-005,MISSING,RELEASED_FEATURE_NOT_FOUND,None,Seat carriage engineering definition,No authoritative released value; any current model primitive is not automatically the required feature dimension.,Released CAD + PMI/GD&T + independent metrology,High,Controlled feature definition
front edge position,120,,mm / deg / datum,Current source set,V7-R0/R1/RC-005,NOT_APPLICABLE,FEATURE_NOT_APPLICABLE,None,Seat carriage engineering definition,Parameter does not apply to this reference item.,Reference-role applicability control,Low,No evidence required
effective cushion length,120,,mm / deg / datum,Current source set,V7-R0/R1/RC-005,NOT_APPLICABLE,FEATURE_NOT_APPLICABLE,None,Seat carriage engineering definition,Parameter does not apply to this reference item.,Reference-role applicability control,Low,No evidence required
pelvic ramp geometry,120,,mm / deg / datum,Current source set,V7-R0/R1/RC-005,NOT_APPLICABLE,FEATURE_NOT_APPLICABLE,None,Seat carriage engineering definition,Parameter does not apply to this reference item.,Reference-role applicability control,Low,No evidence required
anti-submarining geometry,120,,mm / deg / datum,Current source set,V7-R0/R1/RC-005,NOT_APPLICABLE,FEATURE_NOT_APPLICABLE,None,Seat carriage engineering definition,Parameter does not apply to this reference item.,Reference-role applicability control,Low,No evidence required
cushion thickness,120,,mm / deg / datum,Current source set,V7-R0/R1/RC-005,NOT_APPLICABLE,FEATURE_NOT_APPLICABLE,None,Seat carriage engineering definition,Parameter does not apply to this reference item.,Reference-role applicability control,Low,No evidence required
structural pan thickness,120,,mm / deg / datum,Current source set,V7-R0/R1/RC-005,NOT_APPLICABLE,FEATURE_NOT_APPLICABLE,None,Seat carriage engineering definition,Parameter does not apply to this reference item.,Reference-role applicability control,Low,No evidence required
trim/foam envelope,120,,mm / deg / datum,Current source set,V7-R0/R1/RC-005,NOT_APPLICABLE,FEATURE_NOT_APPLICABLE,None,Seat carriage engineering definition,Parameter does not apply to this reference item.,Reference-role applicability control,Low,No evidence required
backrest thickness,120,,mm / deg / datum,Current source set,V7-R0/R1/RC-005,NOT_APPLICABLE,FEATURE_NOT_APPLICABLE,None,Seat carriage engineering definition,Parameter does not apply to this reference item.,Reference-role applicability control,Low,No evidence required
hinge pivot location,120,,mm / deg / datum,Current source set,V7-R0/R1/RC-005,NOT_APPLICABLE,FEATURE_NOT_APPLICABLE,None,Seat carriage engineering definition,Parameter does not apply to this reference item.,Reference-role applicability control,Low,No evidence required
pivot axis,120,,mm / deg / datum,Current source set,V7-R0/R1/RC-005,NOT_APPLICABLE,FEATURE_NOT_APPLICABLE,None,Seat carriage engineering definition,Parameter does not apply to this reference item.,Reference-role applicability control,Low,No evidence required
end-stop locations,120,,mm / deg / datum,Current source set,V7-R0/R1/RC-005,NOT_APPLICABLE,FEATURE_NOT_APPLICABLE,None,Seat carriage engineering definition,Parameter does not apply to this reference item.,Reference-role applicability control,Low,No evidence required
torso support geometry,120,,mm / deg / datum,Current source set,V7-R0/R1/RC-005,NOT_APPLICABLE,FEATURE_NOT_APPLICABLE,None,Seat carriage engineering definition,Parameter does not apply to this reference item.,Reference-role applicability control,Low,No evidence required
head-support envelope,120,,mm / deg / datum,Current source set,V7-R0/R1/RC-005,NOT_APPLICABLE,FEATURE_NOT_APPLICABLE,None,Seat carriage engineering definition,Parameter does not apply to this reference item.,Reference-role applicability control,Low,No evidence required
link centre positions,120,,mm / deg / datum,Current source set,V7-R0/R1/RC-005,NOT_APPLICABLE,FEATURE_NOT_APPLICABLE,None,Seat carriage engineering definition,Parameter does not apply to this reference item.,Reference-role applicability control,Low,No evidence required
rail width,120,,mm / deg / datum,Current source set,V7-R0/R1/RC-005,MISSING,RELEASED_FEATURE_NOT_FOUND,None,Seat carriage engineering definition,No authoritative released value; any current model primitive is not automatically the required feature dimension.,Released CAD + PMI/GD&T + independent metrology,High,Controlled feature definition
rail height,120,,mm / deg / datum,Current source set,V7-R0/R1/RC-005,MISSING,RELEASED_FEATURE_NOT_FOUND,None,Seat carriage engineering definition,No authoritative released value; any current model primitive is not automatically the required feature dimension.,Released CAD + PMI/GD&T + independent metrology,High,Controlled feature definition
runner dimensions,120,,mm / deg / datum,Current source set,V7-R0/R1/RC-005,MISSING,RELEASED_FEATURE_NOT_FOUND,None,Seat carriage engineering definition,No authoritative released value; any current model primitive is not automatically the required feature dimension.,Released CAD + PMI/GD&T + independent metrology,High,Controlled feature definition
capture/retention geometry,120,,mm / deg / datum,Current source set,V7-R0/R1/RC-005,MISSING,RELEASED_FEATURE_NOT_FOUND,None,Seat carriage engineering definition,No authoritative released value; any current model primitive is not automatically the required feature dimension.,Released CAD + PMI/GD&T + independent metrology,High,Controlled feature definition
parallelism,120,,mm / deg / datum,Current source set,V7-R0/R1/RC-005,MISSING,RELEASED_FEATURE_NOT_FOUND,None,Seat carriage engineering definition,No authoritative released value; any current model primitive is not automatically the required feature dimension.,Released CAD + PMI/GD&T + independent metrology,High,Controlled feature definition
alignment,120,,mm / deg / datum,Current source set,V7-R0/R1/RC-005,MISSING,RELEASED_FEATURE_NOT_FOUND,None,Seat carriage engineering definition,No authoritative released value; any current model primitive is not automatically the required feature dimension.,Released CAD + PMI/GD&T + independent metrology,High,Controlled feature definition
mounting-hole locations,120,,mm / deg / datum,Current source set,V7-R0/R1/RC-005,MISSING,RELEASED_FEATURE_NOT_FOUND,None,Seat carriage engineering definition,No authoritative released value; any current model primitive is not automatically the required feature dimension.,Released CAD + PMI/GD&T + independent metrology,High,Controlled feature definition
total length,130L,,mm / deg / datum,Current source set,V7-R0/R1/RC-005,MISSING,RELEASED_FEATURE_NOT_FOUND,None,Left ride-down energy-management module engineering definition,No authoritative released value; any current model primitive is not automatically the required feature dimension.,Released CAD + PMI/GD&T + independent metrology,High,Controlled feature definition
total width,130L,,mm / deg / datum,Current source set,V7-R0/R1/RC-005,MISSING,RELEASED_FEATURE_NOT_FOUND,None,Left ride-down energy-management module engineering definition,No authoritative released value; any current model primitive is not automatically the required feature dimension.,Released CAD + PMI/GD&T + independent metrology,High,Controlled feature definition
total height,130L,,mm / deg / datum,Current source set,V7-R0/R1/RC-005,MISSING,RELEASED_FEATURE_NOT_FOUND,None,Left ride-down energy-management module engineering definition,No authoritative released value; any current model primitive is not automatically the required feature dimension.,Released CAD + PMI/GD&T + independent metrology,High,Controlled feature definition
folded/rotated envelope,130L,,mm / deg / datum,Current source set,V7-R0/R1/RC-005,MISSING,RELEASED_FEATURE_NOT_FOUND,None,Left ride-down energy-management module engineering definition,No authoritative released value; any current model primitive is not automatically the required feature dimension.,Released CAD + PMI/GD&T + independent metrology,High,Controlled feature definition
section geometry,130L,,mm / deg / datum,Current source set,V7-R0/R1/RC-005,MISSING,RELEASED_FEATURE_NOT_FOUND,None,Left ride-down energy-management module engineering definition,No authoritative released value; any current model primitive is not automatically the required feature dimension.,Released CAD + PMI/GD&T + independent metrology,High,Controlled feature definition
wall thickness,130L,,mm / deg / datum,Current source set,V7-R0/R1/RC-005,MISSING,RELEASED_FEATURE_NOT_FOUND,None,Left ride-down energy-management module engineering definition,No authoritative released value; any current model primitive is not automatically the required feature dimension.,Released CAD + PMI/GD&T + independent metrology,High,Controlled feature definition
plate thickness,130L,,mm / deg / datum,Current source set,V7-R0/R1/RC-005,MISSING,RELEASED_FEATURE_NOT_FOUND,None,Left ride-down energy-management module engineering definition,No authoritative released value; any current model primitive is not automatically the required feature dimension.,Released CAD + PMI/GD&T + independent metrology,High,Controlled feature definition
hole size,130L,,mm / deg / datum,Current source set,V7-R0/R1/RC-005,MISSING,RELEASED_FEATURE_NOT_FOUND,None,Left ride-down energy-management module engineering definition,No authoritative released value; any current model primitive is not automatically the required feature dimension.,Released CAD + PMI/GD&T + independent metrology,High,Controlled feature definition
edge distance,130L,,mm / deg / datum,Current source set,V7-R0/R1/RC-005,MISSING,RELEASED_FEATURE_NOT_FOUND,None,Left ride-down energy-management module engineering definition,No authoritative released value; any current model primitive is not automatically the required feature dimension.,Released CAD + PMI/GD&T + independent metrology,High,Controlled feature definition
radii,130L,,mm / deg / datum,Current source set,V7-R0/R1/RC-005,MISSING,RELEASED_FEATURE_NOT_FOUND,None,Left ride-down energy-management module engineering definition,No authoritative released value; any current model primitive is not automatically the required feature dimension.,Released CAD + PMI/GD&T + independent metrology,High,Controlled feature definition
offsets,130L,,mm / deg / datum,Current source set,V7-R0/R1/RC-005,MISSING,RELEASED_FEATURE_NOT_FOUND,None,Left ride-down energy-management module engineering definition,No authoritative released value; any current model primitive is not automatically the required feature dimension.,Released CAD + PMI/GD&T + independent metrology,High,Controlled feature definition
interface locations,130L,,mm / deg / datum,Current source set,V7-R0/R1/RC-005,MISSING,RELEASED_FEATURE_NOT_FOUND,None,Left ride-down energy-management module engineering definition,No authoritative released value; any current model primitive is not automatically the required feature dimension.,Released CAD + PMI/GD&T + independent metrology,High,Controlled feature definition
reference datums,130L,,mm / deg / datum,Current source set,V7-R0/R1/RC-005,MISSING,RELEASED_FEATURE_NOT_FOUND,None,Left ride-down energy-management module engineering definition,No authoritative released value; any current model primitive is not automatically the required feature dimension.,Released CAD + PMI/GD&T + independent metrology,High,Controlled feature definition
front edge position,130L,,mm / deg / datum,Current source set,V7-R0/R1/RC-005,NOT_APPLICABLE,FEATURE_NOT_APPLICABLE,None,Left ride-down energy-management module engineering definition,Parameter does not apply to this reference item.,Reference-role applicability control,Low,No evidence required
effective cushion length,130L,,mm / deg / datum,Current source set,V7-R0/R1/RC-005,NOT_APPLICABLE,FEATURE_NOT_APPLICABLE,None,Left ride-down energy-management module engineering definition,Parameter does not apply to this reference item.,Reference-role applicability control,Low,No evidence required
pelvic ramp geometry,130L,,mm / deg / datum,Current source set,V7-R0/R1/RC-005,NOT_APPLICABLE,FEATURE_NOT_APPLICABLE,None,Left ride-down energy-management module engineering definition,Parameter does not apply to this reference item.,Reference-role applicability control,Low,No evidence required
anti-submarining geometry,130L,,mm / deg / datum,Current source set,V7-R0/R1/RC-005,NOT_APPLICABLE,FEATURE_NOT_APPLICABLE,None,Left ride-down energy-management module engineering definition,Parameter does not apply to this reference item.,Reference-role applicability control,Low,No evidence required
cushion thickness,130L,,mm / deg / datum,Current source set,V7-R0/R1/RC-005,NOT_APPLICABLE,FEATURE_NOT_APPLICABLE,None,Left ride-down energy-management module engineering definition,Parameter does not apply to this reference item.,Reference-role applicability control,Low,No evidence required
structural pan thickness,130L,,mm / deg / datum,Current source set,V7-R0/R1/RC-005,NOT_APPLICABLE,FEATURE_NOT_APPLICABLE,None,Left ride-down energy-management module engineering definition,Parameter does not apply to this reference item.,Reference-role applicability control,Low,No evidence required
trim/foam envelope,130L,,mm / deg / datum,Current source set,V7-R0/R1/RC-005,NOT_APPLICABLE,FEATURE_NOT_APPLICABLE,None,Left ride-down energy-management module engineering definition,Parameter does not apply to this reference item.,Reference-role applicability control,Low,No evidence required
backrest thickness,130L,,mm / deg / datum,Current source set,V7-R0/R1/RC-005,NOT_APPLICABLE,FEATURE_NOT_APPLICABLE,None,Left ride-down energy-management module engineering definition,Parameter does not apply to this reference item.,Reference-role applicability control,Low,No evidence required
hinge pivot location,130L,,mm / deg / datum,Current source set,V7-R0/R1/RC-005,NOT_APPLICABLE,FEATURE_NOT_APPLICABLE,None,Left ride-down energy-management module engineering definition,Parameter does not apply to this reference item.,Reference-role applicability control,Low,No evidence required
pivot axis,130L,,mm / deg / datum,Current source set,V7-R0/R1/RC-005,NOT_APPLICABLE,FEATURE_NOT_APPLICABLE,None,Left ride-down energy-management module engineering definition,Parameter does not apply to this reference item.,Reference-role applicability control,Low,No evidence required
end-stop locations,130L,,mm / deg / datum,Current source set,V7-R0/R1/RC-005,NOT_APPLICABLE,FEATURE_NOT_APPLICABLE,None,Left ride-down energy-management module engineering definition,Parameter does not apply to this reference item.,Reference-role applicability control,Low,No evidence required
torso support geometry,130L,,mm / deg / datum,Current source set,V7-R0/R1/RC-005,NOT_APPLICABLE,FEATURE_NOT_APPLICABLE,None,Left ride-down energy-management module engineering definition,Parameter does not apply to this reference item.,Reference-role applicability control,Low,No evidence required
head-support envelope,130L,,mm / deg / datum,Current source set,V7-R0/R1/RC-005,NOT_APPLICABLE,FEATURE_NOT_APPLICABLE,None,Left ride-down energy-management module engineering definition,Parameter does not apply to this reference item.,Reference-role applicability control,Low,No evidence required
link centre positions,130L,,mm / deg / datum,Current source set,V7-R0/R1/RC-005,NOT_APPLICABLE,FEATURE_NOT_APPLICABLE,None,Left ride-down energy-management module engineering definition,Parameter does not apply to this reference item.,Reference-role applicability control,Low,No evidence required
rail width,130L,,mm / deg / datum,Current source set,V7-R0/R1/RC-005,NOT_APPLICABLE,FEATURE_NOT_APPLICABLE,None,Left ride-down energy-management module engineering definition,Parameter does not apply to this reference item.,Reference-role applicability control,Low,No evidence required
rail height,130L,,mm / deg / datum,Current source set,V7-R0/R1/RC-005,NOT_APPLICABLE,FEATURE_NOT_APPLICABLE,None,Left ride-down energy-management module engineering definition,Parameter does not apply to this reference item.,Reference-role applicability control,Low,No evidence required
runner dimensions,130L,,mm / deg / datum,Current source set,V7-R0/R1/RC-005,NOT_APPLICABLE,FEATURE_NOT_APPLICABLE,None,Left ride-down energy-management module engineering definition,Parameter does not apply to this reference item.,Reference-role applicability control,Low,No evidence required
capture/retention geometry,130L,,mm / deg / datum,Current source set,V7-R0/R1/RC-005,NOT_APPLICABLE,FEATURE_NOT_APPLICABLE,None,Left ride-down energy-management module engineering definition,Parameter does not apply to this reference item.,Reference-role applicability control,Low,No evidence required
parallelism,130L,,mm / deg / datum,Current source set,V7-R0/R1/RC-005,NOT_APPLICABLE,FEATURE_NOT_APPLICABLE,None,Left ride-down energy-management module engineering definition,Parameter does not apply to this reference item.,Reference-role applicability control,Low,No evidence required
alignment,130L,,mm / deg / datum,Current source set,V7-R0/R1/RC-005,NOT_APPLICABLE,FEATURE_NOT_APPLICABLE,None,Left ride-down energy-management module engineering definition,Parameter does not apply to this reference item.,Reference-role applicability control,Low,No evidence required
mounting-hole locations,130L,,mm / deg / datum,Current source set,V7-R0/R1/RC-005,NOT_APPLICABLE,FEATURE_NOT_APPLICABLE,None,Left ride-down energy-management module engineering definition,Parameter does not apply to this reference item.,Reference-role applicability control,Low,No evidence required
total length,130R,,mm / deg / datum,Current source set,V7-R0/R1/RC-005,MISSING,RELEASED_FEATURE_NOT_FOUND,None,Right ride-down energy-management module engineering definition,No authoritative released value; any current model primitive is not automatically the required feature dimension.,Released CAD + PMI/GD&T + independent metrology,High,Controlled feature definition
total width,130R,,mm / deg / datum,Current source set,V7-R0/R1/RC-005,MISSING,RELEASED_FEATURE_NOT_FOUND,None,Right ride-down energy-management module engineering definition,No authoritative released value; any current model primitive is not automatically the required feature dimension.,Released CAD + PMI/GD&T + independent metrology,High,Controlled feature definition
total height,130R,,mm / deg / datum,Current source set,V7-R0/R1/RC-005,MISSING,RELEASED_FEATURE_NOT_FOUND,None,Right ride-down energy-management module engineering definition,No authoritative released value; any current model primitive is not automatically the required feature dimension.,Released CAD + PMI/GD&T + independent metrology,High,Controlled feature definition
folded/rotated envelope,130R,,mm / deg / datum,Current source set,V7-R0/R1/RC-005,MISSING,RELEASED_FEATURE_NOT_FOUND,None,Right ride-down energy-management module engineering definition,No authoritative released value; any current model primitive is not automatically the required feature dimension.,Released CAD + PMI/GD&T + independent metrology,High,Controlled feature definition
section geometry,130R,,mm / deg / datum,Current source set,V7-R0/R1/RC-005,MISSING,RELEASED_FEATURE_NOT_FOUND,None,Right ride-down energy-management module engineering definition,No authoritative released value; any current model primitive is not automatically the required feature dimension.,Released CAD + PMI/GD&T + independent metrology,High,Controlled feature definition
wall thickness,130R,,mm / deg / datum,Current source set,V7-R0/R1/RC-005,MISSING,RELEASED_FEATURE_NOT_FOUND,None,Right ride-down energy-management module engineering definition,No authoritative released value; any current model primitive is not automatically the required feature dimension.,Released CAD + PMI/GD&T + independent metrology,High,Controlled feature definition
plate thickness,130R,,mm / deg / datum,Current source set,V7-R0/R1/RC-005,MISSING,RELEASED_FEATURE_NOT_FOUND,None,Right ride-down energy-management module engineering definition,No authoritative released value; any current model primitive is not automatically the required feature dimension.,Released CAD + PMI/GD&T + independent metrology,High,Controlled feature definition
hole size,130R,,mm / deg / datum,Current source set,V7-R0/R1/RC-005,MISSING,RELEASED_FEATURE_NOT_FOUND,None,Right ride-down energy-management module engineering definition,No authoritative released value; any current model primitive is not automatically the required feature dimension.,Released CAD + PMI/GD&T + independent metrology,High,Controlled feature definition
edge distance,130R,,mm / deg / datum,Current source set,V7-R0/R1/RC-005,MISSING,RELEASED_FEATURE_NOT_FOUND,None,Right ride-down energy-management module engineering definition,No authoritative released value; any current model primitive is not automatically the required feature dimension.,Released CAD + PMI/GD&T + independent metrology,High,Controlled feature definition
radii,130R,,mm / deg / datum,Current source set,V7-R0/R1/RC-005,MISSING,RELEASED_FEATURE_NOT_FOUND,None,Right ride-down energy-management module engineering definition,No authoritative released value; any current model primitive is not automatically the required feature dimension.,Released CAD + PMI/GD&T + independent metrology,High,Controlled feature definition
offsets,130R,,mm / deg / datum,Current source set,V7-R0/R1/RC-005,MISSING,RELEASED_FEATURE_NOT_FOUND,None,Right ride-down energy-management module engineering definition,No authoritative released value; any current model primitive is not automatically the required feature dimension.,Released CAD + PMI/GD&T + independent metrology,High,Controlled feature definition
interface locations,130R,,mm / deg / datum,Current source set,V7-R0/R1/RC-005,MISSING,RELEASED_FEATURE_NOT_FOUND,None,Right ride-down energy-management module engineering definition,No authoritative released value; any current model primitive is not automatically the required feature dimension.,Released CAD + PMI/GD&T + independent metrology,High,Controlled feature definition
reference datums,130R,,mm / deg / datum,Current source set,V7-R0/R1/RC-005,MISSING,RELEASED_FEATURE_NOT_FOUND,None,Right ride-down energy-management module engineering definition,No authoritative released value; any current model primitive is not automatically the required feature dimension.,Released CAD + PMI/GD&T + independent metrology,High,Controlled feature definition
front edge position,130R,,mm / deg / datum,Current source set,V7-R0/R1/RC-005,NOT_APPLICABLE,FEATURE_NOT_APPLICABLE,None,Right ride-down energy-management module engineering definition,Parameter does not apply to this reference item.,Reference-role applicability control,Low,No evidence required
effective cushion length,130R,,mm / deg / datum,Current source set,V7-R0/R1/RC-005,NOT_APPLICABLE,FEATURE_NOT_APPLICABLE,None,Right ride-down energy-management module engineering definition,Parameter does not apply to this reference item.,Reference-role applicability control,Low,No evidence required
pelvic ramp geometry,130R,,mm / deg / datum,Current source set,V7-R0/R1/RC-005,NOT_APPLICABLE,FEATURE_NOT_APPLICABLE,None,Right ride-down energy-management module engineering definition,Parameter does not apply to this reference item.,Reference-role applicability control,Low,No evidence required
anti-submarining geometry,130R,,mm / deg / datum,Current source set,V7-R0/R1/RC-005,NOT_APPLICABLE,FEATURE_NOT_APPLICABLE,None,Right ride-down energy-management module engineering definition,Parameter does not apply to this reference item.,Reference-role applicability control,Low,No evidence required
cushion thickness,130R,,mm / deg / datum,Current source set,V7-R0/R1/RC-005,NOT_APPLICABLE,FEATURE_NOT_APPLICABLE,None,Right ride-down energy-management module engineering definition,Parameter does not apply to this reference item.,Reference-role applicability control,Low,No evidence required
structural pan thickness,130R,,mm / deg / datum,Current source set,V7-R0/R1/RC-005,NOT_APPLICABLE,FEATURE_NOT_APPLICABLE,None,Right ride-down energy-management module engineering definition,Parameter does not apply to this reference item.,Reference-role applicability control,Low,No evidence required
trim/foam envelope,130R,,mm / deg / datum,Current source set,V7-R0/R1/RC-005,NOT_APPLICABLE,FEATURE_NOT_APPLICABLE,None,Right ride-down energy-management module engineering definition,Parameter does not apply to this reference item.,Reference-role applicability control,Low,No evidence required
backrest thickness,130R,,mm / deg / datum,Current source set,V7-R0/R1/RC-005,NOT_APPLICABLE,FEATURE_NOT_APPLICABLE,None,Right ride-down energy-management module engineering definition,Parameter does not apply to this reference item.,Reference-role applicability control,Low,No evidence required
hinge pivot location,130R,,mm / deg / datum,Current source set,V7-R0/R1/RC-005,NOT_APPLICABLE,FEATURE_NOT_APPLICABLE,None,Right ride-down energy-management module engineering definition,Parameter does not apply to this reference item.,Reference-role applicability control,Low,No evidence required
pivot axis,130R,,mm / deg / datum,Current source set,V7-R0/R1/RC-005,NOT_APPLICABLE,FEATURE_NOT_APPLICABLE,None,Right ride-down energy-management module engineering definition,Parameter does not apply to this reference item.,Reference-role applicability control,Low,No evidence required
end-stop locations,130R,,mm / deg / datum,Current source set,V7-R0/R1/RC-005,NOT_APPLICABLE,FEATURE_NOT_APPLICABLE,None,Right ride-down energy-management module engineering definition,Parameter does not apply to this reference item.,Reference-role applicability control,Low,No evidence required
torso support geometry,130R,,mm / deg / datum,Current source set,V7-R0/R1/RC-005,NOT_APPLICABLE,FEATURE_NOT_APPLICABLE,None,Right ride-down energy-management module engineering definition,Parameter does not apply to this reference item.,Reference-role applicability control,Low,No evidence required
head-support envelope,130R,,mm / deg / datum,Current source set,V7-R0/R1/RC-005,NOT_APPLICABLE,FEATURE_NOT_APPLICABLE,None,Right ride-down energy-management module engineering definition,Parameter does not apply to this reference item.,Reference-role applicability control,Low,No evidence required
link centre positions,130R,,mm / deg / datum,Current source set,V7-R0/R1/RC-005,NOT_APPLICABLE,FEATURE_NOT_APPLICABLE,None,Right ride-down energy-management module engineering definition,Parameter does not apply to this reference item.,Reference-role applicability control,Low,No evidence required
rail width,130R,,mm / deg / datum,Current source set,V7-R0/R1/RC-005,NOT_APPLICABLE,FEATURE_NOT_APPLICABLE,None,Right ride-down energy-management module engineering definition,Parameter does not apply to this reference item.,Reference-role applicability control,Low,No evidence required
rail height,130R,,mm / deg / datum,Current source set,V7-R0/R1/RC-005,NOT_APPLICABLE,FEATURE_NOT_APPLICABLE,None,Right ride-down energy-management module engineering definition,Parameter does not apply to this reference item.,Reference-role applicability control,Low,No evidence required
runner dimensions,130R,,mm / deg / datum,Current source set,V7-R0/R1/RC-005,NOT_APPLICABLE,FEATURE_NOT_APPLICABLE,None,Right ride-down energy-management module engineering definition,Parameter does not apply to this reference item.,Reference-role applicability control,Low,No evidence required
capture/retention geometry,130R,,mm / deg / datum,Current source set,V7-R0/R1/RC-005,NOT_APPLICABLE,FEATURE_NOT_APPLICABLE,None,Right ride-down energy-management module engineering definition,Parameter does not apply to this reference item.,Reference-role applicability control,Low,No evidence required
parallelism,130R,,mm / deg / datum,Current source set,V7-R0/R1/RC-005,NOT_APPLICABLE,FEATURE_NOT_APPLICABLE,None,Right ride-down energy-management module engineering definition,Parameter does not apply to this reference item.,Reference-role applicability control,Low,No evidence required
alignment,130R,,mm / deg / datum,Current source set,V7-R0/R1/RC-005,NOT_APPLICABLE,FEATURE_NOT_APPLICABLE,None,Right ride-down energy-management module engineering definition,Parameter does not apply to this reference item.,Reference-role applicability control,Low,No evidence required
mounting-hole locations,130R,,mm / deg / datum,Current source set,V7-R0/R1/RC-005,NOT_APPLICABLE,FEATURE_NOT_APPLICABLE,None,Right ride-down energy-management module engineering definition,Parameter does not apply to this reference item.,Reference-role applicability control,Low,No evidence required
total length,140,,mm / deg / datum,Current source set,V7-R0/R1/RC-005,MISSING,RELEASED_FEATURE_NOT_FOUND,None,Pelvic-control / anti-submarining pan engineering definition,No authoritative released value; any current model primitive is not automatically the required feature dimension.,Released CAD + PMI/GD&T + independent metrology,High,Controlled feature definition
total width,140,,mm / deg / datum,Current source set,V7-R0/R1/RC-005,MISSING,RELEASED_FEATURE_NOT_FOUND,None,Pelvic-control / anti-submarining pan engineering definition,No authoritative released value; any current model primitive is not automatically the required feature dimension.,Released CAD + PMI/GD&T + independent metrology,High,Controlled feature definition
total height,140,,mm / deg / datum,Current source set,V7-R0/R1/RC-005,MISSING,RELEASED_FEATURE_NOT_FOUND,None,Pelvic-control / anti-submarining pan engineering definition,No authoritative released value; any current model primitive is not automatically the required feature dimension.,Released CAD + PMI/GD&T + independent metrology,High,Controlled feature definition
folded/rotated envelope,140,,mm / deg / datum,Current source set,V7-R0/R1/RC-005,MISSING,RELEASED_FEATURE_NOT_FOUND,None,Pelvic-control / anti-submarining pan engineering definition,No authoritative released value; any current model primitive is not automatically the required feature dimension.,Released CAD + PMI/GD&T + independent metrology,High,Controlled feature definition
section geometry,140,,mm / deg / datum,Current source set,V7-R0/R1/RC-005,MISSING,RELEASED_FEATURE_NOT_FOUND,None,Pelvic-control / anti-submarining pan engineering definition,No authoritative released value; any current model primitive is not automatically the required feature dimension.,Released CAD + PMI/GD&T + independent metrology,High,Controlled feature definition
wall thickness,140,,mm / deg / datum,Current source set,V7-R0/R1/RC-005,MISSING,RELEASED_FEATURE_NOT_FOUND,None,Pelvic-control / anti-submarining pan engineering definition,No authoritative released value; any current model primitive is not automatically the required feature dimension.,Released CAD + PMI/GD&T + independent metrology,High,Controlled feature definition
plate thickness,140,,mm / deg / datum,Current source set,V7-R0/R1/RC-005,MISSING,RELEASED_FEATURE_NOT_FOUND,None,Pelvic-control / anti-submarining pan engineering definition,No authoritative released value; any current model primitive is not automatically the required feature dimension.,Released CAD + PMI/GD&T + independent metrology,High,Controlled feature definition
hole size,140,,mm / deg / datum,Current source set,V7-R0/R1/RC-005,MISSING,RELEASED_FEATURE_NOT_FOUND,None,Pelvic-control / anti-submarining pan engineering definition,No authoritative released value; any current model primitive is not automatically the required feature dimension.,Released CAD + PMI/GD&T + independent metrology,High,Controlled feature definition
edge distance,140,,mm / deg / datum,Current source set,V7-R0/R1/RC-005,MISSING,RELEASED_FEATURE_NOT_FOUND,None,Pelvic-control / anti-submarining pan engineering definition,No authoritative released value; any current model primitive is not automatically the required feature dimension.,Released CAD + PMI/GD&T + independent metrology,High,Controlled feature definition
radii,140,,mm / deg / datum,Current source set,V7-R0/R1/RC-005,MISSING,RELEASED_FEATURE_NOT_FOUND,None,Pelvic-control / anti-submarining pan engineering definition,No authoritative released value; any current model primitive is not automatically the required feature dimension.,Released CAD + PMI/GD&T + independent metrology,High,Controlled feature definition
offsets,140,,mm / deg / datum,Current source set,V7-R0/R1/RC-005,MISSING,RELEASED_FEATURE_NOT_FOUND,None,Pelvic-control / anti-submarining pan engineering definition,No authoritative released value; any current model primitive is not automatically the required feature dimension.,Released CAD + PMI/GD&T + independent metrology,High,Controlled feature definition
interface locations,140,,mm / deg / datum,Current source set,V7-R0/R1/RC-005,MISSING,RELEASED_FEATURE_NOT_FOUND,None,Pelvic-control / anti-submarining pan engineering definition,No authoritative released value; any current model primitive is not automatically the required feature dimension.,Released CAD + PMI/GD&T + independent metrology,High,Controlled feature definition
reference datums,140,,mm / deg / datum,Current source set,V7-R0/R1/RC-005,MISSING,RELEASED_FEATURE_NOT_FOUND,None,Pelvic-control / anti-submarining pan engineering definition,No authoritative released value; any current model primitive is not automatically the required feature dimension.,Released CAD + PMI/GD&T + independent metrology,High,Controlled feature definition
front edge position,140,,mm / deg / datum,Current source set,V7-R0/R1/RC-005,MISSING,RELEASED_FEATURE_NOT_FOUND,None,Pelvic-control / anti-submarining pan engineering definition,No authoritative released value; any current model primitive is not automatically the required feature dimension.,Released CAD + PMI/GD&T + independent metrology,High,Controlled feature definition
effective cushion length,140,,mm / deg / datum,Current source set,V7-R0/R1/RC-005,MISSING,RELEASED_FEATURE_NOT_FOUND,None,Pelvic-control / anti-submarining pan engineering definition,No authoritative released value; any current model primitive is not automatically the required feature dimension.,Released CAD + PMI/GD&T + independent metrology,High,Controlled feature definition
pelvic ramp geometry,140,,mm / deg / datum,Current source set,V7-R0/R1/RC-005,MISSING,RELEASED_FEATURE_NOT_FOUND,None,Pelvic-control / anti-submarining pan engineering definition,No authoritative released value; any current model primitive is not automatically the required feature dimension.,Released CAD + PMI/GD&T + independent metrology,High,Controlled feature definition
anti-submarining geometry,140,,mm / deg / datum,Current source set,V7-R0/R1/RC-005,MISSING,RELEASED_FEATURE_NOT_FOUND,None,Pelvic-control / anti-submarining pan engineering definition,No authoritative released value; any current model primitive is not automatically the required feature dimension.,Released CAD + PMI/GD&T + independent metrology,High,Controlled feature definition
cushion thickness,140,,mm / deg / datum,Current source set,V7-R0/R1/RC-005,MISSING,RELEASED_FEATURE_NOT_FOUND,None,Pelvic-control / anti-submarining pan engineering definition,No authoritative released value; any current model primitive is not automatically the required feature dimension.,Released CAD + PMI/GD&T + independent metrology,High,Controlled feature definition
structural pan thickness,140,,mm / deg / datum,Current source set,V7-R0/R1/RC-005,MISSING,RELEASED_FEATURE_NOT_FOUND,None,Pelvic-control / anti-submarining pan engineering definition,No authoritative released value; any current model primitive is not automatically the required feature dimension.,Released CAD + PMI/GD&T + independent metrology,High,Controlled feature definition
trim/foam envelope,140,,mm / deg / datum,Current source set,V7-R0/R1/RC-005,MISSING,RELEASED_FEATURE_NOT_FOUND,None,Pelvic-control / anti-submarining pan engineering definition,No authoritative released value; any current model primitive is not automatically the required feature dimension.,Released CAD + PMI/GD&T + independent metrology,High,Controlled feature definition
backrest thickness,140,,mm / deg / datum,Current source set,V7-R0/R1/RC-005,NOT_APPLICABLE,FEATURE_NOT_APPLICABLE,None,Pelvic-control / anti-submarining pan engineering definition,Parameter does not apply to this reference item.,Reference-role applicability control,Low,No evidence required
hinge pivot location,140,,mm / deg / datum,Current source set,V7-R0/R1/RC-005,NOT_APPLICABLE,FEATURE_NOT_APPLICABLE,None,Pelvic-control / anti-submarining pan engineering definition,Parameter does not apply to this reference item.,Reference-role applicability control,Low,No evidence required
pivot axis,140,,mm / deg / datum,Current source set,V7-R0/R1/RC-005,NOT_APPLICABLE,FEATURE_NOT_APPLICABLE,None,Pelvic-control / anti-submarining pan engineering definition,Parameter does not apply to this reference item.,Reference-role applicability control,Low,No evidence required
end-stop locations,140,,mm / deg / datum,Current source set,V7-R0/R1/RC-005,NOT_APPLICABLE,FEATURE_NOT_APPLICABLE,None,Pelvic-control / anti-submarining pan engineering definition,Parameter does not apply to this reference item.,Reference-role applicability control,Low,No evidence required
torso support geometry,140,,mm / deg / datum,Current source set,V7-R0/R1/RC-005,NOT_APPLICABLE,FEATURE_NOT_APPLICABLE,None,Pelvic-control / anti-submarining pan engineering definition,Parameter does not apply to this reference item.,Reference-role applicability control,Low,No evidence required
head-support envelope,140,,mm / deg / datum,Current source set,V7-R0/R1/RC-005,NOT_APPLICABLE,FEATURE_NOT_APPLICABLE,None,Pelvic-control / anti-submarining pan engineering definition,Parameter does not apply to this reference item.,Reference-role applicability control,Low,No evidence required
link centre positions,140,,mm / deg / datum,Current source set,V7-R0/R1/RC-005,NOT_APPLICABLE,FEATURE_NOT_APPLICABLE,None,Pelvic-control / anti-submarining pan engineering definition,Parameter does not apply to this reference item.,Reference-role applicability control,Low,No evidence required
rail width,140,,mm / deg / datum,Current source set,V7-R0/R1/RC-005,NOT_APPLICABLE,FEATURE_NOT_APPLICABLE,None,Pelvic-control / anti-submarining pan engineering definition,Parameter does not apply to this reference item.,Reference-role applicability control,Low,No evidence required
rail height,140,,mm / deg / datum,Current source set,V7-R0/R1/RC-005,NOT_APPLICABLE,FEATURE_NOT_APPLICABLE,None,Pelvic-control / anti-submarining pan engineering definition,Parameter does not apply to this reference item.,Reference-role applicability control,Low,No evidence required
runner dimensions,140,,mm / deg / datum,Current source set,V7-R0/R1/RC-005,NOT_APPLICABLE,FEATURE_NOT_APPLICABLE,None,Pelvic-control / anti-submarining pan engineering definition,Parameter does not apply to this reference item.,Reference-role applicability control,Low,No evidence required
capture/retention geometry,140,,mm / deg / datum,Current source set,V7-R0/R1/RC-005,NOT_APPLICABLE,FEATURE_NOT_APPLICABLE,None,Pelvic-control / anti-submarining pan engineering definition,Parameter does not apply to this reference item.,Reference-role applicability control,Low,No evidence required
parallelism,140,,mm / deg / datum,Current source set,V7-R0/R1/RC-005,NOT_APPLICABLE,FEATURE_NOT_APPLICABLE,None,Pelvic-control / anti-submarining pan engineering definition,Parameter does not apply to this reference item.,Reference-role applicability control,Low,No evidence required
alignment,140,,mm / deg / datum,Current source set,V7-R0/R1/RC-005,NOT_APPLICABLE,FEATURE_NOT_APPLICABLE,None,Pelvic-control / anti-submarining pan engineering definition,Parameter does not apply to this reference item.,Reference-role applicability control,Low,No evidence required
mounting-hole locations,140,,mm / deg / datum,Current source set,V7-R0/R1/RC-005,NOT_APPLICABLE,FEATURE_NOT_APPLICABLE,None,Pelvic-control / anti-submarining pan engineering definition,Parameter does not apply to this reference item.,Reference-role applicability control,Low,No evidence required
total length,150L,,mm / deg / datum,Current source set,V7-R0/R1/RC-005,MISSING,RELEASED_FEATURE_NOT_FOUND,None,Left seatback rotation-control link engineering definition,No authoritative released value; any current model primitive is not automatically the required feature dimension.,Released CAD + PMI/GD&T + independent metrology,High,Controlled feature definition
total width,150L,,mm / deg / datum,Current source set,V7-R0/R1/RC-005,MISSING,RELEASED_FEATURE_NOT_FOUND,None,Left seatback rotation-control link engineering definition,No authoritative released value; any current model primitive is not automatically the required feature dimension.,Released CAD + PMI/GD&T + independent metrology,High,Controlled feature definition
total height,150L,,mm / deg / datum,Current source set,V7-R0/R1/RC-005,MISSING,RELEASED_FEATURE_NOT_FOUND,None,Left seatback rotation-control link engineering definition,No authoritative released value; any current model primitive is not automatically the required feature dimension.,Released CAD + PMI/GD&T + independent metrology,High,Controlled feature definition
folded/rotated envelope,150L,,mm / deg / datum,Current source set,V7-R0/R1/RC-005,MISSING,RELEASED_FEATURE_NOT_FOUND,None,Left seatback rotation-control link engineering definition,No authoritative released value; any current model primitive is not automatically the required feature dimension.,Released CAD + PMI/GD&T + independent metrology,High,Controlled feature definition
section geometry,150L,,mm / deg / datum,Current source set,V7-R0/R1/RC-005,MISSING,RELEASED_FEATURE_NOT_FOUND,None,Left seatback rotation-control link engineering definition,No authoritative released value; any current model primitive is not automatically the required feature dimension.,Released CAD + PMI/GD&T + independent metrology,High,Controlled feature definition
wall thickness,150L,,mm / deg / datum,Current source set,V7-R0/R1/RC-005,MISSING,RELEASED_FEATURE_NOT_FOUND,None,Left seatback rotation-control link engineering definition,No authoritative released value; any current model primitive is not automatically the required feature dimension.,Released CAD + PMI/GD&T + independent metrology,High,Controlled feature definition
plate thickness,150L,,mm / deg / datum,Current source set,V7-R0/R1/RC-005,MISSING,RELEASED_FEATURE_NOT_FOUND,None,Left seatback rotation-control link engineering definition,No authoritative released value; any current model primitive is not automatically the required feature dimension.,Released CAD + PMI/GD&T + independent metrology,High,Controlled feature definition
hole size,150L,,mm / deg / datum,Current source set,V7-R0/R1/RC-005,MISSING,RELEASED_FEATURE_NOT_FOUND,None,Left seatback rotation-control link engineering definition,No authoritative released value; any current model primitive is not automatically the required feature dimension.,Released CAD + PMI/GD&T + independent metrology,High,Controlled feature definition
edge distance,150L,,mm / deg / datum,Current source set,V7-R0/R1/RC-005,MISSING,RELEASED_FEATURE_NOT_FOUND,None,Left seatback rotation-control link engineering definition,No authoritative released value; any current model primitive is not automatically the required feature dimension.,Released CAD + PMI/GD&T + independent metrology,High,Controlled feature definition
radii,150L,,mm / deg / datum,Current source set,V7-R0/R1/RC-005,MISSING,RELEASED_FEATURE_NOT_FOUND,None,Left seatback rotation-control link engineering definition,No authoritative released value; any current model primitive is not automatically the required feature dimension.,Released CAD + PMI/GD&T + independent metrology,High,Controlled feature definition
offsets,150L,,mm / deg / datum,Current source set,V7-R0/R1/RC-005,MISSING,RELEASED_FEATURE_NOT_FOUND,None,Left seatback rotation-control link engineering definition,No authoritative released value; any current model primitive is not automatically the required feature dimension.,Released CAD + PMI/GD&T + independent metrology,High,Controlled feature definition
interface locations,150L,,mm / deg / datum,Current source set,V7-R0/R1/RC-005,MISSING,RELEASED_FEATURE_NOT_FOUND,None,Left seatback rotation-control link engineering definition,No authoritative released value; any current model primitive is not automatically the required feature dimension.,Released CAD + PMI/GD&T + independent metrology,High,Controlled feature definition
reference datums,150L,,mm / deg / datum,Current source set,V7-R0/R1/RC-005,MISSING,RELEASED_FEATURE_NOT_FOUND,None,Left seatback rotation-control link engineering definition,No authoritative released value; any current model primitive is not automatically the required feature dimension.,Released CAD + PMI/GD&T + independent metrology,High,Controlled feature definition
front edge position,150L,,mm / deg / datum,Current source set,V7-R0/R1/RC-005,NOT_APPLICABLE,FEATURE_NOT_APPLICABLE,None,Left seatback rotation-control link engineering definition,Parameter does not apply to this reference item.,Reference-role applicability control,Low,No evidence required
effective cushion length,150L,,mm / deg / datum,Current source set,V7-R0/R1/RC-005,NOT_APPLICABLE,FEATURE_NOT_APPLICABLE,None,Left seatback rotation-control link engineering definition,Parameter does not apply to this reference item.,Reference-role applicability control,Low,No evidence required
pelvic ramp geometry,150L,,mm / deg / datum,Current source set,V7-R0/R1/RC-005,NOT_APPLICABLE,FEATURE_NOT_APPLICABLE,None,Left seatback rotation-control link engineering definition,Parameter does not apply to this reference item.,Reference-role applicability control,Low,No evidence required
anti-submarining geometry,150L,,mm / deg / datum,Current source set,V7-R0/R1/RC-005,NOT_APPLICABLE,FEATURE_NOT_APPLICABLE,None,Left seatback rotation-control link engineering definition,Parameter does not apply to this reference item.,Reference-role applicability control,Low,No evidence required
cushion thickness,150L,,mm / deg / datum,Current source set,V7-R0/R1/RC-005,NOT_APPLICABLE,FEATURE_NOT_APPLICABLE,None,Left seatback rotation-control link engineering definition,Parameter does not apply to this reference item.,Reference-role applicability control,Low,No evidence required
structural pan thickness,150L,,mm / deg / datum,Current source set,V7-R0/R1/RC-005,NOT_APPLICABLE,FEATURE_NOT_APPLICABLE,None,Left seatback rotation-control link engineering definition,Parameter does not apply to this reference item.,Reference-role applicability control,Low,No evidence required
trim/foam envelope,150L,,mm / deg / datum,Current source set,V7-R0/R1/RC-005,NOT_APPLICABLE,FEATURE_NOT_APPLICABLE,None,Left seatback rotation-control link engineering definition,Parameter does not apply to this reference item.,Reference-role applicability control,Low,No evidence required
backrest thickness,150L,,mm / deg / datum,Current source set,V7-R0/R1/RC-005,MISSING,RELEASED_FEATURE_NOT_FOUND,None,Left seatback rotation-control link engineering definition,No authoritative released value; any current model primitive is not automatically the required feature dimension.,Released CAD + PMI/GD&T + independent metrology,High,Controlled feature definition
hinge pivot location,150L,,mm / deg / datum,Current source set,V7-R0/R1/RC-005,MISSING,RELEASED_FEATURE_NOT_FOUND,None,Left seatback rotation-control link engineering definition,No authoritative released value; any current model primitive is not automatically the required feature dimension.,Released CAD + PMI/GD&T + independent metrology,High,Controlled feature definition
pivot axis,150L,,mm / deg / datum,Current source set,V7-R0/R1/RC-005,MISSING,RELEASED_FEATURE_NOT_FOUND,None,Left seatback rotation-control link engineering definition,No authoritative released value; any current model primitive is not automatically the required feature dimension.,Released CAD + PMI/GD&T + independent metrology,High,Controlled feature definition
end-stop locations,150L,,mm / deg / datum,Current source set,V7-R0/R1/RC-005,MISSING,RELEASED_FEATURE_NOT_FOUND,None,Left seatback rotation-control link engineering definition,No authoritative released value; any current model primitive is not automatically the required feature dimension.,Released CAD + PMI/GD&T + independent metrology,High,Controlled feature definition
torso support geometry,150L,,mm / deg / datum,Current source set,V7-R0/R1/RC-005,MISSING,RELEASED_FEATURE_NOT_FOUND,None,Left seatback rotation-control link engineering definition,No authoritative released value; any current model primitive is not automatically the required feature dimension.,Released CAD + PMI/GD&T + independent metrology,High,Controlled feature definition
head-support envelope,150L,,mm / deg / datum,Current source set,V7-R0/R1/RC-005,MISSING,RELEASED_FEATURE_NOT_FOUND,None,Left seatback rotation-control link engineering definition,No authoritative released value; any current model primitive is not automatically the required feature dimension.,Released CAD + PMI/GD&T + independent metrology,High,Controlled feature definition
link centre positions,150L,,mm / deg / datum,Current source set,V7-R0/R1/RC-005,MISSING,RELEASED_FEATURE_NOT_FOUND,None,Left seatback rotation-control link engineering definition,No authoritative released value; any current model primitive is not automatically the required feature dimension.,Released CAD + PMI/GD&T + independent metrology,High,Controlled feature definition
rail width,150L,,mm / deg / datum,Current source set,V7-R0/R1/RC-005,NOT_APPLICABLE,FEATURE_NOT_APPLICABLE,None,Left seatback rotation-control link engineering definition,Parameter does not apply to this reference item.,Reference-role applicability control,Low,No evidence required
rail height,150L,,mm / deg / datum,Current source set,V7-R0/R1/RC-005,NOT_APPLICABLE,FEATURE_NOT_APPLICABLE,None,Left seatback rotation-control link engineering definition,Parameter does not apply to this reference item.,Reference-role applicability control,Low,No evidence required
runner dimensions,150L,,mm / deg / datum,Current source set,V7-R0/R1/RC-005,NOT_APPLICABLE,FEATURE_NOT_APPLICABLE,None,Left seatback rotation-control link engineering definition,Parameter does not apply to this reference item.,Reference-role applicability control,Low,No evidence required
capture/retention geometry,150L,,mm / deg / datum,Current source set,V7-R0/R1/RC-005,NOT_APPLICABLE,FEATURE_NOT_APPLICABLE,None,Left seatback rotation-control link engineering definition,Parameter does not apply to this reference item.,Reference-role applicability control,Low,No evidence required
parallelism,150L,,mm / deg / datum,Current source set,V7-R0/R1/RC-005,NOT_APPLICABLE,FEATURE_NOT_APPLICABLE,None,Left seatback rotation-control link engineering definition,Parameter does not apply to this reference item.,Reference-role applicability control,Low,No evidence required
alignment,150L,,mm / deg / datum,Current source set,V7-R0/R1/RC-005,NOT_APPLICABLE,FEATURE_NOT_APPLICABLE,None,Left seatback rotation-control link engineering definition,Parameter does not apply to this reference item.,Reference-role applicability control,Low,No evidence required
mounting-hole locations,150L,,mm / deg / datum,Current source set,V7-R0/R1/RC-005,NOT_APPLICABLE,FEATURE_NOT_APPLICABLE,None,Left seatback rotation-control link engineering definition,Parameter does not apply to this reference item.,Reference-role applicability control,Low,No evidence required
total length,150R,,mm / deg / datum,Current source set,V7-R0/R1/RC-005,MISSING,RELEASED_FEATURE_NOT_FOUND,None,Right seatback rotation-control link engineering definition,No authoritative released value; any current model primitive is not automatically the required feature dimension.,Released CAD + PMI/GD&T + independent metrology,High,Controlled feature definition
total width,150R,,mm / deg / datum,Current source set,V7-R0/R1/RC-005,MISSING,RELEASED_FEATURE_NOT_FOUND,None,Right seatback rotation-control link engineering definition,No authoritative released value; any current model primitive is not automatically the required feature dimension.,Released CAD + PMI/GD&T + independent metrology,High,Controlled feature definition
total height,150R,,mm / deg / datum,Current source set,V7-R0/R1/RC-005,MISSING,RELEASED_FEATURE_NOT_FOUND,None,Right seatback rotation-control link engineering definition,No authoritative released value; any current model primitive is not automatically the required feature dimension.,Released CAD + PMI/GD&T + independent metrology,High,Controlled feature definition
folded/rotated envelope,150R,,mm / deg / datum,Current source set,V7-R0/R1/RC-005,MISSING,RELEASED_FEATURE_NOT_FOUND,None,Right seatback rotation-control link engineering definition,No authoritative released value; any current model primitive is not automatically the required feature dimension.,Released CAD + PMI/GD&T + independent metrology,High,Controlled feature definition
section geometry,150R,,mm / deg / datum,Current source set,V7-R0/R1/RC-005,MISSING,RELEASED_FEATURE_NOT_FOUND,None,Right seatback rotation-control link engineering definition,No authoritative released value; any current model primitive is not automatically the required feature dimension.,Released CAD + PMI/GD&T + independent metrology,High,Controlled feature definition
wall thickness,150R,,mm / deg / datum,Current source set,V7-R0/R1/RC-005,MISSING,RELEASED_FEATURE_NOT_FOUND,None,Right seatback rotation-control link engineering definition,No authoritative released value; any current model primitive is not automatically the required feature dimension.,Released CAD + PMI/GD&T + independent metrology,High,Controlled feature definition
plate thickness,150R,,mm / deg / datum,Current source set,V7-R0/R1/RC-005,MISSING,RELEASED_FEATURE_NOT_FOUND,None,Right seatback rotation-control link engineering definition,No authoritative released value; any current model primitive is not automatically the required feature dimension.,Released CAD + PMI/GD&T + independent metrology,High,Controlled feature definition
hole size,150R,,mm / deg / datum,Current source set,V7-R0/R1/RC-005,MISSING,RELEASED_FEATURE_NOT_FOUND,None,Right seatback rotation-control link engineering definition,No authoritative released value; any current model primitive is not automatically the required feature dimension.,Released CAD + PMI/GD&T + independent metrology,High,Controlled feature definition
edge distance,150R,,mm / deg / datum,Current source set,V7-R0/R1/RC-005,MISSING,RELEASED_FEATURE_NOT_FOUND,None,Right seatback rotation-control link engineering definition,No authoritative released value; any current model primitive is not automatically the required feature dimension.,Released CAD + PMI/GD&T + independent metrology,High,Controlled feature definition
radii,150R,,mm / deg / datum,Current source set,V7-R0/R1/RC-005,MISSING,RELEASED_FEATURE_NOT_FOUND,None,Right seatback rotation-control link engineering definition,No authoritative released value; any current model primitive is not automatically the required feature dimension.,Released CAD + PMI/GD&T + independent metrology,High,Controlled feature definition
offsets,150R,,mm / deg / datum,Current source set,V7-R0/R1/RC-005,MISSING,RELEASED_FEATURE_NOT_FOUND,None,Right seatback rotation-control link engineering definition,No authoritative released value; any current model primitive is not automatically the required feature dimension.,Released CAD + PMI/GD&T + independent metrology,High,Controlled feature definition
interface locations,150R,,mm / deg / datum,Current source set,V7-R0/R1/RC-005,MISSING,RELEASED_FEATURE_NOT_FOUND,None,Right seatback rotation-control link engineering definition,No authoritative released value; any current model primitive is not automatically the required feature dimension.,Released CAD + PMI/GD&T + independent metrology,High,Controlled feature definition
reference datums,150R,,mm / deg / datum,Current source set,V7-R0/R1/RC-005,MISSING,RELEASED_FEATURE_NOT_FOUND,None,Right seatback rotation-control link engineering definition,No authoritative released value; any current model primitive is not automatically the required feature dimension.,Released CAD + PMI/GD&T + independent metrology,High,Controlled feature definition
front edge position,150R,,mm / deg / datum,Current source set,V7-R0/R1/RC-005,NOT_APPLICABLE,FEATURE_NOT_APPLICABLE,None,Right seatback rotation-control link engineering definition,Parameter does not apply to this reference item.,Reference-role applicability control,Low,No evidence required
effective cushion length,150R,,mm / deg / datum,Current source set,V7-R0/R1/RC-005,NOT_APPLICABLE,FEATURE_NOT_APPLICABLE,None,Right seatback rotation-control link engineering definition,Parameter does not apply to this reference item.,Reference-role applicability control,Low,No evidence required
pelvic ramp geometry,150R,,mm / deg / datum,Current source set,V7-R0/R1/RC-005,NOT_APPLICABLE,FEATURE_NOT_APPLICABLE,None,Right seatback rotation-control link engineering definition,Parameter does not apply to this reference item.,Reference-role applicability control,Low,No evidence required
anti-submarining geometry,150R,,mm / deg / datum,Current source set,V7-R0/R1/RC-005,NOT_APPLICABLE,FEATURE_NOT_APPLICABLE,None,Right seatback rotation-control link engineering definition,Parameter does not apply to this reference item.,Reference-role applicability control,Low,No evidence required
cushion thickness,150R,,mm / deg / datum,Current source set,V7-R0/R1/RC-005,NOT_APPLICABLE,FEATURE_NOT_APPLICABLE,None,Right seatback rotation-control link engineering definition,Parameter does not apply to this reference item.,Reference-role applicability control,Low,No evidence required
structural pan thickness,150R,,mm / deg / datum,Current source set,V7-R0/R1/RC-005,NOT_APPLICABLE,FEATURE_NOT_APPLICABLE,None,Right seatback rotation-control link engineering definition,Parameter does not apply to this reference item.,Reference-role applicability control,Low,No evidence required
trim/foam envelope,150R,,mm / deg / datum,Current source set,V7-R0/R1/RC-005,NOT_APPLICABLE,FEATURE_NOT_APPLICABLE,None,Right seatback rotation-control link engineering definition,Parameter does not apply to this reference item.,Reference-role applicability control,Low,No evidence required
backrest thickness,150R,,mm / deg / datum,Current source set,V7-R0/R1/RC-005,MISSING,RELEASED_FEATURE_NOT_FOUND,None,Right seatback rotation-control link engineering definition,No authoritative released value; any current model primitive is not automatically the required feature dimension.,Released CAD + PMI/GD&T + independent metrology,High,Controlled feature definition
hinge pivot location,150R,,mm / deg / datum,Current source set,V7-R0/R1/RC-005,MISSING,RELEASED_FEATURE_NOT_FOUND,None,Right seatback rotation-control link engineering definition,No authoritative released value; any current model primitive is not automatically the required feature dimension.,Released CAD + PMI/GD&T + independent metrology,High,Controlled feature definition
pivot axis,150R,,mm / deg / datum,Current source set,V7-R0/R1/RC-005,MISSING,RELEASED_FEATURE_NOT_FOUND,None,Right seatback rotation-control link engineering definition,No authoritative released value; any current model primitive is not automatically the required feature dimension.,Released CAD + PMI/GD&T + independent metrology,High,Controlled feature definition
end-stop locations,150R,,mm / deg / datum,Current source set,V7-R0/R1/RC-005,MISSING,RELEASED_FEATURE_NOT_FOUND,None,Right seatback rotation-control link engineering definition,No authoritative released value; any current model primitive is not automatically the required feature dimension.,Released CAD + PMI/GD&T + independent metrology,High,Controlled feature definition
torso support geometry,150R,,mm / deg / datum,Current source set,V7-R0/R1/RC-005,MISSING,RELEASED_FEATURE_NOT_FOUND,None,Right seatback rotation-control link engineering definition,No authoritative released value; any current model primitive is not automatically the required feature dimension.,Released CAD + PMI/GD&T + independent metrology,High,Controlled feature definition
head-support envelope,150R,,mm / deg / datum,Current source set,V7-R0/R1/RC-005,MISSING,RELEASED_FEATURE_NOT_FOUND,None,Right seatback rotation-control link engineering definition,No authoritative released value; any current model primitive is not automatically the required feature dimension.,Released CAD + PMI/GD&T + independent metrology,High,Controlled feature definition
link centre positions,150R,,mm / deg / datum,Current source set,V7-R0/R1/RC-005,MISSING,RELEASED_FEATURE_NOT_FOUND,None,Right seatback rotation-control link engineering definition,No authoritative released value; any current model primitive is not automatically the required feature dimension.,Released CAD + PMI/GD&T + independent metrology,High,Controlled feature definition
rail width,150R,,mm / deg / datum,Current source set,V7-R0/R1/RC-005,NOT_APPLICABLE,FEATURE_NOT_APPLICABLE,None,Right seatback rotation-control link engineering definition,Parameter does not apply to this reference item.,Reference-role applicability control,Low,No evidence required
rail height,150R,,mm / deg / datum,Current source set,V7-R0/R1/RC-005,NOT_APPLICABLE,FEATURE_NOT_APPLICABLE,None,Right seatback rotation-control link engineering definition,Parameter does not apply to this reference item.,Reference-role applicability control,Low,No evidence required
runner dimensions,150R,,mm / deg / datum,Current source set,V7-R0/R1/RC-005,NOT_APPLICABLE,FEATURE_NOT_APPLICABLE,None,Right seatback rotation-control link engineering definition,Parameter does not apply to this reference item.,Reference-role applicability control,Low,No evidence required
capture/retention geometry,150R,,mm / deg / datum,Current source set,V7-R0/R1/RC-005,NOT_APPLICABLE,FEATURE_NOT_APPLICABLE,None,Right seatback rotation-control link engineering definition,Parameter does not apply to this reference item.,Reference-role applicability control,Low,No evidence required
parallelism,150R,,mm / deg / datum,Current source set,V7-R0/R1/RC-005,NOT_APPLICABLE,FEATURE_NOT_APPLICABLE,None,Right seatback rotation-control link engineering definition,Parameter does not apply to this reference item.,Reference-role applicability control,Low,No evidence required
alignment,150R,,mm / deg / datum,Current source set,V7-R0/R1/RC-005,NOT_APPLICABLE,FEATURE_NOT_APPLICABLE,None,Right seatback rotation-control link engineering definition,Parameter does not apply to this reference item.,Reference-role applicability control,Low,No evidence required
mounting-hole locations,150R,,mm / deg / datum,Current source set,V7-R0/R1/RC-005,NOT_APPLICABLE,FEATURE_NOT_APPLICABLE,None,Right seatback rotation-control link engineering definition,Parameter does not apply to this reference item.,Reference-role applicability control,Low,No evidence required
total length,160,,mm / deg / datum,Current source set,V7-R0/R1/RC-005,MISSING,RELEASED_FEATURE_NOT_FOUND,None,Seatback frame engineering definition,No authoritative released value; any current model primitive is not automatically the required feature dimension.,Released CAD + PMI/GD&T + independent metrology,High,Controlled feature definition
total width,160,,mm / deg / datum,Current source set,V7-R0/R1/RC-005,MISSING,RELEASED_FEATURE_NOT_FOUND,None,Seatback frame engineering definition,No authoritative released value; any current model primitive is not automatically the required feature dimension.,Released CAD + PMI/GD&T + independent metrology,High,Controlled feature definition
total height,160,,mm / deg / datum,Current source set,V7-R0/R1/RC-005,MISSING,RELEASED_FEATURE_NOT_FOUND,None,Seatback frame engineering definition,No authoritative released value; any current model primitive is not automatically the required feature dimension.,Released CAD + PMI/GD&T + independent metrology,High,Controlled feature definition
folded/rotated envelope,160,,mm / deg / datum,Current source set,V7-R0/R1/RC-005,MISSING,RELEASED_FEATURE_NOT_FOUND,None,Seatback frame engineering definition,No authoritative released value; any current model primitive is not automatically the required feature dimension.,Released CAD + PMI/GD&T + independent metrology,High,Controlled feature definition
section geometry,160,,mm / deg / datum,Current source set,V7-R0/R1/RC-005,MISSING,RELEASED_FEATURE_NOT_FOUND,None,Seatback frame engineering definition,No authoritative released value; any current model primitive is not automatically the required feature dimension.,Released CAD + PMI/GD&T + independent metrology,High,Controlled feature definition
wall thickness,160,,mm / deg / datum,Current source set,V7-R0/R1/RC-005,MISSING,RELEASED_FEATURE_NOT_FOUND,None,Seatback frame engineering definition,No authoritative released value; any current model primitive is not automatically the required feature dimension.,Released CAD + PMI/GD&T + independent metrology,High,Controlled feature definition
plate thickness,160,,mm / deg / datum,Current source set,V7-R0/R1/RC-005,MISSING,RELEASED_FEATURE_NOT_FOUND,None,Seatback frame engineering definition,No authoritative released value; any current model primitive is not automatically the required feature dimension.,Released CAD + PMI/GD&T + independent metrology,High,Controlled feature definition
hole size,160,,mm / deg / datum,Current source set,V7-R0/R1/RC-005,MISSING,RELEASED_FEATURE_NOT_FOUND,None,Seatback frame engineering definition,No authoritative released value; any current model primitive is not automatically the required feature dimension.,Released CAD + PMI/GD&T + independent metrology,High,Controlled feature definition
edge distance,160,,mm / deg / datum,Current source set,V7-R0/R1/RC-005,MISSING,RELEASED_FEATURE_NOT_FOUND,None,Seatback frame engineering definition,No authoritative released value; any current model primitive is not automatically the required feature dimension.,Released CAD + PMI/GD&T + independent metrology,High,Controlled feature definition
radii,160,,mm / deg / datum,Current source set,V7-R0/R1/RC-005,MISSING,RELEASED_FEATURE_NOT_FOUND,None,Seatback frame engineering definition,No authoritative released value; any current model primitive is not automatically the required feature dimension.,Released CAD + PMI/GD&T + independent metrology,High,Controlled feature definition
offsets,160,,mm / deg / datum,Current source set,V7-R0/R1/RC-005,MISSING,RELEASED_FEATURE_NOT_FOUND,None,Seatback frame engineering definition,No authoritative released value; any current model primitive is not automatically the required feature dimension.,Released CAD + PMI/GD&T + independent metrology,High,Controlled feature definition
interface locations,160,,mm / deg / datum,Current source set,V7-R0/R1/RC-005,MISSING,RELEASED_FEATURE_NOT_FOUND,None,Seatback frame engineering definition,No authoritative released value; any current model primitive is not automatically the required feature dimension.,Released CAD + PMI/GD&T + independent metrology,High,Controlled feature definition
reference datums,160,,mm / deg / datum,Current source set,V7-R0/R1/RC-005,MISSING,RELEASED_FEATURE_NOT_FOUND,None,Seatback frame engineering definition,No authoritative released value; any current model primitive is not automatically the required feature dimension.,Released CAD + PMI/GD&T + independent metrology,High,Controlled feature definition
front edge position,160,,mm / deg / datum,Current source set,V7-R0/R1/RC-005,NOT_APPLICABLE,FEATURE_NOT_APPLICABLE,None,Seatback frame engineering definition,Parameter does not apply to this reference item.,Reference-role applicability control,Low,No evidence required
effective cushion length,160,,mm / deg / datum,Current source set,V7-R0/R1/RC-005,NOT_APPLICABLE,FEATURE_NOT_APPLICABLE,None,Seatback frame engineering definition,Parameter does not apply to this reference item.,Reference-role applicability control,Low,No evidence required
pelvic ramp geometry,160,,mm / deg / datum,Current source set,V7-R0/R1/RC-005,NOT_APPLICABLE,FEATURE_NOT_APPLICABLE,None,Seatback frame engineering definition,Parameter does not apply to this reference item.,Reference-role applicability control,Low,No evidence required
anti-submarining geometry,160,,mm / deg / datum,Current source set,V7-R0/R1/RC-005,NOT_APPLICABLE,FEATURE_NOT_APPLICABLE,None,Seatback frame engineering definition,Parameter does not apply to this reference item.,Reference-role applicability control,Low,No evidence required
cushion thickness,160,,mm / deg / datum,Current source set,V7-R0/R1/RC-005,NOT_APPLICABLE,FEATURE_NOT_APPLICABLE,None,Seatback frame engineering definition,Parameter does not apply to this reference item.,Reference-role applicability control,Low,No evidence required
structural pan thickness,160,,mm / deg / datum,Current source set,V7-R0/R1/RC-005,NOT_APPLICABLE,FEATURE_NOT_APPLICABLE,None,Seatback frame engineering definition,Parameter does not apply to this reference item.,Reference-role applicability control,Low,No evidence required
trim/foam envelope,160,,mm / deg / datum,Current source set,V7-R0/R1/RC-005,NOT_APPLICABLE,FEATURE_NOT_APPLICABLE,None,Seatback frame engineering definition,Parameter does not apply to this reference item.,Reference-role applicability control,Low,No evidence required
backrest thickness,160,,mm / deg / datum,Current source set,V7-R0/R1/RC-005,MISSING,RELEASED_FEATURE_NOT_FOUND,None,Seatback frame engineering definition,No authoritative released value; any current model primitive is not automatically the required feature dimension.,Released CAD + PMI/GD&T + independent metrology,High,Controlled feature definition
hinge pivot location,160,,mm / deg / datum,Current source set,V7-R0/R1/RC-005,MISSING,RELEASED_FEATURE_NOT_FOUND,None,Seatback frame engineering definition,No authoritative released value; any current model primitive is not automatically the required feature dimension.,Released CAD + PMI/GD&T + independent metrology,High,Controlled feature definition
pivot axis,160,,mm / deg / datum,Current source set,V7-R0/R1/RC-005,MISSING,RELEASED_FEATURE_NOT_FOUND,None,Seatback frame engineering definition,No authoritative released value; any current model primitive is not automatically the required feature dimension.,Released CAD + PMI/GD&T + independent metrology,High,Controlled feature definition
end-stop locations,160,,mm / deg / datum,Current source set,V7-R0/R1/RC-005,MISSING,RELEASED_FEATURE_NOT_FOUND,None,Seatback frame engineering definition,No authoritative released value; any current model primitive is not automatically the required feature dimension.,Released CAD + PMI/GD&T + independent metrology,High,Controlled feature definition
torso support geometry,160,,mm / deg / datum,Current source set,V7-R0/R1/RC-005,MISSING,RELEASED_FEATURE_NOT_FOUND,None,Seatback frame engineering definition,No authoritative released value; any current model primitive is not automatically the required feature dimension.,Released CAD + PMI/GD&T + independent metrology,High,Controlled feature definition
head-support envelope,160,,mm / deg / datum,Current source set,V7-R0/R1/RC-005,MISSING,RELEASED_FEATURE_NOT_FOUND,None,Seatback frame engineering definition,No authoritative released value; any current model primitive is not automatically the required feature dimension.,Released CAD + PMI/GD&T + independent metrology,High,Controlled feature definition
link centre positions,160,,mm / deg / datum,Current source set,V7-R0/R1/RC-005,MISSING,RELEASED_FEATURE_NOT_FOUND,None,Seatback frame engineering definition,No authoritative released value; any current model primitive is not automatically the required feature dimension.,Released CAD + PMI/GD&T + independent metrology,High,Controlled feature definition
rail width,160,,mm / deg / datum,Current source set,V7-R0/R1/RC-005,NOT_APPLICABLE,FEATURE_NOT_APPLICABLE,None,Seatback frame engineering definition,Parameter does not apply to this reference item.,Reference-role applicability control,Low,No evidence required
rail height,160,,mm / deg / datum,Current source set,V7-R0/R1/RC-005,NOT_APPLICABLE,FEATURE_NOT_APPLICABLE,None,Seatback frame engineering definition,Parameter does not apply to this reference item.,Reference-role applicability control,Low,No evidence required
runner dimensions,160,,mm / deg / datum,Current source set,V7-R0/R1/RC-005,NOT_APPLICABLE,FEATURE_NOT_APPLICABLE,None,Seatback frame engineering definition,Parameter does not apply to this reference item.,Reference-role applicability control,Low,No evidence required
capture/retention geometry,160,,mm / deg / datum,Current source set,V7-R0/R1/RC-005,NOT_APPLICABLE,FEATURE_NOT_APPLICABLE,None,Seatback frame engineering definition,Parameter does not apply to this reference item.,Reference-role applicability control,Low,No evidence required
parallelism,160,,mm / deg / datum,Current source set,V7-R0/R1/RC-005,NOT_APPLICABLE,FEATURE_NOT_APPLICABLE,None,Seatback frame engineering definition,Parameter does not apply to this reference item.,Reference-role applicability control,Low,No evidence required
alignment,160,,mm / deg / datum,Current source set,V7-R0/R1/RC-005,NOT_APPLICABLE,FEATURE_NOT_APPLICABLE,None,Seatback frame engineering definition,Parameter does not apply to this reference item.,Reference-role applicability control,Low,No evidence required
mounting-hole locations,160,,mm / deg / datum,Current source set,V7-R0/R1/RC-005,NOT_APPLICABLE,FEATURE_NOT_APPLICABLE,None,Seatback frame engineering definition,Parameter does not apply to this reference item.,Reference-role applicability control,Low,No evidence required
total length,170,,mm / deg / datum,Current source set,V7-R0/R1/RC-005,MISSING,RELEASED_FEATURE_NOT_FOUND,None,Multi-state lock engineering definition,No authoritative released value; any current model primitive is not automatically the required feature dimension.,Released CAD + PMI/GD&T + independent metrology,High,Controlled feature definition
total width,170,,mm / deg / datum,Current source set,V7-R0/R1/RC-005,MISSING,RELEASED_FEATURE_NOT_FOUND,None,Multi-state lock engineering definition,No authoritative released value; any current model primitive is not automatically the required feature dimension.,Released CAD + PMI/GD&T + independent metrology,High,Controlled feature definition
total height,170,,mm / deg / datum,Current source set,V7-R0/R1/RC-005,MISSING,RELEASED_FEATURE_NOT_FOUND,None,Multi-state lock engineering definition,No authoritative released value; any current model primitive is not automatically the required feature dimension.,Released CAD + PMI/GD&T + independent metrology,High,Controlled feature definition
folded/rotated envelope,170,,mm / deg / datum,Current source set,V7-R0/R1/RC-005,MISSING,RELEASED_FEATURE_NOT_FOUND,None,Multi-state lock engineering definition,No authoritative released value; any current model primitive is not automatically the required feature dimension.,Released CAD + PMI/GD&T + independent metrology,High,Controlled feature definition
section geometry,170,,mm / deg / datum,Current source set,V7-R0/R1/RC-005,MISSING,RELEASED_FEATURE_NOT_FOUND,None,Multi-state lock engineering definition,No authoritative released value; any current model primitive is not automatically the required feature dimension.,Released CAD + PMI/GD&T + independent metrology,High,Controlled feature definition
wall thickness,170,,mm / deg / datum,Current source set,V7-R0/R1/RC-005,MISSING,RELEASED_FEATURE_NOT_FOUND,None,Multi-state lock engineering definition,No authoritative released value; any current model primitive is not automatically the required feature dimension.,Released CAD + PMI/GD&T + independent metrology,High,Controlled feature definition
plate thickness,170,,mm / deg / datum,Current source set,V7-R0/R1/RC-005,MISSING,RELEASED_FEATURE_NOT_FOUND,None,Multi-state lock engineering definition,No authoritative released value; any current model primitive is not automatically the required feature dimension.,Released CAD + PMI/GD&T + independent metrology,High,Controlled feature definition
hole size,170,,mm / deg / datum,Current source set,V7-R0/R1/RC-005,MISSING,RELEASED_FEATURE_NOT_FOUND,None,Multi-state lock engineering definition,No authoritative released value; any current model primitive is not automatically the required feature dimension.,Released CAD + PMI/GD&T + independent metrology,High,Controlled feature definition
edge distance,170,,mm / deg / datum,Current source set,V7-R0/R1/RC-005,MISSING,RELEASED_FEATURE_NOT_FOUND,None,Multi-state lock engineering definition,No authoritative released value; any current model primitive is not automatically the required feature dimension.,Released CAD + PMI/GD&T + independent metrology,High,Controlled feature definition
radii,170,,mm / deg / datum,Current source set,V7-R0/R1/RC-005,MISSING,RELEASED_FEATURE_NOT_FOUND,None,Multi-state lock engineering definition,No authoritative released value; any current model primitive is not automatically the required feature dimension.,Released CAD + PMI/GD&T + independent metrology,High,Controlled feature definition
offsets,170,,mm / deg / datum,Current source set,V7-R0/R1/RC-005,MISSING,RELEASED_FEATURE_NOT_FOUND,None,Multi-state lock engineering definition,No authoritative released value; any current model primitive is not automatically the required feature dimension.,Released CAD + PMI/GD&T + independent metrology,High,Controlled feature definition
interface locations,170,,mm / deg / datum,Current source set,V7-R0/R1/RC-005,MISSING,RELEASED_FEATURE_NOT_FOUND,None,Multi-state lock engineering definition,No authoritative released value; any current model primitive is not automatically the required feature dimension.,Released CAD + PMI/GD&T + independent metrology,High,Controlled feature definition
reference datums,170,,mm / deg / datum,Current source set,V7-R0/R1/RC-005,MISSING,RELEASED_FEATURE_NOT_FOUND,None,Multi-state lock engineering definition,No authoritative released value; any current model primitive is not automatically the required feature dimension.,Released CAD + PMI/GD&T + independent metrology,High,Controlled feature definition
front edge position,170,,mm / deg / datum,Current source set,V7-R0/R1/RC-005,NOT_APPLICABLE,FEATURE_NOT_APPLICABLE,None,Multi-state lock engineering definition,Parameter does not apply to this reference item.,Reference-role applicability control,Low,No evidence required
effective cushion length,170,,mm / deg / datum,Current source set,V7-R0/R1/RC-005,NOT_APPLICABLE,FEATURE_NOT_APPLICABLE,None,Multi-state lock engineering definition,Parameter does not apply to this reference item.,Reference-role applicability control,Low,No evidence required
pelvic ramp geometry,170,,mm / deg / datum,Current source set,V7-R0/R1/RC-005,NOT_APPLICABLE,FEATURE_NOT_APPLICABLE,None,Multi-state lock engineering definition,Parameter does not apply to this reference item.,Reference-role applicability control,Low,No evidence required
anti-submarining geometry,170,,mm / deg / datum,Current source set,V7-R0/R1/RC-005,NOT_APPLICABLE,FEATURE_NOT_APPLICABLE,None,Multi-state lock engineering definition,Parameter does not apply to this reference item.,Reference-role applicability control,Low,No evidence required
cushion thickness,170,,mm / deg / datum,Current source set,V7-R0/R1/RC-005,NOT_APPLICABLE,FEATURE_NOT_APPLICABLE,None,Multi-state lock engineering definition,Parameter does not apply to this reference item.,Reference-role applicability control,Low,No evidence required
structural pan thickness,170,,mm / deg / datum,Current source set,V7-R0/R1/RC-005,NOT_APPLICABLE,FEATURE_NOT_APPLICABLE,None,Multi-state lock engineering definition,Parameter does not apply to this reference item.,Reference-role applicability control,Low,No evidence required
trim/foam envelope,170,,mm / deg / datum,Current source set,V7-R0/R1/RC-005,NOT_APPLICABLE,FEATURE_NOT_APPLICABLE,None,Multi-state lock engineering definition,Parameter does not apply to this reference item.,Reference-role applicability control,Low,No evidence required
backrest thickness,170,,mm / deg / datum,Current source set,V7-R0/R1/RC-005,NOT_APPLICABLE,FEATURE_NOT_APPLICABLE,None,Multi-state lock engineering definition,Parameter does not apply to this reference item.,Reference-role applicability control,Low,No evidence required
hinge pivot location,170,,mm / deg / datum,Current source set,V7-R0/R1/RC-005,NOT_APPLICABLE,FEATURE_NOT_APPLICABLE,None,Multi-state lock engineering definition,Parameter does not apply to this reference item.,Reference-role applicability control,Low,No evidence required
pivot axis,170,,mm / deg / datum,Current source set,V7-R0/R1/RC-005,NOT_APPLICABLE,FEATURE_NOT_APPLICABLE,None,Multi-state lock engineering definition,Parameter does not apply to this reference item.,Reference-role applicability control,Low,No evidence required
end-stop locations,170,,mm / deg / datum,Current source set,V7-R0/R1/RC-005,NOT_APPLICABLE,FEATURE_NOT_APPLICABLE,None,Multi-state lock engineering definition,Parameter does not apply to this reference item.,Reference-role applicability control,Low,No evidence required
torso support geometry,170,,mm / deg / datum,Current source set,V7-R0/R1/RC-005,NOT_APPLICABLE,FEATURE_NOT_APPLICABLE,None,Multi-state lock engineering definition,Parameter does not apply to this reference item.,Reference-role applicability control,Low,No evidence required
head-support envelope,170,,mm / deg / datum,Current source set,V7-R0/R1/RC-005,NOT_APPLICABLE,FEATURE_NOT_APPLICABLE,None,Multi-state lock engineering definition,Parameter does not apply to this reference item.,Reference-role applicability control,Low,No evidence required
link centre positions,170,,mm / deg / datum,Current source set,V7-R0/R1/RC-005,NOT_APPLICABLE,FEATURE_NOT_APPLICABLE,None,Multi-state lock engineering definition,Parameter does not apply to this reference item.,Reference-role applicability control,Low,No evidence required
rail width,170,,mm / deg / datum,Current source set,V7-R0/R1/RC-005,NOT_APPLICABLE,FEATURE_NOT_APPLICABLE,None,Multi-state lock engineering definition,Parameter does not apply to this reference item.,Reference-role applicability control,Low,No evidence required
rail height,170,,mm / deg / datum,Current source set,V7-R0/R1/RC-005,NOT_APPLICABLE,FEATURE_NOT_APPLICABLE,None,Multi-state lock engineering definition,Parameter does not apply to this reference item.,Reference-role applicability control,Low,No evidence required
runner dimensions,170,,mm / deg / datum,Current source set,V7-R0/R1/RC-005,NOT_APPLICABLE,FEATURE_NOT_APPLICABLE,None,Multi-state lock engineering definition,Parameter does not apply to this reference item.,Reference-role applicability control,Low,No evidence required
capture/retention geometry,170,,mm / deg / datum,Current source set,V7-R0/R1/RC-005,NOT_APPLICABLE,FEATURE_NOT_APPLICABLE,None,Multi-state lock engineering definition,Parameter does not apply to this reference item.,Reference-role applicability control,Low,No evidence required
parallelism,170,,mm / deg / datum,Current source set,V7-R0/R1/RC-005,NOT_APPLICABLE,FEATURE_NOT_APPLICABLE,None,Multi-state lock engineering definition,Parameter does not apply to this reference item.,Reference-role applicability control,Low,No evidence required
alignment,170,,mm / deg / datum,Current source set,V7-R0/R1/RC-005,NOT_APPLICABLE,FEATURE_NOT_APPLICABLE,None,Multi-state lock engineering definition,Parameter does not apply to this reference item.,Reference-role applicability control,Low,No evidence required
mounting-hole locations,170,,mm / deg / datum,Current source set,V7-R0/R1/RC-005,NOT_APPLICABLE,FEATURE_NOT_APPLICABLE,None,Multi-state lock engineering definition,Parameter does not apply to this reference item.,Reference-role applicability control,Low,No evidence required
total length,180,,mm / deg / datum,Current source set,V7-R0/R1/RC-005,MISSING,RELEASED_FEATURE_NOT_FOUND,None,Rebound-control module engineering definition,No authoritative released value; any current model primitive is not automatically the required feature dimension.,Released CAD + PMI/GD&T + independent metrology,High,Controlled feature definition
total width,180,,mm / deg / datum,Current source set,V7-R0/R1/RC-005,MISSING,RELEASED_FEATURE_NOT_FOUND,None,Rebound-control module engineering definition,No authoritative released value; any current model primitive is not automatically the required feature dimension.,Released CAD + PMI/GD&T + independent metrology,High,Controlled feature definition
total height,180,,mm / deg / datum,Current source set,V7-R0/R1/RC-005,MISSING,RELEASED_FEATURE_NOT_FOUND,None,Rebound-control module engineering definition,No authoritative released value; any current model primitive is not automatically the required feature dimension.,Released CAD + PMI/GD&T + independent metrology,High,Controlled feature definition
folded/rotated envelope,180,,mm / deg / datum,Current source set,V7-R0/R1/RC-005,MISSING,RELEASED_FEATURE_NOT_FOUND,None,Rebound-control module engineering definition,No authoritative released value; any current model primitive is not automatically the required feature dimension.,Released CAD + PMI/GD&T + independent metrology,High,Controlled feature definition
section geometry,180,,mm / deg / datum,Current source set,V7-R0/R1/RC-005,MISSING,RELEASED_FEATURE_NOT_FOUND,None,Rebound-control module engineering definition,No authoritative released value; any current model primitive is not automatically the required feature dimension.,Released CAD + PMI/GD&T + independent metrology,High,Controlled feature definition
wall thickness,180,,mm / deg / datum,Current source set,V7-R0/R1/RC-005,MISSING,RELEASED_FEATURE_NOT_FOUND,None,Rebound-control module engineering definition,No authoritative released value; any current model primitive is not automatically the required feature dimension.,Released CAD + PMI/GD&T + independent metrology,High,Controlled feature definition
plate thickness,180,,mm / deg / datum,Current source set,V7-R0/R1/RC-005,MISSING,RELEASED_FEATURE_NOT_FOUND,None,Rebound-control module engineering definition,No authoritative released value; any current model primitive is not automatically the required feature dimension.,Released CAD + PMI/GD&T + independent metrology,High,Controlled feature definition
hole size,180,,mm / deg / datum,Current source set,V7-R0/R1/RC-005,MISSING,RELEASED_FEATURE_NOT_FOUND,None,Rebound-control module engineering definition,No authoritative released value; any current model primitive is not automatically the required feature dimension.,Released CAD + PMI/GD&T + independent metrology,High,Controlled feature definition
edge distance,180,,mm / deg / datum,Current source set,V7-R0/R1/RC-005,MISSING,RELEASED_FEATURE_NOT_FOUND,None,Rebound-control module engineering definition,No authoritative released value; any current model primitive is not automatically the required feature dimension.,Released CAD + PMI/GD&T + independent metrology,High,Controlled feature definition
radii,180,,mm / deg / datum,Current source set,V7-R0/R1/RC-005,MISSING,RELEASED_FEATURE_NOT_FOUND,None,Rebound-control module engineering definition,No authoritative released value; any current model primitive is not automatically the required feature dimension.,Released CAD + PMI/GD&T + independent metrology,High,Controlled feature definition
offsets,180,,mm / deg / datum,Current source set,V7-R0/R1/RC-005,MISSING,RELEASED_FEATURE_NOT_FOUND,None,Rebound-control module engineering definition,No authoritative released value; any current model primitive is not automatically the required feature dimension.,Released CAD + PMI/GD&T + independent metrology,High,Controlled feature definition
interface locations,180,,mm / deg / datum,Current source set,V7-R0/R1/RC-005,MISSING,RELEASED_FEATURE_NOT_FOUND,None,Rebound-control module engineering definition,No authoritative released value; any current model primitive is not automatically the required feature dimension.,Released CAD + PMI/GD&T + independent metrology,High,Controlled feature definition
reference datums,180,,mm / deg / datum,Current source set,V7-R0/R1/RC-005,MISSING,RELEASED_FEATURE_NOT_FOUND,None,Rebound-control module engineering definition,No authoritative released value; any current model primitive is not automatically the required feature dimension.,Released CAD + PMI/GD&T + independent metrology,High,Controlled feature definition
front edge position,180,,mm / deg / datum,Current source set,V7-R0/R1/RC-005,NOT_APPLICABLE,FEATURE_NOT_APPLICABLE,None,Rebound-control module engineering definition,Parameter does not apply to this reference item.,Reference-role applicability control,Low,No evidence required
effective cushion length,180,,mm / deg / datum,Current source set,V7-R0/R1/RC-005,NOT_APPLICABLE,FEATURE_NOT_APPLICABLE,None,Rebound-control module engineering definition,Parameter does not apply to this reference item.,Reference-role applicability control,Low,No evidence required
pelvic ramp geometry,180,,mm / deg / datum,Current source set,V7-R0/R1/RC-005,NOT_APPLICABLE,FEATURE_NOT_APPLICABLE,None,Rebound-control module engineering definition,Parameter does not apply to this reference item.,Reference-role applicability control,Low,No evidence required
anti-submarining geometry,180,,mm / deg / datum,Current source set,V7-R0/R1/RC-005,NOT_APPLICABLE,FEATURE_NOT_APPLICABLE,None,Rebound-control module engineering definition,Parameter does not apply to this reference item.,Reference-role applicability control,Low,No evidence required
cushion thickness,180,,mm / deg / datum,Current source set,V7-R0/R1/RC-005,NOT_APPLICABLE,FEATURE_NOT_APPLICABLE,None,Rebound-control module engineering definition,Parameter does not apply to this reference item.,Reference-role applicability control,Low,No evidence required
structural pan thickness,180,,mm / deg / datum,Current source set,V7-R0/R1/RC-005,NOT_APPLICABLE,FEATURE_NOT_APPLICABLE,None,Rebound-control module engineering definition,Parameter does not apply to this reference item.,Reference-role applicability control,Low,No evidence required
trim/foam envelope,180,,mm / deg / datum,Current source set,V7-R0/R1/RC-005,NOT_APPLICABLE,FEATURE_NOT_APPLICABLE,None,Rebound-control module engineering definition,Parameter does not apply to this reference item.,Reference-role applicability control,Low,No evidence required
backrest thickness,180,,mm / deg / datum,Current source set,V7-R0/R1/RC-005,NOT_APPLICABLE,FEATURE_NOT_APPLICABLE,None,Rebound-control module engineering definition,Parameter does not apply to this reference item.,Reference-role applicability control,Low,No evidence required
hinge pivot location,180,,mm / deg / datum,Current source set,V7-R0/R1/RC-005,NOT_APPLICABLE,FEATURE_NOT_APPLICABLE,None,Rebound-control module engineering definition,Parameter does not apply to this reference item.,Reference-role applicability control,Low,No evidence required
pivot axis,180,,mm / deg / datum,Current source set,V7-R0/R1/RC-005,NOT_APPLICABLE,FEATURE_NOT_APPLICABLE,None,Rebound-control module engineering definition,Parameter does not apply to this reference item.,Reference-role applicability control,Low,No evidence required
end-stop locations,180,,mm / deg / datum,Current source set,V7-R0/R1/RC-005,NOT_APPLICABLE,FEATURE_NOT_APPLICABLE,None,Rebound-control module engineering definition,Parameter does not apply to this reference item.,Reference-role applicability control,Low,No evidence required
torso support geometry,180,,mm / deg / datum,Current source set,V7-R0/R1/RC-005,NOT_APPLICABLE,FEATURE_NOT_APPLICABLE,None,Rebound-control module engineering definition,Parameter does not apply to this reference item.,Reference-role applicability control,Low,No evidence required
head-support envelope,180,,mm / deg / datum,Current source set,V7-R0/R1/RC-005,NOT_APPLICABLE,FEATURE_NOT_APPLICABLE,None,Rebound-control module engineering definition,Parameter does not apply to this reference item.,Reference-role applicability control,Low,No evidence required
link centre positions,180,,mm / deg / datum,Current source set,V7-R0/R1/RC-005,NOT_APPLICABLE,FEATURE_NOT_APPLICABLE,None,Rebound-control module engineering definition,Parameter does not apply to this reference item.,Reference-role applicability control,Low,No evidence required
rail width,180,,mm / deg / datum,Current source set,V7-R0/R1/RC-005,NOT_APPLICABLE,FEATURE_NOT_APPLICABLE,None,Rebound-control module engineering definition,Parameter does not apply to this reference item.,Reference-role applicability control,Low,No evidence required
rail height,180,,mm / deg / datum,Current source set,V7-R0/R1/RC-005,NOT_APPLICABLE,FEATURE_NOT_APPLICABLE,None,Rebound-control module engineering definition,Parameter does not apply to this reference item.,Reference-role applicability control,Low,No evidence required
runner dimensions,180,,mm / deg / datum,Current source set,V7-R0/R1/RC-005,NOT_APPLICABLE,FEATURE_NOT_APPLICABLE,None,Rebound-control module engineering definition,Parameter does not apply to this reference item.,Reference-role applicability control,Low,No evidence required
capture/retention geometry,180,,mm / deg / datum,Current source set,V7-R0/R1/RC-005,NOT_APPLICABLE,FEATURE_NOT_APPLICABLE,None,Rebound-control module engineering definition,Parameter does not apply to this reference item.,Reference-role applicability control,Low,No evidence required
parallelism,180,,mm / deg / datum,Current source set,V7-R0/R1/RC-005,NOT_APPLICABLE,FEATURE_NOT_APPLICABLE,None,Rebound-control module engineering definition,Parameter does not apply to this reference item.,Reference-role applicability control,Low,No evidence required
alignment,180,,mm / deg / datum,Current source set,V7-R0/R1/RC-005,NOT_APPLICABLE,FEATURE_NOT_APPLICABLE,None,Rebound-control module engineering definition,Parameter does not apply to this reference item.,Reference-role applicability control,Low,No evidence required
mounting-hole locations,180,,mm / deg / datum,Current source set,V7-R0/R1/RC-005,NOT_APPLICABLE,FEATURE_NOT_APPLICABLE,None,Rebound-control module engineering definition,Parameter does not apply to this reference item.,Reference-role applicability control,Low,No evidence required
total length,190,,mm / deg / datum,Current source set,V7-R0/R1/RC-005,MISSING,RELEASED_FEATURE_NOT_FOUND,None,Occupant restraint interface engineering definition,No authoritative released value; any current model primitive is not automatically the required feature dimension.,Released CAD + PMI/GD&T + independent metrology,High,Controlled feature definition
total width,190,,mm / deg / datum,Current source set,V7-R0/R1/RC-005,MISSING,RELEASED_FEATURE_NOT_FOUND,None,Occupant restraint interface engineering definition,No authoritative released value; any current model primitive is not automatically the required feature dimension.,Released CAD + PMI/GD&T + independent metrology,High,Controlled feature definition
total height,190,,mm / deg / datum,Current source set,V7-R0/R1/RC-005,MISSING,RELEASED_FEATURE_NOT_FOUND,None,Occupant restraint interface engineering definition,No authoritative released value; any current model primitive is not automatically the required feature dimension.,Released CAD + PMI/GD&T + independent metrology,High,Controlled feature definition
folded/rotated envelope,190,,mm / deg / datum,Current source set,V7-R0/R1/RC-005,MISSING,RELEASED_FEATURE_NOT_FOUND,None,Occupant restraint interface engineering definition,No authoritative released value; any current model primitive is not automatically the required feature dimension.,Released CAD + PMI/GD&T + independent metrology,High,Controlled feature definition
section geometry,190,,mm / deg / datum,Current source set,V7-R0/R1/RC-005,MISSING,RELEASED_FEATURE_NOT_FOUND,None,Occupant restraint interface engineering definition,No authoritative released value; any current model primitive is not automatically the required feature dimension.,Released CAD + PMI/GD&T + independent metrology,High,Controlled feature definition
wall thickness,190,,mm / deg / datum,Current source set,V7-R0/R1/RC-005,MISSING,RELEASED_FEATURE_NOT_FOUND,None,Occupant restraint interface engineering definition,No authoritative released value; any current model primitive is not automatically the required feature dimension.,Released CAD + PMI/GD&T + independent metrology,High,Controlled feature definition
plate thickness,190,,mm / deg / datum,Current source set,V7-R0/R1/RC-005,MISSING,RELEASED_FEATURE_NOT_FOUND,None,Occupant restraint interface engineering definition,No authoritative released value; any current model primitive is not automatically the required feature dimension.,Released CAD + PMI/GD&T + independent metrology,High,Controlled feature definition
hole size,190,,mm / deg / datum,Current source set,V7-R0/R1/RC-005,MISSING,RELEASED_FEATURE_NOT_FOUND,None,Occupant restraint interface engineering definition,No authoritative released value; any current model primitive is not automatically the required feature dimension.,Released CAD + PMI/GD&T + independent metrology,High,Controlled feature definition
edge distance,190,,mm / deg / datum,Current source set,V7-R0/R1/RC-005,MISSING,RELEASED_FEATURE_NOT_FOUND,None,Occupant restraint interface engineering definition,No authoritative released value; any current model primitive is not automatically the required feature dimension.,Released CAD + PMI/GD&T + independent metrology,High,Controlled feature definition
radii,190,,mm / deg / datum,Current source set,V7-R0/R1/RC-005,MISSING,RELEASED_FEATURE_NOT_FOUND,None,Occupant restraint interface engineering definition,No authoritative released value; any current model primitive is not automatically the required feature dimension.,Released CAD + PMI/GD&T + independent metrology,High,Controlled feature definition
offsets,190,,mm / deg / datum,Current source set,V7-R0/R1/RC-005,MISSING,RELEASED_FEATURE_NOT_FOUND,None,Occupant restraint interface engineering definition,No authoritative released value; any current model primitive is not automatically the required feature dimension.,Released CAD + PMI/GD&T + independent metrology,High,Controlled feature definition
interface locations,190,,mm / deg / datum,Current source set,V7-R0/R1/RC-005,MISSING,RELEASED_FEATURE_NOT_FOUND,None,Occupant restraint interface engineering definition,No authoritative released value; any current model primitive is not automatically the required feature dimension.,Released CAD + PMI/GD&T + independent metrology,High,Controlled feature definition
reference datums,190,,mm / deg / datum,Current source set,V7-R0/R1/RC-005,MISSING,RELEASED_FEATURE_NOT_FOUND,None,Occupant restraint interface engineering definition,No authoritative released value; any current model primitive is not automatically the required feature dimension.,Released CAD + PMI/GD&T + independent metrology,High,Controlled feature definition
front edge position,190,,mm / deg / datum,Current source set,V7-R0/R1/RC-005,NOT_APPLICABLE,FEATURE_NOT_APPLICABLE,None,Occupant restraint interface engineering definition,Parameter does not apply to this reference item.,Reference-role applicability control,Low,No evidence required
effective cushion length,190,,mm / deg / datum,Current source set,V7-R0/R1/RC-005,NOT_APPLICABLE,FEATURE_NOT_APPLICABLE,None,Occupant restraint interface engineering definition,Parameter does not apply to this reference item.,Reference-role applicability control,Low,No evidence required
pelvic ramp geometry,190,,mm / deg / datum,Current source set,V7-R0/R1/RC-005,NOT_APPLICABLE,FEATURE_NOT_APPLICABLE,None,Occupant restraint interface engineering definition,Parameter does not apply to this reference item.,Reference-role applicability control,Low,No evidence required
anti-submarining geometry,190,,mm / deg / datum,Current source set,V7-R0/R1/RC-005,NOT_APPLICABLE,FEATURE_NOT_APPLICABLE,None,Occupant restraint interface engineering definition,Parameter does not apply to this reference item.,Reference-role applicability control,Low,No evidence required
cushion thickness,190,,mm / deg / datum,Current source set,V7-R0/R1/RC-005,NOT_APPLICABLE,FEATURE_NOT_APPLICABLE,None,Occupant restraint interface engineering definition,Parameter does not apply to this reference item.,Reference-role applicability control,Low,No evidence required
structural pan thickness,190,,mm / deg / datum,Current source set,V7-R0/R1/RC-005,NOT_APPLICABLE,FEATURE_NOT_APPLICABLE,None,Occupant restraint interface engineering definition,Parameter does not apply to this reference item.,Reference-role applicability control,Low,No evidence required
trim/foam envelope,190,,mm / deg / datum,Current source set,V7-R0/R1/RC-005,NOT_APPLICABLE,FEATURE_NOT_APPLICABLE,None,Occupant restraint interface engineering definition,Parameter does not apply to this reference item.,Reference-role applicability control,Low,No evidence required
backrest thickness,190,,mm / deg / datum,Current source set,V7-R0/R1/RC-005,NOT_APPLICABLE,FEATURE_NOT_APPLICABLE,None,Occupant restraint interface engineering definition,Parameter does not apply to this reference item.,Reference-role applicability control,Low,No evidence required
hinge pivot location,190,,mm / deg / datum,Current source set,V7-R0/R1/RC-005,NOT_APPLICABLE,FEATURE_NOT_APPLICABLE,None,Occupant restraint interface engineering definition,Parameter does not apply to this reference item.,Reference-role applicability control,Low,No evidence required
pivot axis,190,,mm / deg / datum,Current source set,V7-R0/R1/RC-005,NOT_APPLICABLE,FEATURE_NOT_APPLICABLE,None,Occupant restraint interface engineering definition,Parameter does not apply to this reference item.,Reference-role applicability control,Low,No evidence required
end-stop locations,190,,mm / deg / datum,Current source set,V7-R0/R1/RC-005,NOT_APPLICABLE,FEATURE_NOT_APPLICABLE,None,Occupant restraint interface engineering definition,Parameter does not apply to this reference item.,Reference-role applicability control,Low,No evidence required
torso support geometry,190,,mm / deg / datum,Current source set,V7-R0/R1/RC-005,NOT_APPLICABLE,FEATURE_NOT_APPLICABLE,None,Occupant restraint interface engineering definition,Parameter does not apply to this reference item.,Reference-role applicability control,Low,No evidence required
head-support envelope,190,,mm / deg / datum,Current source set,V7-R0/R1/RC-005,NOT_APPLICABLE,FEATURE_NOT_APPLICABLE,None,Occupant restraint interface engineering definition,Parameter does not apply to this reference item.,Reference-role applicability control,Low,No evidence required
link centre positions,190,,mm / deg / datum,Current source set,V7-R0/R1/RC-005,NOT_APPLICABLE,FEATURE_NOT_APPLICABLE,None,Occupant restraint interface engineering definition,Parameter does not apply to this reference item.,Reference-role applicability control,Low,No evidence required
rail width,190,,mm / deg / datum,Current source set,V7-R0/R1/RC-005,NOT_APPLICABLE,FEATURE_NOT_APPLICABLE,None,Occupant restraint interface engineering definition,Parameter does not apply to this reference item.,Reference-role applicability control,Low,No evidence required
rail height,190,,mm / deg / datum,Current source set,V7-R0/R1/RC-005,NOT_APPLICABLE,FEATURE_NOT_APPLICABLE,None,Occupant restraint interface engineering definition,Parameter does not apply to this reference item.,Reference-role applicability control,Low,No evidence required
runner dimensions,190,,mm / deg / datum,Current source set,V7-R0/R1/RC-005,NOT_APPLICABLE,FEATURE_NOT_APPLICABLE,None,Occupant restraint interface engineering definition,Parameter does not apply to this reference item.,Reference-role applicability control,Low,No evidence required
capture/retention geometry,190,,mm / deg / datum,Current source set,V7-R0/R1/RC-005,NOT_APPLICABLE,FEATURE_NOT_APPLICABLE,None,Occupant restraint interface engineering definition,Parameter does not apply to this reference item.,Reference-role applicability control,Low,No evidence required
parallelism,190,,mm / deg / datum,Current source set,V7-R0/R1/RC-005,NOT_APPLICABLE,FEATURE_NOT_APPLICABLE,None,Occupant restraint interface engineering definition,Parameter does not apply to this reference item.,Reference-role applicability control,Low,No evidence required
alignment,190,,mm / deg / datum,Current source set,V7-R0/R1/RC-005,NOT_APPLICABLE,FEATURE_NOT_APPLICABLE,None,Occupant restraint interface engineering definition,Parameter does not apply to this reference item.,Reference-role applicability control,Low,No evidence required
mounting-hole locations,190,,mm / deg / datum,Current source set,V7-R0/R1/RC-005,NOT_APPLICABLE,FEATURE_NOT_APPLICABLE,None,Occupant restraint interface engineering definition,Parameter does not apply to this reference item.,Reference-role applicability control,Low,No evidence required
total length,200,,mm / deg / datum,Current source set,V7-R0/R1/RC-005,MISSING,RELEASED_FEATURE_NOT_FOUND,None,Torso/head guidance engineering definition,No authoritative released value; any current model primitive is not automatically the required feature dimension.,Released CAD + PMI/GD&T + independent metrology,High,Controlled feature definition
total width,200,,mm / deg / datum,Current source set,V7-R0/R1/RC-005,MISSING,RELEASED_FEATURE_NOT_FOUND,None,Torso/head guidance engineering definition,No authoritative released value; any current model primitive is not automatically the required feature dimension.,Released CAD + PMI/GD&T + independent metrology,High,Controlled feature definition
total height,200,,mm / deg / datum,Current source set,V7-R0/R1/RC-005,MISSING,RELEASED_FEATURE_NOT_FOUND,None,Torso/head guidance engineering definition,No authoritative released value; any current model primitive is not automatically the required feature dimension.,Released CAD + PMI/GD&T + independent metrology,High,Controlled feature definition
folded/rotated envelope,200,,mm / deg / datum,Current source set,V7-R0/R1/RC-005,MISSING,RELEASED_FEATURE_NOT_FOUND,None,Torso/head guidance engineering definition,No authoritative released value; any current model primitive is not automatically the required feature dimension.,Released CAD + PMI/GD&T + independent metrology,High,Controlled feature definition
section geometry,200,,mm / deg / datum,Current source set,V7-R0/R1/RC-005,MISSING,RELEASED_FEATURE_NOT_FOUND,None,Torso/head guidance engineering definition,No authoritative released value; any current model primitive is not automatically the required feature dimension.,Released CAD + PMI/GD&T + independent metrology,High,Controlled feature definition
wall thickness,200,,mm / deg / datum,Current source set,V7-R0/R1/RC-005,MISSING,RELEASED_FEATURE_NOT_FOUND,None,Torso/head guidance engineering definition,No authoritative released value; any current model primitive is not automatically the required feature dimension.,Released CAD + PMI/GD&T + independent metrology,High,Controlled feature definition
plate thickness,200,,mm / deg / datum,Current source set,V7-R0/R1/RC-005,MISSING,RELEASED_FEATURE_NOT_FOUND,None,Torso/head guidance engineering definition,No authoritative released value; any current model primitive is not automatically the required feature dimension.,Released CAD + PMI/GD&T + independent metrology,High,Controlled feature definition
hole size,200,,mm / deg / datum,Current source set,V7-R0/R1/RC-005,MISSING,RELEASED_FEATURE_NOT_FOUND,None,Torso/head guidance engineering definition,No authoritative released value; any current model primitive is not automatically the required feature dimension.,Released CAD + PMI/GD&T + independent metrology,High,Controlled feature definition
edge distance,200,,mm / deg / datum,Current source set,V7-R0/R1/RC-005,MISSING,RELEASED_FEATURE_NOT_FOUND,None,Torso/head guidance engineering definition,No authoritative released value; any current model primitive is not automatically the required feature dimension.,Released CAD + PMI/GD&T + independent metrology,High,Controlled feature definition
radii,200,,mm / deg / datum,Current source set,V7-R0/R1/RC-005,MISSING,RELEASED_FEATURE_NOT_FOUND,None,Torso/head guidance engineering definition,No authoritative released value; any current model primitive is not automatically the required feature dimension.,Released CAD + PMI/GD&T + independent metrology,High,Controlled feature definition
offsets,200,,mm / deg / datum,Current source set,V7-R0/R1/RC-005,MISSING,RELEASED_FEATURE_NOT_FOUND,None,Torso/head guidance engineering definition,No authoritative released value; any current model primitive is not automatically the required feature dimension.,Released CAD + PMI/GD&T + independent metrology,High,Controlled feature definition
interface locations,200,,mm / deg / datum,Current source set,V7-R0/R1/RC-005,MISSING,RELEASED_FEATURE_NOT_FOUND,None,Torso/head guidance engineering definition,No authoritative released value; any current model primitive is not automatically the required feature dimension.,Released CAD + PMI/GD&T + independent metrology,High,Controlled feature definition
reference datums,200,,mm / deg / datum,Current source set,V7-R0/R1/RC-005,MISSING,RELEASED_FEATURE_NOT_FOUND,None,Torso/head guidance engineering definition,No authoritative released value; any current model primitive is not automatically the required feature dimension.,Released CAD + PMI/GD&T + independent metrology,High,Controlled feature definition
front edge position,200,,mm / deg / datum,Current source set,V7-R0/R1/RC-005,NOT_APPLICABLE,FEATURE_NOT_APPLICABLE,None,Torso/head guidance engineering definition,Parameter does not apply to this reference item.,Reference-role applicability control,Low,No evidence required
effective cushion length,200,,mm / deg / datum,Current source set,V7-R0/R1/RC-005,NOT_APPLICABLE,FEATURE_NOT_APPLICABLE,None,Torso/head guidance engineering definition,Parameter does not apply to this reference item.,Reference-role applicability control,Low,No evidence required
pelvic ramp geometry,200,,mm / deg / datum,Current source set,V7-R0/R1/RC-005,NOT_APPLICABLE,FEATURE_NOT_APPLICABLE,None,Torso/head guidance engineering definition,Parameter does not apply to this reference item.,Reference-role applicability control,Low,No evidence required
anti-submarining geometry,200,,mm / deg / datum,Current source set,V7-R0/R1/RC-005,NOT_APPLICABLE,FEATURE_NOT_APPLICABLE,None,Torso/head guidance engineering definition,Parameter does not apply to this reference item.,Reference-role applicability control,Low,No evidence required
cushion thickness,200,,mm / deg / datum,Current source set,V7-R0/R1/RC-005,NOT_APPLICABLE,FEATURE_NOT_APPLICABLE,None,Torso/head guidance engineering definition,Parameter does not apply to this reference item.,Reference-role applicability control,Low,No evidence required
structural pan thickness,200,,mm / deg / datum,Current source set,V7-R0/R1/RC-005,NOT_APPLICABLE,FEATURE_NOT_APPLICABLE,None,Torso/head guidance engineering definition,Parameter does not apply to this reference item.,Reference-role applicability control,Low,No evidence required
trim/foam envelope,200,,mm / deg / datum,Current source set,V7-R0/R1/RC-005,NOT_APPLICABLE,FEATURE_NOT_APPLICABLE,None,Torso/head guidance engineering definition,Parameter does not apply to this reference item.,Reference-role applicability control,Low,No evidence required
backrest thickness,200,,mm / deg / datum,Current source set,V7-R0/R1/RC-005,NOT_APPLICABLE,FEATURE_NOT_APPLICABLE,None,Torso/head guidance engineering definition,Parameter does not apply to this reference item.,Reference-role applicability control,Low,No evidence required
hinge pivot location,200,,mm / deg / datum,Current source set,V7-R0/R1/RC-005,NOT_APPLICABLE,FEATURE_NOT_APPLICABLE,None,Torso/head guidance engineering definition,Parameter does not apply to this reference item.,Reference-role applicability control,Low,No evidence required
pivot axis,200,,mm / deg / datum,Current source set,V7-R0/R1/RC-005,NOT_APPLICABLE,FEATURE_NOT_APPLICABLE,None,Torso/head guidance engineering definition,Parameter does not apply to this reference item.,Reference-role applicability control,Low,No evidence required
end-stop locations,200,,mm / deg / datum,Current source set,V7-R0/R1/RC-005,NOT_APPLICABLE,FEATURE_NOT_APPLICABLE,None,Torso/head guidance engineering definition,Parameter does not apply to this reference item.,Reference-role applicability control,Low,No evidence required
torso support geometry,200,,mm / deg / datum,Current source set,V7-R0/R1/RC-005,NOT_APPLICABLE,FEATURE_NOT_APPLICABLE,None,Torso/head guidance engineering definition,Parameter does not apply to this reference item.,Reference-role applicability control,Low,No evidence required
head-support envelope,200,,mm / deg / datum,Current source set,V7-R0/R1/RC-005,NOT_APPLICABLE,FEATURE_NOT_APPLICABLE,None,Torso/head guidance engineering definition,Parameter does not apply to this reference item.,Reference-role applicability control,Low,No evidence required
link centre positions,200,,mm / deg / datum,Current source set,V7-R0/R1/RC-005,NOT_APPLICABLE,FEATURE_NOT_APPLICABLE,None,Torso/head guidance engineering definition,Parameter does not apply to this reference item.,Reference-role applicability control,Low,No evidence required
rail width,200,,mm / deg / datum,Current source set,V7-R0/R1/RC-005,NOT_APPLICABLE,FEATURE_NOT_APPLICABLE,None,Torso/head guidance engineering definition,Parameter does not apply to this reference item.,Reference-role applicability control,Low,No evidence required
rail height,200,,mm / deg / datum,Current source set,V7-R0/R1/RC-005,NOT_APPLICABLE,FEATURE_NOT_APPLICABLE,None,Torso/head guidance engineering definition,Parameter does not apply to this reference item.,Reference-role applicability control,Low,No evidence required
runner dimensions,200,,mm / deg / datum,Current source set,V7-R0/R1/RC-005,NOT_APPLICABLE,FEATURE_NOT_APPLICABLE,None,Torso/head guidance engineering definition,Parameter does not apply to this reference item.,Reference-role applicability control,Low,No evidence required
capture/retention geometry,200,,mm / deg / datum,Current source set,V7-R0/R1/RC-005,NOT_APPLICABLE,FEATURE_NOT_APPLICABLE,None,Torso/head guidance engineering definition,Parameter does not apply to this reference item.,Reference-role applicability control,Low,No evidence required
parallelism,200,,mm / deg / datum,Current source set,V7-R0/R1/RC-005,NOT_APPLICABLE,FEATURE_NOT_APPLICABLE,None,Torso/head guidance engineering definition,Parameter does not apply to this reference item.,Reference-role applicability control,Low,No evidence required
alignment,200,,mm / deg / datum,Current source set,V7-R0/R1/RC-005,NOT_APPLICABLE,FEATURE_NOT_APPLICABLE,None,Torso/head guidance engineering definition,Parameter does not apply to this reference item.,Reference-role applicability control,Low,No evidence required
mounting-hole locations,200,,mm / deg / datum,Current source set,V7-R0/R1/RC-005,NOT_APPLICABLE,FEATURE_NOT_APPLICABLE,None,Torso/head guidance engineering definition,Parameter does not apply to this reference item.,Reference-role applicability control,Low,No evidence required
total length,210,,mm / deg / datum,Current source set,V7-R0/R1/RC-005,MISSING,RELEASED_FEATURE_NOT_FOUND,None,Sensor/trigger interface engineering definition,No authoritative released value; any current model primitive is not automatically the required feature dimension.,Released CAD + PMI/GD&T + independent metrology,High,Controlled feature definition
total width,210,,mm / deg / datum,Current source set,V7-R0/R1/RC-005,MISSING,RELEASED_FEATURE_NOT_FOUND,None,Sensor/trigger interface engineering definition,No authoritative released value; any current model primitive is not automatically the required feature dimension.,Released CAD + PMI/GD&T + independent metrology,High,Controlled feature definition
total height,210,,mm / deg / datum,Current source set,V7-R0/R1/RC-005,MISSING,RELEASED_FEATURE_NOT_FOUND,None,Sensor/trigger interface engineering definition,No authoritative released value; any current model primitive is not automatically the required feature dimension.,Released CAD + PMI/GD&T + independent metrology,High,Controlled feature definition
folded/rotated envelope,210,,mm / deg / datum,Current source set,V7-R0/R1/RC-005,MISSING,RELEASED_FEATURE_NOT_FOUND,None,Sensor/trigger interface engineering definition,No authoritative released value; any current model primitive is not automatically the required feature dimension.,Released CAD + PMI/GD&T + independent metrology,High,Controlled feature definition
section geometry,210,,mm / deg / datum,Current source set,V7-R0/R1/RC-005,MISSING,RELEASED_FEATURE_NOT_FOUND,None,Sensor/trigger interface engineering definition,No authoritative released value; any current model primitive is not automatically the required feature dimension.,Released CAD + PMI/GD&T + independent metrology,High,Controlled feature definition
wall thickness,210,,mm / deg / datum,Current source set,V7-R0/R1/RC-005,MISSING,RELEASED_FEATURE_NOT_FOUND,None,Sensor/trigger interface engineering definition,No authoritative released value; any current model primitive is not automatically the required feature dimension.,Released CAD + PMI/GD&T + independent metrology,High,Controlled feature definition
plate thickness,210,,mm / deg / datum,Current source set,V7-R0/R1/RC-005,MISSING,RELEASED_FEATURE_NOT_FOUND,None,Sensor/trigger interface engineering definition,No authoritative released value; any current model primitive is not automatically the required feature dimension.,Released CAD + PMI/GD&T + independent metrology,High,Controlled feature definition
hole size,210,,mm / deg / datum,Current source set,V7-R0/R1/RC-005,MISSING,RELEASED_FEATURE_NOT_FOUND,None,Sensor/trigger interface engineering definition,No authoritative released value; any current model primitive is not automatically the required feature dimension.,Released CAD + PMI/GD&T + independent metrology,High,Controlled feature definition
edge distance,210,,mm / deg / datum,Current source set,V7-R0/R1/RC-005,MISSING,RELEASED_FEATURE_NOT_FOUND,None,Sensor/trigger interface engineering definition,No authoritative released value; any current model primitive is not automatically the required feature dimension.,Released CAD + PMI/GD&T + independent metrology,High,Controlled feature definition
radii,210,,mm / deg / datum,Current source set,V7-R0/R1/RC-005,MISSING,RELEASED_FEATURE_NOT_FOUND,None,Sensor/trigger interface engineering definition,No authoritative released value; any current model primitive is not automatically the required feature dimension.,Released CAD + PMI/GD&T + independent metrology,High,Controlled feature definition
offsets,210,,mm / deg / datum,Current source set,V7-R0/R1/RC-005,MISSING,RELEASED_FEATURE_NOT_FOUND,None,Sensor/trigger interface engineering definition,No authoritative released value; any current model primitive is not automatically the required feature dimension.,Released CAD + PMI/GD&T + independent metrology,High,Controlled feature definition
interface locations,210,,mm / deg / datum,Current source set,V7-R0/R1/RC-005,MISSING,RELEASED_FEATURE_NOT_FOUND,None,Sensor/trigger interface engineering definition,No authoritative released value; any current model primitive is not automatically the required feature dimension.,Released CAD + PMI/GD&T + independent metrology,High,Controlled feature definition
reference datums,210,,mm / deg / datum,Current source set,V7-R0/R1/RC-005,MISSING,RELEASED_FEATURE_NOT_FOUND,None,Sensor/trigger interface engineering definition,No authoritative released value; any current model primitive is not automatically the required feature dimension.,Released CAD + PMI/GD&T + independent metrology,High,Controlled feature definition
front edge position,210,,mm / deg / datum,Current source set,V7-R0/R1/RC-005,NOT_APPLICABLE,FEATURE_NOT_APPLICABLE,None,Sensor/trigger interface engineering definition,Parameter does not apply to this reference item.,Reference-role applicability control,Low,No evidence required
effective cushion length,210,,mm / deg / datum,Current source set,V7-R0/R1/RC-005,NOT_APPLICABLE,FEATURE_NOT_APPLICABLE,None,Sensor/trigger interface engineering definition,Parameter does not apply to this reference item.,Reference-role applicability control,Low,No evidence required
pelvic ramp geometry,210,,mm / deg / datum,Current source set,V7-R0/R1/RC-005,NOT_APPLICABLE,FEATURE_NOT_APPLICABLE,None,Sensor/trigger interface engineering definition,Parameter does not apply to this reference item.,Reference-role applicability control,Low,No evidence required
anti-submarining geometry,210,,mm / deg / datum,Current source set,V7-R0/R1/RC-005,NOT_APPLICABLE,FEATURE_NOT_APPLICABLE,None,Sensor/trigger interface engineering definition,Parameter does not apply to this reference item.,Reference-role applicability control,Low,No evidence required
cushion thickness,210,,mm / deg / datum,Current source set,V7-R0/R1/RC-005,NOT_APPLICABLE,FEATURE_NOT_APPLICABLE,None,Sensor/trigger interface engineering definition,Parameter does not apply to this reference item.,Reference-role applicability control,Low,No evidence required
structural pan thickness,210,,mm / deg / datum,Current source set,V7-R0/R1/RC-005,NOT_APPLICABLE,FEATURE_NOT_APPLICABLE,None,Sensor/trigger interface engineering definition,Parameter does not apply to this reference item.,Reference-role applicability control,Low,No evidence required
trim/foam envelope,210,,mm / deg / datum,Current source set,V7-R0/R1/RC-005,NOT_APPLICABLE,FEATURE_NOT_APPLICABLE,None,Sensor/trigger interface engineering definition,Parameter does not apply to this reference item.,Reference-role applicability control,Low,No evidence required
backrest thickness,210,,mm / deg / datum,Current source set,V7-R0/R1/RC-005,NOT_APPLICABLE,FEATURE_NOT_APPLICABLE,None,Sensor/trigger interface engineering definition,Parameter does not apply to this reference item.,Reference-role applicability control,Low,No evidence required
hinge pivot location,210,,mm / deg / datum,Current source set,V7-R0/R1/RC-005,NOT_APPLICABLE,FEATURE_NOT_APPLICABLE,None,Sensor/trigger interface engineering definition,Parameter does not apply to this reference item.,Reference-role applicability control,Low,No evidence required
pivot axis,210,,mm / deg / datum,Current source set,V7-R0/R1/RC-005,NOT_APPLICABLE,FEATURE_NOT_APPLICABLE,None,Sensor/trigger interface engineering definition,Parameter does not apply to this reference item.,Reference-role applicability control,Low,No evidence required
end-stop locations,210,,mm / deg / datum,Current source set,V7-R0/R1/RC-005,NOT_APPLICABLE,FEATURE_NOT_APPLICABLE,None,Sensor/trigger interface engineering definition,Parameter does not apply to this reference item.,Reference-role applicability control,Low,No evidence required
torso support geometry,210,,mm / deg / datum,Current source set,V7-R0/R1/RC-005,NOT_APPLICABLE,FEATURE_NOT_APPLICABLE,None,Sensor/trigger interface engineering definition,Parameter does not apply to this reference item.,Reference-role applicability control,Low,No evidence required
head-support envelope,210,,mm / deg / datum,Current source set,V7-R0/R1/RC-005,NOT_APPLICABLE,FEATURE_NOT_APPLICABLE,None,Sensor/trigger interface engineering definition,Parameter does not apply to this reference item.,Reference-role applicability control,Low,No evidence required
link centre positions,210,,mm / deg / datum,Current source set,V7-R0/R1/RC-005,NOT_APPLICABLE,FEATURE_NOT_APPLICABLE,None,Sensor/trigger interface engineering definition,Parameter does not apply to this reference item.,Reference-role applicability control,Low,No evidence required
rail width,210,,mm / deg / datum,Current source set,V7-R0/R1/RC-005,NOT_APPLICABLE,FEATURE_NOT_APPLICABLE,None,Sensor/trigger interface engineering definition,Parameter does not apply to this reference item.,Reference-role applicability control,Low,No evidence required
rail height,210,,mm / deg / datum,Current source set,V7-R0/R1/RC-005,NOT_APPLICABLE,FEATURE_NOT_APPLICABLE,None,Sensor/trigger interface engineering definition,Parameter does not apply to this reference item.,Reference-role applicability control,Low,No evidence required
runner dimensions,210,,mm / deg / datum,Current source set,V7-R0/R1/RC-005,NOT_APPLICABLE,FEATURE_NOT_APPLICABLE,None,Sensor/trigger interface engineering definition,Parameter does not apply to this reference item.,Reference-role applicability control,Low,No evidence required
capture/retention geometry,210,,mm / deg / datum,Current source set,V7-R0/R1/RC-005,NOT_APPLICABLE,FEATURE_NOT_APPLICABLE,None,Sensor/trigger interface engineering definition,Parameter does not apply to this reference item.,Reference-role applicability control,Low,No evidence required
parallelism,210,,mm / deg / datum,Current source set,V7-R0/R1/RC-005,NOT_APPLICABLE,FEATURE_NOT_APPLICABLE,None,Sensor/trigger interface engineering definition,Parameter does not apply to this reference item.,Reference-role applicability control,Low,No evidence required
alignment,210,,mm / deg / datum,Current source set,V7-R0/R1/RC-005,NOT_APPLICABLE,FEATURE_NOT_APPLICABLE,None,Sensor/trigger interface engineering definition,Parameter does not apply to this reference item.,Reference-role applicability control,Low,No evidence required
mounting-hole locations,210,,mm / deg / datum,Current source set,V7-R0/R1/RC-005,NOT_APPLICABLE,FEATURE_NOT_APPLICABLE,None,Sensor/trigger interface engineering definition,Parameter does not apply to this reference item.,Reference-role applicability control,Low,No evidence required
total length,J,,mm / deg / datum,Current source set,V7-R0/R1/RC-005,MISSING,RELEASED_FEATURE_NOT_FOUND,None,Hinge/pivot/joint hardware engineering definition,No authoritative released value; any current model primitive is not automatically the required feature dimension.,Released CAD + PMI/GD&T + independent metrology,High,Controlled feature definition
total width,J,,mm / deg / datum,Current source set,V7-R0/R1/RC-005,MISSING,RELEASED_FEATURE_NOT_FOUND,None,Hinge/pivot/joint hardware engineering definition,No authoritative released value; any current model primitive is not automatically the required feature dimension.,Released CAD + PMI/GD&T + independent metrology,High,Controlled feature definition
total height,J,,mm / deg / datum,Current source set,V7-R0/R1/RC-005,MISSING,RELEASED_FEATURE_NOT_FOUND,None,Hinge/pivot/joint hardware engineering definition,No authoritative released value; any current model primitive is not automatically the required feature dimension.,Released CAD + PMI/GD&T + independent metrology,High,Controlled feature definition
folded/rotated envelope,J,,mm / deg / datum,Current source set,V7-R0/R1/RC-005,MISSING,RELEASED_FEATURE_NOT_FOUND,None,Hinge/pivot/joint hardware engineering definition,No authoritative released value; any current model primitive is not automatically the required feature dimension.,Released CAD + PMI/GD&T + independent metrology,High,Controlled feature definition
section geometry,J,,mm / deg / datum,Current source set,V7-R0/R1/RC-005,MISSING,RELEASED_FEATURE_NOT_FOUND,None,Hinge/pivot/joint hardware engineering definition,No authoritative released value; any current model primitive is not automatically the required feature dimension.,Released CAD + PMI/GD&T + independent metrology,High,Controlled feature definition
wall thickness,J,,mm / deg / datum,Current source set,V7-R0/R1/RC-005,MISSING,RELEASED_FEATURE_NOT_FOUND,None,Hinge/pivot/joint hardware engineering definition,No authoritative released value; any current model primitive is not automatically the required feature dimension.,Released CAD + PMI/GD&T + independent metrology,High,Controlled feature definition
plate thickness,J,,mm / deg / datum,Current source set,V7-R0/R1/RC-005,MISSING,RELEASED_FEATURE_NOT_FOUND,None,Hinge/pivot/joint hardware engineering definition,No authoritative released value; any current model primitive is not automatically the required feature dimension.,Released CAD + PMI/GD&T + independent metrology,High,Controlled feature definition
hole size,J,,mm / deg / datum,Current source set,V7-R0/R1/RC-005,MISSING,RELEASED_FEATURE_NOT_FOUND,None,Hinge/pivot/joint hardware engineering definition,No authoritative released value; any current model primitive is not automatically the required feature dimension.,Released CAD + PMI/GD&T + independent metrology,High,Controlled feature definition
edge distance,J,,mm / deg / datum,Current source set,V7-R0/R1/RC-005,MISSING,RELEASED_FEATURE_NOT_FOUND,None,Hinge/pivot/joint hardware engineering definition,No authoritative released value; any current model primitive is not automatically the required feature dimension.,Released CAD + PMI/GD&T + independent metrology,High,Controlled feature definition
radii,J,,mm / deg / datum,Current source set,V7-R0/R1/RC-005,MISSING,RELEASED_FEATURE_NOT_FOUND,None,Hinge/pivot/joint hardware engineering definition,No authoritative released value; any current model primitive is not automatically the required feature dimension.,Released CAD + PMI/GD&T + independent metrology,High,Controlled feature definition
offsets,J,,mm / deg / datum,Current source set,V7-R0/R1/RC-005,MISSING,RELEASED_FEATURE_NOT_FOUND,None,Hinge/pivot/joint hardware engineering definition,No authoritative released value; any current model primitive is not automatically the required feature dimension.,Released CAD + PMI/GD&T + independent metrology,High,Controlled feature definition
interface locations,J,,mm / deg / datum,Current source set,V7-R0/R1/RC-005,MISSING,RELEASED_FEATURE_NOT_FOUND,None,Hinge/pivot/joint hardware engineering definition,No authoritative released value; any current model primitive is not automatically the required feature dimension.,Released CAD + PMI/GD&T + independent metrology,High,Controlled feature definition
reference datums,J,,mm / deg / datum,Current source set,V7-R0/R1/RC-005,MISSING,RELEASED_FEATURE_NOT_FOUND,None,Hinge/pivot/joint hardware engineering definition,No authoritative released value; any current model primitive is not automatically the required feature dimension.,Released CAD + PMI/GD&T + independent metrology,High,Controlled feature definition
front edge position,J,,mm / deg / datum,Current source set,V7-R0/R1/RC-005,NOT_APPLICABLE,FEATURE_NOT_APPLICABLE,None,Hinge/pivot/joint hardware engineering definition,Parameter does not apply to this reference item.,Reference-role applicability control,Low,No evidence required
effective cushion length,J,,mm / deg / datum,Current source set,V7-R0/R1/RC-005,NOT_APPLICABLE,FEATURE_NOT_APPLICABLE,None,Hinge/pivot/joint hardware engineering definition,Parameter does not apply to this reference item.,Reference-role applicability control,Low,No evidence required
pelvic ramp geometry,J,,mm / deg / datum,Current source set,V7-R0/R1/RC-005,NOT_APPLICABLE,FEATURE_NOT_APPLICABLE,None,Hinge/pivot/joint hardware engineering definition,Parameter does not apply to this reference item.,Reference-role applicability control,Low,No evidence required
anti-submarining geometry,J,,mm / deg / datum,Current source set,V7-R0/R1/RC-005,NOT_APPLICABLE,FEATURE_NOT_APPLICABLE,None,Hinge/pivot/joint hardware engineering definition,Parameter does not apply to this reference item.,Reference-role applicability control,Low,No evidence required
cushion thickness,J,,mm / deg / datum,Current source set,V7-R0/R1/RC-005,NOT_APPLICABLE,FEATURE_NOT_APPLICABLE,None,Hinge/pivot/joint hardware engineering definition,Parameter does not apply to this reference item.,Reference-role applicability control,Low,No evidence required
structural pan thickness,J,,mm / deg / datum,Current source set,V7-R0/R1/RC-005,NOT_APPLICABLE,FEATURE_NOT_APPLICABLE,None,Hinge/pivot/joint hardware engineering definition,Parameter does not apply to this reference item.,Reference-role applicability control,Low,No evidence required
trim/foam envelope,J,,mm / deg / datum,Current source set,V7-R0/R1/RC-005,NOT_APPLICABLE,FEATURE_NOT_APPLICABLE,None,Hinge/pivot/joint hardware engineering definition,Parameter does not apply to this reference item.,Reference-role applicability control,Low,No evidence required
backrest thickness,J,,mm / deg / datum,Current source set,V7-R0/R1/RC-005,MISSING,RELEASED_FEATURE_NOT_FOUND,None,Hinge/pivot/joint hardware engineering definition,No authoritative released value; any current model primitive is not automatically the required feature dimension.,Released CAD + PMI/GD&T + independent metrology,High,Controlled feature definition
hinge pivot location,J,,mm / deg / datum,Current source set,V7-R0/R1/RC-005,MISSING,RELEASED_FEATURE_NOT_FOUND,None,Hinge/pivot/joint hardware engineering definition,No authoritative released value; any current model primitive is not automatically the required feature dimension.,Released CAD + PMI/GD&T + independent metrology,High,Controlled feature definition
pivot axis,J,,mm / deg / datum,Current source set,V7-R0/R1/RC-005,MISSING,RELEASED_FEATURE_NOT_FOUND,None,Hinge/pivot/joint hardware engineering definition,No authoritative released value; any current model primitive is not automatically the required feature dimension.,Released CAD + PMI/GD&T + independent metrology,High,Controlled feature definition
end-stop locations,J,,mm / deg / datum,Current source set,V7-R0/R1/RC-005,MISSING,RELEASED_FEATURE_NOT_FOUND,None,Hinge/pivot/joint hardware engineering definition,No authoritative released value; any current model primitive is not automatically the required feature dimension.,Released CAD + PMI/GD&T + independent metrology,High,Controlled feature definition
torso support geometry,J,,mm / deg / datum,Current source set,V7-R0/R1/RC-005,MISSING,RELEASED_FEATURE_NOT_FOUND,None,Hinge/pivot/joint hardware engineering definition,No authoritative released value; any current model primitive is not automatically the required feature dimension.,Released CAD + PMI/GD&T + independent metrology,High,Controlled feature definition
head-support envelope,J,,mm / deg / datum,Current source set,V7-R0/R1/RC-005,MISSING,RELEASED_FEATURE_NOT_FOUND,None,Hinge/pivot/joint hardware engineering definition,No authoritative released value; any current model primitive is not automatically the required feature dimension.,Released CAD + PMI/GD&T + independent metrology,High,Controlled feature definition
link centre positions,J,,mm / deg / datum,Current source set,V7-R0/R1/RC-005,MISSING,RELEASED_FEATURE_NOT_FOUND,None,Hinge/pivot/joint hardware engineering definition,No authoritative released value; any current model primitive is not automatically the required feature dimension.,Released CAD + PMI/GD&T + independent metrology,High,Controlled feature definition
rail width,J,,mm / deg / datum,Current source set,V7-R0/R1/RC-005,NOT_APPLICABLE,FEATURE_NOT_APPLICABLE,None,Hinge/pivot/joint hardware engineering definition,Parameter does not apply to this reference item.,Reference-role applicability control,Low,No evidence required
rail height,J,,mm / deg / datum,Current source set,V7-R0/R1/RC-005,NOT_APPLICABLE,FEATURE_NOT_APPLICABLE,None,Hinge/pivot/joint hardware engineering definition,Parameter does not apply to this reference item.,Reference-role applicability control,Low,No evidence required
runner dimensions,J,,mm / deg / datum,Current source set,V7-R0/R1/RC-005,NOT_APPLICABLE,FEATURE_NOT_APPLICABLE,None,Hinge/pivot/joint hardware engineering definition,Parameter does not apply to this reference item.,Reference-role applicability control,Low,No evidence required
capture/retention geometry,J,,mm / deg / datum,Current source set,V7-R0/R1/RC-005,NOT_APPLICABLE,FEATURE_NOT_APPLICABLE,None,Hinge/pivot/joint hardware engineering definition,Parameter does not apply to this reference item.,Reference-role applicability control,Low,No evidence required
parallelism,J,,mm / deg / datum,Current source set,V7-R0/R1/RC-005,NOT_APPLICABLE,FEATURE_NOT_APPLICABLE,None,Hinge/pivot/joint hardware engineering definition,Parameter does not apply to this reference item.,Reference-role applicability control,Low,No evidence required
alignment,J,,mm / deg / datum,Current source set,V7-R0/R1/RC-005,NOT_APPLICABLE,FEATURE_NOT_APPLICABLE,None,Hinge/pivot/joint hardware engineering definition,Parameter does not apply to this reference item.,Reference-role applicability control,Low,No evidence required
mounting-hole locations,J,,mm / deg / datum,Current source set,V7-R0/R1/RC-005,NOT_APPLICABLE,FEATURE_NOT_APPLICABLE,None,Hinge/pivot/joint hardware engineering definition,Parameter does not apply to this reference item.,Reference-role applicability control,Low,No evidence required
Disclosure boundary — Vehicle-specific datum/hardpoints,SYSTEM,,project fact boundary,V7/V6 + current registers,V7/V6/RC-005,OEM_INPUT_REQUIRED,DISCLOSURE_BOUNDARY,High,Prevent false promotion,Must not be externally represented as established project fact without the corresponding evidence gate.,Controlled evidence package,Critical,Evidence closure before promotion
Disclosure boundary — H/R points,SYSTEM,,project fact boundary,V7/V6 + current registers,V7/V6/RC-005,OEM_INPUT_REQUIRED,DISCLOSURE_BOUNDARY,High,Prevent false promotion,Must not be externally represented as established project fact without the corresponding evidence gate.,Controlled evidence package,Critical,Evidence closure before promotion
Disclosure boundary — restraint anchor coordinates,SYSTEM,,project fact boundary,V7/V6 + current registers,V7/V6/RC-005,OEM_INPUT_REQUIRED,DISCLOSURE_BOUNDARY,High,Prevent false promotion,Must not be externally represented as established project fact without the corresponding evidence gate.,Controlled evidence package,Critical,Evidence closure before promotion
Disclosure boundary — material assignments,SYSTEM,,project fact boundary,V7/V6 + current registers,V7/V6/RC-005,SUPPLIER_INPUT_REQUIRED,DISCLOSURE_BOUNDARY,High,Prevent false promotion,Must not be externally represented as established project fact without the corresponding evidence gate.,Controlled evidence package,Critical,Evidence closure before promotion
Disclosure boundary — fastener assignments,SYSTEM,,project fact boundary,V7/V6 + current registers,V7/V6/RC-005,SUPPLIER_INPUT_REQUIRED,DISCLOSURE_BOUNDARY,High,Prevent false promotion,Must not be externally represented as established project fact without the corresponding evidence gate.,Controlled evidence package,Critical,Evidence closure before promotion
Disclosure boundary — absorber physical law,SYSTEM,,project fact boundary,V7/V6 + current registers,V7/V6/RC-005,TEST_REQUIRED,DISCLOSURE_BOUNDARY,High,Prevent false promotion,Must not be externally represented as established project fact without the corresponding evidence gate.,Controlled evidence package,Critical,Evidence closure before promotion
Disclosure boundary — lock physical law/fault behavior,SYSTEM,,project fact boundary,V7/V6 + current registers,V7/V6/RC-005,TEST_REQUIRED,DISCLOSURE_BOUNDARY,High,Prevent false promotion,Must not be externally represented as established project fact without the corresponding evidence gate.,Controlled evidence package,Critical,Evidence closure before promotion
Disclosure boundary — rebound physical law,SYSTEM,,project fact boundary,V7/V6 + current registers,V7/V6/RC-005,TEST_REQUIRED,DISCLOSURE_BOUNDARY,High,Prevent false promotion,Must not be externally represented as established project fact without the corresponding evidence gate.,Controlled evidence package,Critical,Evidence closure before promotion
Disclosure boundary — CAE outputs,SYSTEM,,project fact boundary,V7/V6 + current registers,V7/V6/RC-005,CAE_REQUIRED,DISCLOSURE_BOUNDARY,High,Prevent false promotion,Must not be externally represented as established project fact without the corresponding evidence gate.,Controlled evidence package,Critical,Evidence closure before promotion
Disclosure boundary — crash results,SYSTEM,,project fact boundary,V7/V6 + current registers,V7/V6/RC-005,TEST_REQUIRED,DISCLOSURE_BOUNDARY,High,Prevent false promotion,Must not be externally represented as established project fact without the corresponding evidence gate.,Controlled evidence package,Critical,Evidence closure before promotion
Disclosure boundary — manufacturing release data,SYSTEM,,project fact boundary,V7/V6 + current registers,V7/V6/RC-005,MISSING,DISCLOSURE_BOUNDARY,High,Prevent false promotion,Must not be externally represented as established project fact without the corresponding evidence gate.,Controlled evidence package,Critical,Evidence closure before promotion
